Data Till,Scheme,Component,TrainingType,TCState,TCDistrict,Enrolled,Trained,Assessed,Certified,Reported Placed
21-04-2022,PMKVY 2.0,CSCM,RPL,Andaman And Nicobar Islands,Nicobars,46,46,46,46,0
21-04-2022,PMKVY 2.0,CSCM,RPL,Andaman And Nicobar Islands,South Andamans,10,10,6,6,0
21-04-2022,PMKVY 2.0,CSCM,STT,Andaman And Nicobar Islands,Nicobars,120,120,120,108,0
21-04-2022,PMKVY 2.0,CSSM,STT,Andaman And Nicobar Islands,Nicobars,156,156,78,57,0
21-04-2022,PMKVY 2.0,CSCM,STT,Andaman And Nicobar Islands,North And Middle Andaman,1041,870,861,839,124
21-04-2022,PMKVY 2.0,CSSM,STT,Andaman And Nicobar Islands,North And Middle Andaman,171,171,84,73,0
21-04-2022,PMKVY 2.0,CSCM,STT,Andaman And Nicobar Islands,South Andamans,581,510,488,453,0
21-04-2022,PMKVY 2.0,CSSM,STT,Andaman And Nicobar Islands,South Andamans,932,914,617,440,0
21-04-2022,PMKVY 3.0,CSCM,RPL,Andaman And Nicobar Islands,South Andamans,4,4,4,4,0
21-04-2022,PMKVY 3.0,CSSM,RPL,Andaman And Nicobar Islands,South Andamans,601,600,29,24,0
21-04-2022,PMKVY 3.0,CSCM,STT,Andaman And Nicobar Islands,Nicobars,25,0,0,0,0
21-04-2022,PMKVY 3.0,CSSM,STT,Andaman And Nicobar Islands,North And Middle Andaman,17,17,17,12,0
21-04-2022,PMKVY 3.0,CSSM,STT,Andaman And Nicobar Islands,South Andamans,130,130,65,58,0
21-04-2022,PMKVY 3.0,CSCM,STT,Andaman And Nicobar Islands,South Andamans,147,0,0,0,0
21-04-2022,PMKVY 2.0,CSCM,RPL,Andhra Pradesh,Anantapur,19482,19342,16938,16597,0
21-04-2022,PMKVY 2.0,CSCM,RPL,Andhra Pradesh,Chittoor,16484,16341,14573,14093,0
21-04-2022,PMKVY 2.0,CSCM,RPL,Andhra Pradesh,East Godavari,10445,10332,9577,9305,0
21-04-2022,PMKVY 2.0,CSCM,RPL,Andhra Pradesh,Guntur,11898,11786,9722,9290,0
21-04-2022,PMKVY 2.0,CSCM,RPL,Andhra Pradesh,Krishna,13463,13206,12570,12301,0
21-04-2022,PMKVY 2.0,CSCM,RPL,Andhra Pradesh,Kurnool,12214,12008,10733,10503,0
21-04-2022,PMKVY 2.0,CSCM,RPL,Andhra Pradesh,Prakasam,5200,5030,4021,3663,0
21-04-2022,PMKVY 2.0,CSCM,RPL,Andhra Pradesh,Spsr Nellore,3929,3860,3188,2657,0
21-04-2022,PMKVY 2.0,CSCM,RPL,Andhra Pradesh,Srikakulam,3081,2924,2586,2466,0
21-04-2022,PMKVY 2.0,CSCM,RPL,Andhra Pradesh,Visakhapatanam,17095,16946,14749,14460,0
21-04-2022,PMKVY 2.0,CSCM,RPL,Andhra Pradesh,Vizianagaram,4517,4489,4296,4259,0
21-04-2022,PMKVY 2.0,CSCM,RPL,Andhra Pradesh,West Godavari,11782,11697,11351,11203,0
21-04-2022,PMKVY 2.0,CSCM,RPL,Andhra Pradesh,Y.S.R,6377,6376,4413,4359,0
21-04-2022,PMKVY 2.0,CSCM,SP,Andhra Pradesh,Anantapur,149,149,146,143,104
21-04-2022,PMKVY 2.0,CSCM,SP,Andhra Pradesh,Chittoor,11,0,0,0,0
21-04-2022,PMKVY 2.0,CSCM,SP,Andhra Pradesh,East Godavari,1261,1242,1153,1055,620
21-04-2022,PMKVY 2.0,CSCM,SP,Andhra Pradesh,Guntur,455,403,351,340,126
21-04-2022,PMKVY 2.0,CSCM,SP,Andhra Pradesh,Krishna,641,624,524,477,321
21-04-2022,PMKVY 2.0,CSCM,SP,Andhra Pradesh,Kurnool,21,21,21,21,17
21-04-2022,PMKVY 2.0,CSCM,SP,Andhra Pradesh,Prakasam,81,61,50,47,38
21-04-2022,PMKVY 2.0,CSCM,SP,Andhra Pradesh,Srikakulam,687,642,630,560,519
21-04-2022,PMKVY 2.0,CSCM,SP,Andhra Pradesh,Visakhapatanam,551,550,488,425,82
21-04-2022,PMKVY 2.0,CSCM,SP,Andhra Pradesh,Vizianagaram,486,481,399,373,211
21-04-2022,PMKVY 2.0,CSCM,SP,Andhra Pradesh,West Godavari,2554,2379,2252,1953,1972
21-04-2022,PMKVY 2.0,CSCM,SP,Andhra Pradesh,Y.S.R,77,77,47,44,44
21-04-2022,PMKVY 2.0,CSSM,STT,Andhra Pradesh,Anantapur,6865,5313,4896,4513,2486
21-04-2022,PMKVY 2.0,CSCM,STT,Andhra Pradesh,Anantapur,16681,15296,14814,13305,8880
21-04-2022,PMKVY 2.0,CSSM,STT,Andhra Pradesh,Chittoor,799,760,650,561,282
21-04-2022,PMKVY 2.0,CSCM,STT,Andhra Pradesh,Chittoor,8053,6788,6446,5679,3297
21-04-2022,PMKVY 2.0,CSCM,STT,Andhra Pradesh,East Godavari,13541,11990,11765,10949,8134
21-04-2022,PMKVY 2.0,CSSM,STT,Andhra Pradesh,East Godavari,6425,4695,4467,3646,2402
21-04-2022,PMKVY 2.0,CSCM,STT,Andhra Pradesh,Guntur,12625,12241,11661,10348,5452
21-04-2022,PMKVY 2.0,CSSM,STT,Andhra Pradesh,Guntur,6437,5976,5612,4918,2947
21-04-2022,PMKVY 2.0,CSSM,STT,Andhra Pradesh,Krishna,2583,2506,2193,1870,963
21-04-2022,PMKVY 2.0,CSCM,STT,Andhra Pradesh,Krishna,6115,5440,5020,4374,2575
21-04-2022,PMKVY 2.0,CSCM,STT,Andhra Pradesh,Kurnool,8922,8141,7868,7315,3216
21-04-2022,PMKVY 2.0,CSSM,STT,Andhra Pradesh,Kurnool,4651,4275,3964,3430,1874
21-04-2022,PMKVY 2.0,CSSM,STT,Andhra Pradesh,Prakasam,2962,2630,2401,1959,1269
21-04-2022,PMKVY 2.0,CSCM,STT,Andhra Pradesh,Prakasam,16329,15244,14338,12932,9168
21-04-2022,PMKVY 2.0,CSSM,STT,Andhra Pradesh,Spsr Nellore,2238,1933,1795,1687,1399
21-04-2022,PMKVY 2.0,CSCM,STT,Andhra Pradesh,Spsr Nellore,8573,6657,6509,5952,3756
21-04-2022,PMKVY 2.0,CSCM,STT,Andhra Pradesh,Srikakulam,5433,4880,4768,4343,3400
21-04-2022,PMKVY 2.0,CSSM,STT,Andhra Pradesh,Srikakulam,2242,2134,1989,1778,1204
21-04-2022,PMKVY 2.0,CSCM,STT,Andhra Pradesh,Visakhapatanam,16303,15829,15535,14556,10461
21-04-2022,PMKVY 2.0,CSSM,STT,Andhra Pradesh,Visakhapatanam,7349,6953,6429,5759,3212
21-04-2022,PMKVY 2.0,CSSM,STT,Andhra Pradesh,Vizianagaram,3911,3802,3680,3218,1935
21-04-2022,PMKVY 2.0,CSCM,STT,Andhra Pradesh,Vizianagaram,5799,5369,5289,4962,3667
21-04-2022,PMKVY 2.0,CSCM,STT,Andhra Pradesh,West Godavari,3882,3516,3312,2955,2406
21-04-2022,PMKVY 2.0,CSSM,STT,Andhra Pradesh,West Godavari,1860,1455,1260,944,591
21-04-2022,PMKVY 2.0,CSSM,STT,Andhra Pradesh,Y.S.R,885,735,601,475,165
21-04-2022,PMKVY 2.0,CSCM,STT,Andhra Pradesh,Y.S.R,5354,5086,4682,4266,2287
21-04-2022,PMKVY 3.0,CSSM,RPL,Andhra Pradesh,Anantapur,180,180,141,124,0
21-04-2022,PMKVY 3.0,CSCM,RPL,Andhra Pradesh,Anantapur,62,62,16,10,0
21-04-2022,PMKVY 3.0,CSSM,RPL,Andhra Pradesh,Chittoor,175,175,141,118,0
21-04-2022,PMKVY 3.0,CSCM,RPL,Andhra Pradesh,Chittoor,93,93,63,59,0
21-04-2022,PMKVY 3.0,CSCM,RPL,Andhra Pradesh,East Godavari,291,291,219,177,0
21-04-2022,PMKVY 3.0,CSSM,RPL,Andhra Pradesh,East Godavari,200,200,186,163,0
21-04-2022,PMKVY 3.0,CSSM,RPL,Andhra Pradesh,Guntur,200,200,194,179,0
21-04-2022,PMKVY 3.0,CSCM,RPL,Andhra Pradesh,Guntur,815,815,728,714,0
21-04-2022,PMKVY 3.0,CSSM,RPL,Andhra Pradesh,Krishna,100,100,88,83,0
21-04-2022,PMKVY 3.0,CSCM,RPL,Andhra Pradesh,Krishna,254,254,228,191,0
21-04-2022,PMKVY 3.0,CSSM,RPL,Andhra Pradesh,Kurnool,199,199,124,92,0
21-04-2022,PMKVY 3.0,CSCM,RPL,Andhra Pradesh,Kurnool,132,132,107,102,0
21-04-2022,PMKVY 3.0,CSSM,RPL,Andhra Pradesh,Prakasam,200,200,141,129,0
21-04-2022,PMKVY 3.0,CSCM,RPL,Andhra Pradesh,Prakasam,105,105,95,90,0
21-04-2022,PMKVY 3.0,CSSM,RPL,Andhra Pradesh,Spsr Nellore,200,200,148,137,0
21-04-2022,PMKVY 3.0,CSCM,RPL,Andhra Pradesh,Spsr Nellore,994,994,919,842,0
21-04-2022,PMKVY 3.0,CSSM,RPL,Andhra Pradesh,Srikakulam,200,200,187,149,0
21-04-2022,PMKVY 3.0,CSCM,RPL,Andhra Pradesh,Srikakulam,363,363,330,301,0
21-04-2022,PMKVY 3.0,CSSM,RPL,Andhra Pradesh,Visakhapatanam,200,200,37,35,0
21-04-2022,PMKVY 3.0,CSCM,RPL,Andhra Pradesh,Visakhapatanam,275,275,63,52,0
21-04-2022,PMKVY 3.0,CSCM,RPL,Andhra Pradesh,Vizianagaram,207,207,187,163,0
21-04-2022,PMKVY 3.0,CSSM,RPL,Andhra Pradesh,Vizianagaram,175,175,113,100,0
21-04-2022,PMKVY 3.0,CSCM,RPL,Andhra Pradesh,West Godavari,4,4,0,0,0
21-04-2022,PMKVY 3.0,CSSM,RPL,Andhra Pradesh,West Godavari,200,200,200,177,0
21-04-2022,PMKVY 3.0,CSSM,RPL,Andhra Pradesh,Y.S.R,100,100,69,42,0
21-04-2022,PMKVY 3.0,CSCM,RPL,Andhra Pradesh,Y.S.R,88,88,75,65,0
21-04-2022,PMKVY 3.0,CSCM,SP,Andhra Pradesh,Chittoor,140,120,91,0,0
21-04-2022,PMKVY 3.0,CSCM,SP,Andhra Pradesh,East Godavari,260,260,240,131,0
21-04-2022,PMKVY 3.0,CSCM,SP,Andhra Pradesh,Guntur,40,40,34,0,0
21-04-2022,PMKVY 3.0,CSSM,SP,Andhra Pradesh,Guntur,60,60,40,0,0
21-04-2022,PMKVY 3.0,CSCM,SP,Andhra Pradesh,Krishna,320,300,300,147,0
21-04-2022,PMKVY 3.0,CSSM,SP,Andhra Pradesh,Krishna,20,20,20,0,0
21-04-2022,PMKVY 3.0,CSCM,SP,Andhra Pradesh,Kurnool,107,107,99,59,0
21-04-2022,PMKVY 3.0,CSCM,SP,Andhra Pradesh,Prakasam,27,27,27,0,0
21-04-2022,PMKVY 3.0,CSSM,SP,Andhra Pradesh,Prakasam,40,40,35,0,0
21-04-2022,PMKVY 3.0,CSCM,SP,Andhra Pradesh,Spsr Nellore,80,40,34,0,0
21-04-2022,PMKVY 3.0,CSSM,SP,Andhra Pradesh,Spsr Nellore,20,20,17,0,0
21-04-2022,PMKVY 3.0,CSCM,SP,Andhra Pradesh,Srikakulam,34,34,34,0,0
21-04-2022,PMKVY 3.0,CSSM,SP,Andhra Pradesh,Visakhapatanam,40,40,36,20,0
21-04-2022,PMKVY 3.0,CSCM,SP,Andhra Pradesh,Visakhapatanam,60,54,52,0,0
21-04-2022,PMKVY 3.0,CSSM,SP,Andhra Pradesh,Y.S.R,160,160,111,0,0
21-04-2022,PMKVY 3.0,CSCM,STT,Andhra Pradesh,Anantapur,724,175,141,105,42
21-04-2022,PMKVY 3.0,CSSM,STT,Andhra Pradesh,Anantapur,210,210,190,158,110
21-04-2022,PMKVY 3.0,CSSM,STT,Andhra Pradesh,Chittoor,180,180,126,114,0
21-04-2022,PMKVY 3.0,CSCM,STT,Andhra Pradesh,Chittoor,752,273,210,193,56
21-04-2022,PMKVY 3.0,CSCM,STT,Andhra Pradesh,East Godavari,1398,540,368,259,189
21-04-2022,PMKVY 3.0,CSSM,STT,Andhra Pradesh,East Godavari,210,210,149,130,41
21-04-2022,PMKVY 3.0,CSCM,STT,Andhra Pradesh,Guntur,1096,670,389,320,36
21-04-2022,PMKVY 3.0,CSSM,STT,Andhra Pradesh,Guntur,193,150,124,48,0
21-04-2022,PMKVY 3.0,CSCM,STT,Andhra Pradesh,Krishna,780,619,452,382,75
21-04-2022,PMKVY 3.0,CSSM,STT,Andhra Pradesh,Krishna,420,240,158,139,0
21-04-2022,PMKVY 3.0,CSCM,STT,Andhra Pradesh,Kurnool,690,235,211,193,0
21-04-2022,PMKVY 3.0,CSSM,STT,Andhra Pradesh,Kurnool,238,208,172,165,0
21-04-2022,PMKVY 3.0,CSSM,STT,Andhra Pradesh,Prakasam,240,180,144,134,0
21-04-2022,PMKVY 3.0,CSCM,STT,Andhra Pradesh,Prakasam,1153,960,632,529,117
21-04-2022,PMKVY 3.0,CSSM,STT,Andhra Pradesh,Spsr Nellore,202,202,150,104,0
21-04-2022,PMKVY 3.0,CSCM,STT,Andhra Pradesh,Spsr Nellore,862,328,120,102,0
21-04-2022,PMKVY 3.0,CSCM,STT,Andhra Pradesh,Srikakulam,806,300,222,140,95
21-04-2022,PMKVY 3.0,CSSM,STT,Andhra Pradesh,Srikakulam,210,210,153,136,29
21-04-2022,PMKVY 3.0,CSCM,STT,Andhra Pradesh,Visakhapatanam,665,382,108,108,80
21-04-2022,PMKVY 3.0,CSSM,STT,Andhra Pradesh,Visakhapatanam,479,298,97,77,0
21-04-2022,PMKVY 3.0,CSCM,STT,Andhra Pradesh,Vizianagaram,460,120,108,100,80
21-04-2022,PMKVY 3.0,CSSM,STT,Andhra Pradesh,Vizianagaram,200,140,75,56,20
21-04-2022,PMKVY 3.0,CSCM,STT,Andhra Pradesh,West Godavari,634,300,178,153,118
21-04-2022,PMKVY 3.0,CSSM,STT,Andhra Pradesh,West Godavari,210,210,184,133,76
21-04-2022,PMKVY 3.0,CSCM,STT,Andhra Pradesh,Y.S.R,10,0,0,0,0
21-04-2022,PMKVY 3.0,CSSM,STT,Andhra Pradesh,Y.S.R,240,180,134,117,4
21-04-2022,PMKVY 3.0,CSCM,STT,Andhra Pradesh,Y.S.R,381,280,160,150,54
21-04-2022,PMKVY 2.0,CSCM,RPL,Arunachal Pradesh,Changlang,5134,5134,4773,4729,0
21-04-2022,PMKVY 2.0,CSCM,RPL,Arunachal Pradesh,Dibang Valley,249,195,192,192,0
21-04-2022,PMKVY 2.0,CSCM,RPL,Arunachal Pradesh,East Kameng,2000,2000,1617,1544,0
21-04-2022,PMKVY 2.0,CSCM,RPL,Arunachal Pradesh,East Siang,1022,1022,655,569,0
21-04-2022,PMKVY 2.0,CSCM,RPL,Arunachal Pradesh,Kra  Daadi,134,134,134,133,0
21-04-2022,PMKVY 2.0,CSCM,RPL,Arunachal Pradesh,Kurung Kumey,28,28,28,28,0
21-04-2022,PMKVY 2.0,CSCM,RPL,Arunachal Pradesh,Lohit,1769,1769,1350,1277,0
21-04-2022,PMKVY 2.0,CSCM,RPL,Arunachal Pradesh,Longding,299,299,200,200,0
21-04-2022,PMKVY 2.0,CSCM,RPL,Arunachal Pradesh,Lower Dibang Valley,3129,3129,3076,3009,0
21-04-2022,PMKVY 2.0,CSCM,RPL,Arunachal Pradesh,Lower Subansiri,1573,1573,1544,1508,0
21-04-2022,PMKVY 2.0,CSCM,RPL,Arunachal Pradesh,Namsai,13725,13673,11389,10708,0
21-04-2022,PMKVY 2.0,CSCM,RPL,Arunachal Pradesh,Papum Pare,6686,6636,6347,6185,0
21-04-2022,PMKVY 2.0,CSCM,RPL,Arunachal Pradesh,Siang,33,33,33,31,0
21-04-2022,PMKVY 2.0,CSCM,RPL,Arunachal Pradesh,Tawang,64,0,0,0,0
21-04-2022,PMKVY 2.0,CSCM,RPL,Arunachal Pradesh,Tirap,1593,1593,878,799,0
21-04-2022,PMKVY 2.0,CSCM,RPL,Arunachal Pradesh,West Kameng,1041,1041,952,940,0
21-04-2022,PMKVY 2.0,CSCM,RPL,Arunachal Pradesh,West Siang,2393,2393,1365,930,0
21-04-2022,PMKVY 2.0,CSCM,SP,Arunachal Pradesh,East Siang,11,11,11,11,0
21-04-2022,PMKVY 2.0,CSSM,SP,Arunachal Pradesh,East Siang,640,640,610,585,481
21-04-2022,PMKVY 2.0,CSSM,SP,Arunachal Pradesh,Lohit,200,200,198,174,140
21-04-2022,PMKVY 2.0,CSCM,SP,Arunachal Pradesh,Namsai,150,150,150,135,0
21-04-2022,PMKVY 2.0,CSSM,SP,Arunachal Pradesh,Namsai,972,972,933,895,701
21-04-2022,PMKVY 2.0,CSSM,SP,Arunachal Pradesh,Papum Pare,60,60,0,0,0
21-04-2022,PMKVY 2.0,CSCM,SP,Arunachal Pradesh,Papum Pare,1580,1441,929,793,0
21-04-2022,PMKVY 2.0,CSCM,SP,Arunachal Pradesh,Tawang,16,16,14,14,8
21-04-2022,PMKVY 2.0,CSCM,SP,Arunachal Pradesh,West Kameng,1161,1161,389,366,103
21-04-2022,PMKVY 2.0,CSSM,SP,Arunachal Pradesh,West Siang,240,240,238,212,177
21-04-2022,PMKVY 2.0,CSCM,STT,Arunachal Pradesh,Anjaw,1906,1791,1742,1544,1196
21-04-2022,PMKVY 2.0,CSCM,STT,Arunachal Pradesh,Changlang,941,941,871,815,30
21-04-2022,PMKVY 2.0,CSSM,STT,Arunachal Pradesh,Changlang,1791,1791,1647,1558,121
21-04-2022,PMKVY 2.0,CSCM,STT,Arunachal Pradesh,Dibang Valley,1098,958,941,893,499
21-04-2022,PMKVY 2.0,CSSM,STT,Arunachal Pradesh,East Kameng,240,240,240,204,0
21-04-2022,PMKVY 2.0,CSCM,STT,Arunachal Pradesh,East Kameng,240,240,240,240,180
21-04-2022,PMKVY 2.0,CSSM,STT,Arunachal Pradesh,East Siang,930,900,900,830,354
21-04-2022,PMKVY 2.0,CSCM,STT,Arunachal Pradesh,East Siang,4997,4465,4387,4058,1523
21-04-2022,PMKVY 2.0,CSCM,STT,Arunachal Pradesh,Kra  Daadi,471,471,444,440,279
21-04-2022,PMKVY 2.0,CSSM,STT,Arunachal Pradesh,Kurung Kumey,210,210,203,178,0
21-04-2022,PMKVY 2.0,CSCM,STT,Arunachal Pradesh,Lohit,1962,1849,1834,1739,934
21-04-2022,PMKVY 2.0,CSSM,STT,Arunachal Pradesh,Longding,240,240,240,200,173
21-04-2022,PMKVY 2.0,CSSM,STT,Arunachal Pradesh,Lower Dibang Valley,600,600,573,541,480
21-04-2022,PMKVY 2.0,CSCM,STT,Arunachal Pradesh,Lower Siang,600,600,497,444,264
21-04-2022,PMKVY 2.0,CSSM,STT,Arunachal Pradesh,Lower Subansiri,329,299,299,251,1
21-04-2022,PMKVY 2.0,CSCM,STT,Arunachal Pradesh,Namsai,1616,1576,1511,1466,821
21-04-2022,PMKVY 2.0,CSSM,STT,Arunachal Pradesh,Namsai,240,240,239,237,0
21-04-2022,PMKVY 2.0,CSCM,STT,Arunachal Pradesh,Papum Pare,1280,967,931,860,486
21-04-2022,PMKVY 2.0,CSSM,STT,Arunachal Pradesh,Papum Pare,5091,5091,4319,3606,1351
21-04-2022,PMKVY 2.0,CSCM,STT,Arunachal Pradesh,Tawang,347,347,197,197,0
21-04-2022,PMKVY 2.0,CSSM,STT,Arunachal Pradesh,Tirap,480,480,476,468,0
21-04-2022,PMKVY 2.0,CSCM,STT,Arunachal Pradesh,Tirap,300,291,234,193,154
21-04-2022,PMKVY 2.0,CSSM,STT,Arunachal Pradesh,Upper Siang,180,180,164,159,0
21-04-2022,PMKVY 2.0,CSSM,STT,Arunachal Pradesh,West Kameng,718,718,718,567,283
21-04-2022,PMKVY 2.0,CSCM,STT,Arunachal Pradesh,West Kameng,420,360,359,287,111
21-04-2022,PMKVY 2.0,CSSM,STT,Arunachal Pradesh,West Siang,1200,1200,920,750,475
21-04-2022,PMKVY 2.0,CSCM,STT,Arunachal Pradesh,West Siang,600,600,574,554,124
21-04-2022,PMKVY 3.0,CSSM,RPL,Arunachal Pradesh,Anjaw,120,120,120,113,0
21-04-2022,PMKVY 3.0,CSSM,RPL,Arunachal Pradesh,Changlang,120,120,45,40,0
21-04-2022,PMKVY 3.0,CSCM,RPL,Arunachal Pradesh,Changlang,45,45,26,7,0
21-04-2022,PMKVY 3.0,CSSM,RPL,Arunachal Pradesh,Dibang Valley,120,120,120,120,0
21-04-2022,PMKVY 3.0,CSSM,RPL,Arunachal Pradesh,East Kameng,150,150,0,0,0
21-04-2022,PMKVY 3.0,CSCM,RPL,Arunachal Pradesh,East Siang,31,31,0,0,0
21-04-2022,PMKVY 3.0,CSSM,RPL,Arunachal Pradesh,East Siang,479,479,223,205,0
21-04-2022,PMKVY 3.0,CSSM,RPL,Arunachal Pradesh,Kamle,210,210,0,0,0
21-04-2022,PMKVY 3.0,CSSM,RPL,Arunachal Pradesh,Kra  Daadi,264,264,0,0,0
21-04-2022,PMKVY 3.0,CSSM,RPL,Arunachal Pradesh,Kurung Kumey,30,30,0,0,0
21-04-2022,PMKVY 3.0,CSSM,RPL,Arunachal Pradesh,Lohit,300,300,31,25,0
21-04-2022,PMKVY 3.0,CSCM,RPL,Arunachal Pradesh,Lohit,114,114,109,109,0
21-04-2022,PMKVY 3.0,CSSM,RPL,Arunachal Pradesh,Longding,270,270,51,43,0
21-04-2022,PMKVY 3.0,CSCM,RPL,Arunachal Pradesh,Lower Dibang Valley,1,1,0,0,0
21-04-2022,PMKVY 3.0,CSSM,RPL,Arunachal Pradesh,Lower Dibang Valley,180,180,135,115,0
21-04-2022,PMKVY 3.0,CSCM,RPL,Arunachal Pradesh,Lower Siang,130,130,102,94,0
21-04-2022,PMKVY 3.0,CSSM,RPL,Arunachal Pradesh,Lower Siang,237,237,16,12,0
21-04-2022,PMKVY 3.0,CSSM,RPL,Arunachal Pradesh,Lower Subansiri,240,240,0,0,0
21-04-2022,PMKVY 3.0,CSSM,RPL,Arunachal Pradesh,Namsai,120,120,103,96,0
21-04-2022,PMKVY 3.0,CSSM,RPL,Arunachal Pradesh,Papum Pare,380,380,142,130,0
21-04-2022,PMKVY 3.0,CSCM,RPL,Arunachal Pradesh,Papum Pare,1,1,0,0,0
21-04-2022,PMKVY 3.0,CSSM,RPL,Arunachal Pradesh,Siang,120,120,69,27,0
21-04-2022,PMKVY 3.0,CSSM,RPL,Arunachal Pradesh,Tawang,293,293,288,284,0
21-04-2022,PMKVY 3.0,CSCM,RPL,Arunachal Pradesh,Tirap,90,90,37,35,0
21-04-2022,PMKVY 3.0,CSSM,RPL,Arunachal Pradesh,Tirap,150,150,0,0,0
21-04-2022,PMKVY 3.0,CSSM,RPL,Arunachal Pradesh,Upper Siang,236,236,105,99,0
21-04-2022,PMKVY 3.0,CSSM,RPL,Arunachal Pradesh,Upper Subansiri,236,236,9,7,0
21-04-2022,PMKVY 3.0,CSSM,RPL,Arunachal Pradesh,West Kameng,300,300,300,293,0
21-04-2022,PMKVY 3.0,CSSM,RPL,Arunachal Pradesh,West Siang,150,150,0,0,0
21-04-2022,PMKVY 3.0,CSCM,RPL,Arunachal Pradesh,West Siang,27,27,14,0,0
21-04-2022,PMKVY 3.0,CSSM,SP,Arunachal Pradesh,Changlang,60,60,52,0,0
21-04-2022,PMKVY 3.0,CSCM,SP,Arunachal Pradesh,Changlang,294,234,195,27,0
21-04-2022,PMKVY 3.0,CSSM,SP,Arunachal Pradesh,East Siang,120,120,90,0,0
21-04-2022,PMKVY 3.0,CSCM,SP,Arunachal Pradesh,East Siang,496,476,476,0,0
21-04-2022,PMKVY 3.0,CSCM,SP,Arunachal Pradesh,Lohit,549,549,417,0,0
21-04-2022,PMKVY 3.0,CSCM,SP,Arunachal Pradesh,Lower Siang,200,140,100,14,0
21-04-2022,PMKVY 3.0,CSSM,SP,Arunachal Pradesh,Lower Subansiri,91,70,70,69,0
21-04-2022,PMKVY 3.0,CSSM,SP,Arunachal Pradesh,Papum Pare,400,400,313,0,0
21-04-2022,PMKVY 3.0,CSCM,SP,Arunachal Pradesh,Papum Pare,95,88,38,0,0
21-04-2022,PMKVY 3.0,CSSM,SP,Arunachal Pradesh,Tawang,40,40,40,40,0
21-04-2022,PMKVY 3.0,CSSM,SP,Arunachal Pradesh,West Kameng,120,120,104,0,0
21-04-2022,PMKVY 3.0,CSCM,STT,Arunachal Pradesh,Changlang,329,147,34,27,0
21-04-2022,PMKVY 3.0,CSSM,STT,Arunachal Pradesh,Changlang,55,55,55,48,0
21-04-2022,PMKVY 3.0,CSCM,STT,Arunachal Pradesh,East Siang,504,144,139,133,0
21-04-2022,PMKVY 3.0,CSCM,STT,Arunachal Pradesh,Lohit,285,149,135,93,0
21-04-2022,PMKVY 3.0,CSSM,STT,Arunachal Pradesh,Lower Dibang Valley,30,30,29,0,0
21-04-2022,PMKVY 3.0,CSCM,STT,Arunachal Pradesh,Lower Siang,280,120,104,98,0
21-04-2022,PMKVY 3.0,CSSM,STT,Arunachal Pradesh,Lower Subansiri,30,30,30,28,0
21-04-2022,PMKVY 3.0,CSCM,STT,Arunachal Pradesh,Namsai,192,120,51,37,0
21-04-2022,PMKVY 3.0,CSSM,STT,Arunachal Pradesh,Namsai,30,30,30,25,21
21-04-2022,PMKVY 3.0,CSCM,STT,Arunachal Pradesh,Papum Pare,316,157,40,38,0
21-04-2022,PMKVY 3.0,CSSM,STT,Arunachal Pradesh,Papum Pare,180,180,151,129,40
21-04-2022,PMKVY 3.0,CSSM,STT,Arunachal Pradesh,Tawang,80,60,59,58,0
21-04-2022,PMKVY 3.0,CSCM,STT,Arunachal Pradesh,Tirap,422,142,136,129,0
21-04-2022,PMKVY 3.0,CSCM,STT,Arunachal Pradesh,West Kameng,137,0,0,0,0
21-04-2022,PMKVY 3.0,CSCM,STT,Arunachal Pradesh,West Siang,388,149,130,97,0
21-04-2022,PMKVY 2.0,CSCM,RPL,Assam,Baksa,17311,17052,13403,12275,0
21-04-2022,PMKVY 2.0,CSCM,RPL,Assam,Barpeta,35687,35409,26041,24053,0
21-04-2022,PMKVY 2.0,CSCM,RPL,Assam,Biswanath,2113,2063,1468,1312,0
21-04-2022,PMKVY 2.0,CSCM,RPL,Assam,Bongaigaon,12256,12189,10004,9641,0
21-04-2022,PMKVY 2.0,CSCM,RPL,Assam,Cachar,12541,12392,9323,8139,0
21-04-2022,PMKVY 2.0,CSCM,RPL,Assam,Charaideo,2226,2176,2116,1938,0
21-04-2022,PMKVY 2.0,CSCM,RPL,Assam,Chirang,8546,8485,7351,6993,0
21-04-2022,PMKVY 2.0,CSCM,RPL,Assam,Darrang,62770,61054,43276,40783,0
21-04-2022,PMKVY 2.0,CSCM,RPL,Assam,Dhemaji,9474,9329,5482,4872,0
21-04-2022,PMKVY 2.0,CSCM,RPL,Assam,Dhubri,11772,11669,7827,7107,0
21-04-2022,PMKVY 2.0,CSCM,RPL,Assam,Dibrugarh,19031,18710,14645,13620,0
21-04-2022,PMKVY 2.0,CSCM,RPL,Assam,Dima Hasao,140,123,60,55,0
21-04-2022,PMKVY 2.0,CSCM,RPL,Assam,Goalpara,4794,4672,3510,3086,0
21-04-2022,PMKVY 2.0,CSCM,RPL,Assam,Golaghat,20402,19844,17453,16705,0
21-04-2022,PMKVY 2.0,CSCM,RPL,Assam,Hailakandi,2869,2819,2242,1988,0
21-04-2022,PMKVY 2.0,CSCM,RPL,Assam,Hojai,1324,1324,985,980,0
21-04-2022,PMKVY 2.0,CSCM,RPL,Assam,Jorhat,23128,22712,21758,20542,0
21-04-2022,PMKVY 2.0,CSCM,RPL,Assam,Kamrup,80262,78921,64154,60379,0
21-04-2022,PMKVY 2.0,CSCM,RPL,Assam,Kamrup Metro,18671,18507,15565,14718,0
21-04-2022,PMKVY 2.0,CSCM,RPL,Assam,Karbi Anglong,4428,4428,2993,2701,0
21-04-2022,PMKVY 2.0,CSCM,RPL,Assam,Karimganj,6134,6030,4178,3389,0
21-04-2022,PMKVY 2.0,CSCM,RPL,Assam,Kokrajhar,7785,7561,5450,5094,0
21-04-2022,PMKVY 2.0,CSCM,RPL,Assam,Lakhimpur,10650,10112,7508,7165,0
21-04-2022,PMKVY 2.0,CSCM,RPL,Assam,Majuli,9311,9311,8992,8784,0
21-04-2022,PMKVY 2.0,CSCM,RPL,Assam,Marigaon,13693,13393,9537,8359,0
21-04-2022,PMKVY 2.0,CSCM,RPL,Assam,Nagaon,22637,22085,16003,15060,0
21-04-2022,PMKVY 2.0,CSCM,RPL,Assam,Nalbari,35312,34813,28325,26785,0
21-04-2022,PMKVY 2.0,CSCM,RPL,Assam,Sivasagar,11080,10806,10320,9596,0
21-04-2022,PMKVY 2.0,CSCM,RPL,Assam,Sonitpur,14978,14893,12970,12133,0
21-04-2022,PMKVY 2.0,CSCM,RPL,Assam,Tinsukia,16856,16256,13845,13055,0
21-04-2022,PMKVY 2.0,CSCM,RPL,Assam,Udalguri,12122,11848,8597,7957,0
21-04-2022,PMKVY 2.0,CSCM,RPL,Assam,West Karbi Anglong,3199,3199,1448,1337,0
21-04-2022,PMKVY 2.0,CSSM,SP,Assam,Baksa,120,120,118,0,94
21-04-2022,PMKVY 2.0,CSSM,SP,Assam,Barpeta,360,360,350,0,209
21-04-2022,PMKVY 2.0,CSCM,SP,Assam,Barpeta,678,677,674,628,426
21-04-2022,PMKVY 2.0,CSCM,SP,Assam,Bongaigaon,300,170,165,163,126
21-04-2022,PMKVY 2.0,CSCM,SP,Assam,Cachar,392,392,343,327,43
21-04-2022,PMKVY 2.0,CSCM,SP,Assam,Chirang,30,30,29,29,19
21-04-2022,PMKVY 2.0,CSCM,SP,Assam,Darrang,261,261,248,239,186
21-04-2022,PMKVY 2.0,CSCM,SP,Assam,Dhemaji,120,120,71,71,49
21-04-2022,PMKVY 2.0,CSCM,SP,Assam,Dhubri,150,150,150,143,108
21-04-2022,PMKVY 2.0,CSCM,SP,Assam,Dibrugarh,447,446,420,398,0
21-04-2022,PMKVY 2.0,CSCM,SP,Assam,Goalpara,205,205,204,196,164
21-04-2022,PMKVY 2.0,CSCM,SP,Assam,Jorhat,955,931,796,742,375
21-04-2022,PMKVY 2.0,CSCM,SP,Assam,Kamrup,2456,2341,1782,1572,710
21-04-2022,PMKVY 2.0,CSCM,SP,Assam,Kamrup Metro,357,357,330,269,167
21-04-2022,PMKVY 2.0,CSCM,SP,Assam,Karbi Anglong,798,739,555,512,135
21-04-2022,PMKVY 2.0,CSCM,SP,Assam,Kokrajhar,377,318,212,177,127
21-04-2022,PMKVY 2.0,CSCM,SP,Assam,Lakhimpur,180,180,179,169,0
21-04-2022,PMKVY 2.0,CSCM,SP,Assam,Marigaon,60,60,60,8,58
21-04-2022,PMKVY 2.0,CSSM,SP,Assam,Marigaon,120,120,120,0,72
21-04-2022,PMKVY 2.0,CSCM,SP,Assam,Nagaon,40,40,40,40,0
21-04-2022,PMKVY 2.0,CSCM,SP,Assam,Nalbari,30,30,30,30,29
21-04-2022,PMKVY 2.0,CSCM,SP,Assam,Sivasagar,463,463,432,410,48
21-04-2022,PMKVY 2.0,CSCM,SP,Assam,South Salmara Mancachar,390,351,349,327,237
21-04-2022,PMKVY 2.0,CSCM,SP,Assam,Tinsukia,1620,1620,1339,1143,887
21-04-2022,PMKVY 2.0,CSCM,SP,Assam,Udalguri,109,105,99,98,58
21-04-2022,PMKVY 2.0,CSSM,STT,Assam,Baksa,809,809,779,730,400
21-04-2022,PMKVY 2.0,CSCM,STT,Assam,Baksa,2609,2506,2377,2147,511
21-04-2022,PMKVY 2.0,CSCM,STT,Assam,Barpeta,7655,7260,6600,5810,2737
21-04-2022,PMKVY 2.0,CSSM,STT,Assam,Barpeta,3080,3080,2963,2493,294
21-04-2022,PMKVY 2.0,CSCM,STT,Assam,Biswanath,2302,2267,1985,1801,1177
21-04-2022,PMKVY 2.0,CSSM,STT,Assam,Biswanath,120,120,86,70,64
21-04-2022,PMKVY 2.0,CSCM,STT,Assam,Bongaigaon,3200,2919,2786,2480,1572
21-04-2022,PMKVY 2.0,CSSM,STT,Assam,Bongaigaon,960,929,706,564,174
21-04-2022,PMKVY 2.0,CSSM,STT,Assam,Cachar,60,60,60,60,0
21-04-2022,PMKVY 2.0,CSCM,STT,Assam,Cachar,1509,1416,1371,1281,850
21-04-2022,PMKVY 2.0,CSSM,STT,Assam,Charaideo,180,180,174,174,84
21-04-2022,PMKVY 2.0,CSCM,STT,Assam,Charaideo,1545,1545,1152,993,294
21-04-2022,PMKVY 2.0,CSCM,STT,Assam,Chirang,540,540,512,487,310
21-04-2022,PMKVY 2.0,CSCM,STT,Assam,Darrang,4759,4585,4260,3601,2175
21-04-2022,PMKVY 2.0,CSSM,STT,Assam,Darrang,840,720,674,619,328
21-04-2022,PMKVY 2.0,CSCM,STT,Assam,Dhemaji,1981,1901,1824,1546,426
21-04-2022,PMKVY 2.0,CSSM,STT,Assam,Dhemaji,420,420,383,373,179
21-04-2022,PMKVY 2.0,CSSM,STT,Assam,Dhubri,1260,1259,1095,974,378
21-04-2022,PMKVY 2.0,CSCM,STT,Assam,Dhubri,3678,3637,3525,3202,1518
21-04-2022,PMKVY 2.0,CSSM,STT,Assam,Dibrugarh,3469,3469,3344,3129,2131
21-04-2022,PMKVY 2.0,CSCM,STT,Assam,Dibrugarh,8737,8452,8022,7290,4279
21-04-2022,PMKVY 2.0,CSCM,STT,Assam,Dima Hasao,1748,1705,1392,1227,577
21-04-2022,PMKVY 2.0,CSSM,STT,Assam,Goalpara,678,678,609,530,187
21-04-2022,PMKVY 2.0,CSCM,STT,Assam,Goalpara,2925,2631,2506,2200,715
21-04-2022,PMKVY 2.0,CSCM,STT,Assam,Golaghat,3341,3289,3157,2778,1661
21-04-2022,PMKVY 2.0,CSCM,STT,Assam,Hailakandi,1609,1560,1537,1500,903
21-04-2022,PMKVY 2.0,CSCM,STT,Assam,Hojai,1399,1350,1242,1069,299
21-04-2022,PMKVY 2.0,CSCM,STT,Assam,Jorhat,3142,3088,2127,1817,1262
21-04-2022,PMKVY 2.0,CSSM,STT,Assam,Jorhat,1260,1260,1125,1036,768
21-04-2022,PMKVY 2.0,CSCM,STT,Assam,Kamrup,13632,13592,12443,10914,5782
21-04-2022,PMKVY 2.0,CSSM,STT,Assam,Kamrup,5410,5289,4762,4306,918
21-04-2022,PMKVY 2.0,CSSM,STT,Assam,Kamrup Metro,1701,1521,1432,1315,278
21-04-2022,PMKVY 2.0,CSCM,STT,Assam,Kamrup Metro,4980,4465,3579,3115,1280
21-04-2022,PMKVY 2.0,CSCM,STT,Assam,Karbi Anglong,2177,2145,1926,1690,835
21-04-2022,PMKVY 2.0,CSSM,STT,Assam,Karbi Anglong,570,570,398,351,238
21-04-2022,PMKVY 2.0,CSSM,STT,Assam,Karimganj,360,360,344,315,167
21-04-2022,PMKVY 2.0,CSCM,STT,Assam,Karimganj,1392,1360,1229,1072,244
21-04-2022,PMKVY 2.0,CSCM,STT,Assam,Kokrajhar,1019,989,914,780,522
21-04-2022,PMKVY 2.0,CSSM,STT,Assam,Kokrajhar,1260,900,898,843,172
21-04-2022,PMKVY 2.0,CSCM,STT,Assam,Lakhimpur,479,479,409,294,167
21-04-2022,PMKVY 2.0,CSSM,STT,Assam,Lakhimpur,480,480,414,373,176
21-04-2022,PMKVY 2.0,CSCM,STT,Assam,Majuli,2990,2756,2500,2319,1189
21-04-2022,PMKVY 2.0,CSSM,STT,Assam,Majuli,240,240,231,202,0
21-04-2022,PMKVY 2.0,CSCM,STT,Assam,Marigaon,5570,5570,5212,4741,2513
21-04-2022,PMKVY 2.0,CSSM,STT,Assam,Marigaon,1200,1200,1127,948,337
21-04-2022,PMKVY 2.0,CSCM,STT,Assam,Nagaon,2442,2275,2163,1998,385
21-04-2022,PMKVY 2.0,CSSM,STT,Assam,Nagaon,1472,1472,1413,1263,612
21-04-2022,PMKVY 2.0,CSSM,STT,Assam,Nalbari,2057,2057,2054,1766,1326
21-04-2022,PMKVY 2.0,CSCM,STT,Assam,Nalbari,6057,6032,5479,4575,2121
21-04-2022,PMKVY 2.0,CSSM,STT,Assam,Sivasagar,806,806,755,707,538
21-04-2022,PMKVY 2.0,CSCM,STT,Assam,Sivasagar,1494,1254,843,739,187
21-04-2022,PMKVY 2.0,CSSM,STT,Assam,Sonitpur,957,957,782,712,254
21-04-2022,PMKVY 2.0,CSCM,STT,Assam,Sonitpur,7050,6883,5668,4802,2293
21-04-2022,PMKVY 2.0,CSSM,STT,Assam,South Salmara Mancachar,810,780,697,601,0
21-04-2022,PMKVY 2.0,CSCM,STT,Assam,South Salmara Mancachar,840,840,802,748,214
21-04-2022,PMKVY 2.0,CSSM,STT,Assam,Tinsukia,897,891,857,680,444
21-04-2022,PMKVY 2.0,CSCM,STT,Assam,Tinsukia,4228,4126,3367,3055,1592
21-04-2022,PMKVY 2.0,CSCM,STT,Assam,Udalguri,3360,3239,3048,2697,1117
21-04-2022,PMKVY 2.0,CSSM,STT,Assam,Udalguri,810,690,684,643,158
21-04-2022,PMKVY 2.0,CSCM,STT,Assam,West Karbi Anglong,2079,1986,1613,1514,912
21-04-2022,PMKVY 3.0,CSCM,RPL,Assam,Baksa,450,450,380,340,0
21-04-2022,PMKVY 3.0,CSSM,RPL,Assam,Baksa,77,77,43,37,0
21-04-2022,PMKVY 3.0,CSCM,RPL,Assam,Barpeta,62,62,42,42,0
21-04-2022,PMKVY 3.0,CSSM,RPL,Assam,Barpeta,300,300,261,234,0
21-04-2022,PMKVY 3.0,CSSM,RPL,Assam,Biswanath,390,390,389,389,0
21-04-2022,PMKVY 3.0,CSCM,RPL,Assam,Biswanath,1,1,0,0,0
21-04-2022,PMKVY 3.0,CSCM,RPL,Assam,Bongaigaon,250,250,249,219,0
21-04-2022,PMKVY 3.0,CSCM,RPL,Assam,Cachar,283,283,250,235,0
21-04-2022,PMKVY 3.0,CSSM,RPL,Assam,Cachar,510,510,413,324,0
21-04-2022,PMKVY 3.0,CSCM,RPL,Assam,Chirang,48,37,17,14,0
21-04-2022,PMKVY 3.0,CSCM,RPL,Assam,Darrang,50,50,33,28,0
21-04-2022,PMKVY 3.0,CSSM,RPL,Assam,Darrang,179,179,150,150,0
21-04-2022,PMKVY 3.0,CSCM,RPL,Assam,Dhemaji,1,1,0,0,0
21-04-2022,PMKVY 3.0,CSSM,RPL,Assam,Dhubri,287,287,208,208,0
21-04-2022,PMKVY 3.0,CSCM,RPL,Assam,Dhubri,1,1,0,0,0
21-04-2022,PMKVY 3.0,CSCM,RPL,Assam,Dibrugarh,21,21,8,8,0
21-04-2022,PMKVY 3.0,CSCM,RPL,Assam,Goalpara,1,1,0,0,0
21-04-2022,PMKVY 3.0,CSSM,RPL,Assam,Goalpara,400,400,251,203,0
21-04-2022,PMKVY 3.0,CSCM,RPL,Assam,Hailakandi,550,550,512,401,0
21-04-2022,PMKVY 3.0,CSCM,RPL,Assam,Hojai,40,40,39,0,0
21-04-2022,PMKVY 3.0,CSCM,RPL,Assam,Jorhat,5,5,0,0,0
21-04-2022,PMKVY 3.0,CSSM,RPL,Assam,Kamrup,1264,1264,921,888,0
21-04-2022,PMKVY 3.0,CSCM,RPL,Assam,Kamrup,339,339,206,174,0
21-04-2022,PMKVY 3.0,CSCM,RPL,Assam,Kamrup Metro,328,281,127,107,0
21-04-2022,PMKVY 3.0,CSCM,RPL,Assam,Karbi Anglong,1,1,0,0,0
21-04-2022,PMKVY 3.0,CSCM,RPL,Assam,Karimganj,200,200,99,73,0
21-04-2022,PMKVY 3.0,CSCM,RPL,Assam,Kokrajhar,252,252,146,127,0
21-04-2022,PMKVY 3.0,CSSM,RPL,Assam,Lakhimpur,190,190,190,185,0
21-04-2022,PMKVY 3.0,CSCM,RPL,Assam,Lakhimpur,388,388,8,6,0
21-04-2022,PMKVY 3.0,CSSM,RPL,Assam,Marigaon,300,300,167,165,0
21-04-2022,PMKVY 3.0,CSCM,RPL,Assam,Marigaon,202,202,114,105,0
21-04-2022,PMKVY 3.0,CSCM,RPL,Assam,Nagaon,60,60,40,33,0
21-04-2022,PMKVY 3.0,CSCM,RPL,Assam,Nalbari,163,163,50,30,0
21-04-2022,PMKVY 3.0,CSSM,RPL,Assam,Nalbari,313,313,232,201,0
21-04-2022,PMKVY 3.0,CSCM,RPL,Assam,Sivasagar,2,2,0,0,0
21-04-2022,PMKVY 3.0,CSCM,RPL,Assam,Sonitpur,18,18,0,0,0
21-04-2022,PMKVY 3.0,CSSM,RPL,Assam,Sonitpur,300,300,300,300,0
21-04-2022,PMKVY 3.0,CSCM,RPL,Assam,Tinsukia,5,5,0,0,0
21-04-2022,PMKVY 3.0,CSSM,RPL,Assam,Udalguri,120,120,92,89,0
21-04-2022,PMKVY 3.0,CSCM,RPL,Assam,Udalguri,1,1,0,0,0
21-04-2022,PMKVY 3.0,CSCM,SP,Assam,Baksa,1219,1139,978,82,0
21-04-2022,PMKVY 3.0,CSCM,SP,Assam,Barpeta,1230,1230,873,28,0
21-04-2022,PMKVY 3.0,CSCM,SP,Assam,Bongaigaon,180,160,159,0,0
21-04-2022,PMKVY 3.0,CSCM,SP,Assam,Cachar,120,80,80,0,0
21-04-2022,PMKVY 3.0,CSCM,SP,Assam,Charaideo,410,410,119,0,0
21-04-2022,PMKVY 3.0,CSCM,SP,Assam,Darrang,326,324,188,30,0
21-04-2022,PMKVY 3.0,CSCM,SP,Assam,Dhemaji,160,160,60,0,0
21-04-2022,PMKVY 3.0,CSCM,SP,Assam,Dhubri,260,260,258,25,0
21-04-2022,PMKVY 3.0,CSCM,SP,Assam,Dibrugarh,256,236,179,0,0
21-04-2022,PMKVY 3.0,CSCM,SP,Assam,Goalpara,60,60,0,0,0
21-04-2022,PMKVY 3.0,CSCM,SP,Assam,Hailakandi,450,380,380,163,0
21-04-2022,PMKVY 3.0,CSCM,SP,Assam,Hojai,39,39,37,0,0
21-04-2022,PMKVY 3.0,CSCM,SP,Assam,Kamrup,481,461,420,103,0
21-04-2022,PMKVY 3.0,CSCM,SP,Assam,Kamrup Metro,767,656,471,52,0
21-04-2022,PMKVY 3.0,CSCM,SP,Assam,Karbi Anglong,440,440,335,0,0
21-04-2022,PMKVY 3.0,CSCM,SP,Assam,Kokrajhar,298,278,150,0,0
21-04-2022,PMKVY 3.0,CSCM,SP,Assam,Lakhimpur,80,79,77,0,0
21-04-2022,PMKVY 3.0,CSCM,SP,Assam,Nagaon,794,794,612,22,0
21-04-2022,PMKVY 3.0,CSCM,SP,Assam,Nalbari,224,172,107,0,0
21-04-2022,PMKVY 3.0,CSCM,SP,Assam,Sivasagar,120,120,91,0,0
21-04-2022,PMKVY 3.0,CSCM,SP,Assam,Sonitpur,200,160,155,32,0
21-04-2022,PMKVY 3.0,CSCM,SP,Assam,South Salmara Mancachar,320,320,320,0,0
21-04-2022,PMKVY 3.0,CSCM,SP,Assam,Tinsukia,109,109,96,0,0
21-04-2022,PMKVY 3.0,CSCM,SP,Assam,Udalguri,1000,1000,834,0,0
21-04-2022,PMKVY 3.0,CSCM,STT,Assam,Baksa,480,240,117,96,58
21-04-2022,PMKVY 3.0,CSSM,STT,Assam,Baksa,180,120,59,52,41
21-04-2022,PMKVY 3.0,CSSM,STT,Assam,Barpeta,347,240,199,159,106
21-04-2022,PMKVY 3.0,CSCM,STT,Assam,Barpeta,560,120,79,44,0
21-04-2022,PMKVY 3.0,CSCM,STT,Assam,Biswanath,378,120,118,113,0
21-04-2022,PMKVY 3.0,CSSM,STT,Assam,Biswanath,30,30,24,21,19
21-04-2022,PMKVY 3.0,CSCM,STT,Assam,Bongaigaon,641,200,119,106,79
21-04-2022,PMKVY 3.0,CSSM,STT,Assam,Cachar,60,60,0,0,0
21-04-2022,PMKVY 3.0,CSCM,STT,Assam,Cachar,749,144,138,84,65
21-04-2022,PMKVY 3.0,CSSM,STT,Assam,Chirang,120,90,90,86,65
21-04-2022,PMKVY 3.0,CSCM,STT,Assam,Chirang,581,171,117,93,76
21-04-2022,PMKVY 3.0,CSSM,STT,Assam,Darrang,60,60,30,28,0
21-04-2022,PMKVY 3.0,CSCM,STT,Assam,Darrang,360,150,78,72,29
21-04-2022,PMKVY 3.0,CSCM,STT,Assam,Dhemaji,40,0,0,0,0
21-04-2022,PMKVY 3.0,CSSM,STT,Assam,Dhubri,240,240,193,173,21
21-04-2022,PMKVY 3.0,CSCM,STT,Assam,Dhubri,498,120,114,105,85
21-04-2022,PMKVY 3.0,CSCM,STT,Assam,Dibrugarh,132,0,0,0,0
21-04-2022,PMKVY 3.0,CSSM,STT,Assam,Dibrugarh,180,180,25,25,0
21-04-2022,PMKVY 3.0,CSCM,STT,Assam,Dima Hasao,180,150,140,127,0
21-04-2022,PMKVY 3.0,CSSM,STT,Assam,Goalpara,120,120,120,87,73
21-04-2022,PMKVY 3.0,CSCM,STT,Assam,Goalpara,597,120,116,105,85
21-04-2022,PMKVY 3.0,CSCM,STT,Assam,Golaghat,180,120,93,67,0
21-04-2022,PMKVY 3.0,CSSM,STT,Assam,Golaghat,115,115,42,24,8
21-04-2022,PMKVY 3.0,CSCM,STT,Assam,Hailakandi,680,160,115,106,84
21-04-2022,PMKVY 3.0,CSCM,STT,Assam,Hojai,150,120,0,0,0
21-04-2022,PMKVY 3.0,CSCM,STT,Assam,Jorhat,255,0,0,0,0
21-04-2022,PMKVY 3.0,CSSM,STT,Assam,Jorhat,120,120,43,39,0
21-04-2022,PMKVY 3.0,CSSM,STT,Assam,Kamrup,270,210,107,99,74
21-04-2022,PMKVY 3.0,CSCM,STT,Assam,Kamrup,700,150,110,69,17
21-04-2022,PMKVY 3.0,CSCM,STT,Assam,Kamrup Metro,925,260,57,46,26
21-04-2022,PMKVY 3.0,CSSM,STT,Assam,Kamrup Metro,444,414,362,273,56
21-04-2022,PMKVY 3.0,CSCM,STT,Assam,Karbi Anglong,370,100,82,77,0
21-04-2022,PMKVY 3.0,CSCM,STT,Assam,Karimganj,631,120,97,79,0
21-04-2022,PMKVY 3.0,CSSM,STT,Assam,Karimganj,120,120,111,102,0
21-04-2022,PMKVY 3.0,CSCM,STT,Assam,Kokrajhar,585,120,75,52,41
21-04-2022,PMKVY 3.0,CSSM,STT,Assam,Kokrajhar,120,120,106,101,0
21-04-2022,PMKVY 3.0,CSCM,STT,Assam,Lakhimpur,506,120,113,87,70
21-04-2022,PMKVY 3.0,CSSM,STT,Assam,Majuli,120,120,29,12,0
21-04-2022,PMKVY 3.0,CSCM,STT,Assam,Majuli,545,120,108,103,0
21-04-2022,PMKVY 3.0,CSCM,STT,Assam,Marigaon,360,150,78,66,10
21-04-2022,PMKVY 3.0,CSSM,STT,Assam,Marigaon,120,120,74,62,21
21-04-2022,PMKVY 3.0,CSCM,STT,Assam,Nagaon,312,120,0,0,0
21-04-2022,PMKVY 3.0,CSSM,STT,Assam,Nagaon,143,143,112,110,0
21-04-2022,PMKVY 3.0,CSSM,STT,Assam,Nalbari,180,150,132,112,80
21-04-2022,PMKVY 3.0,CSCM,STT,Assam,Nalbari,480,160,93,90,0
21-04-2022,PMKVY 3.0,CSCM,STT,Assam,Sivasagar,132,0,0,0,0
21-04-2022,PMKVY 3.0,CSSM,STT,Assam,Sonitpur,270,270,130,103,91
21-04-2022,PMKVY 3.0,CSCM,STT,Assam,Sonitpur,382,120,73,63,0
21-04-2022,PMKVY 3.0,CSCM,STT,Assam,South Salmara Mancachar,376,120,116,105,87
21-04-2022,PMKVY 3.0,CSSM,STT,Assam,South Salmara Mancachar,60,60,46,36,0
21-04-2022,PMKVY 3.0,CSCM,STT,Assam,Tinsukia,71,0,0,0,0
21-04-2022,PMKVY 3.0,CSSM,STT,Assam,Tinsukia,90,90,30,0,0
21-04-2022,PMKVY 3.0,CSSM,STT,Assam,Udalguri,60,60,50,47,18
21-04-2022,PMKVY 3.0,CSCM,STT,Assam,Udalguri,300,120,64,52,0
21-04-2022,PMKVY 3.0,CSCM,STT,Assam,West Karbi Anglong,120,120,83,73,0
21-04-2022,PMKVY 2.0,CSCM,RPL,Bihar,Araria,1270,1018,962,942,0
21-04-2022,PMKVY 2.0,CSCM,RPL,Bihar,Arwal,843,843,832,816,0
21-04-2022,PMKVY 2.0,CSCM,RPL,Bihar,Aurangabad,5186,5134,4710,4277,0
21-04-2022,PMKVY 2.0,CSCM,RPL,Bihar,Banka,2394,2380,1680,1549,0
21-04-2022,PMKVY 2.0,CSCM,RPL,Bihar,Begusarai,2729,2664,2234,2037,0
21-04-2022,PMKVY 2.0,CSCM,RPL,Bihar,Bhagalpur,3955,3811,3346,3092,0
21-04-2022,PMKVY 2.0,CSCM,RPL,Bihar,Bhojpur,4507,4377,3772,3311,0
21-04-2022,PMKVY 2.0,CSCM,RPL,Bihar,Buxar,5465,5365,4630,4034,0
21-04-2022,PMKVY 2.0,CSCM,RPL,Bihar,Darbhanga,3597,3430,2984,2929,0
21-04-2022,PMKVY 2.0,CSCM,RPL,Bihar,Gaya,11105,11081,10490,10200,0
21-04-2022,PMKVY 2.0,CSCM,RPL,Bihar,Gopalganj,2315,2112,1921,1746,0
21-04-2022,PMKVY 2.0,CSCM,RPL,Bihar,Jamui,12075,11888,11637,11354,0
21-04-2022,PMKVY 2.0,CSCM,RPL,Bihar,Jehanabad,5810,5760,5501,5337,0
21-04-2022,PMKVY 2.0,CSCM,RPL,Bihar,Kaimur (Bhabua),1523,1523,1263,1052,0
21-04-2022,PMKVY 2.0,CSCM,RPL,Bihar,Katihar,2516,2486,2004,1934,0
21-04-2022,PMKVY 2.0,CSCM,RPL,Bihar,Khagaria,5664,5437,5052,4640,0
21-04-2022,PMKVY 2.0,CSCM,RPL,Bihar,Kishanganj,1998,1968,1597,1414,0
21-04-2022,PMKVY 2.0,CSCM,RPL,Bihar,Lakhisarai,5144,5144,4835,4277,0
21-04-2022,PMKVY 2.0,CSCM,RPL,Bihar,Madhepura,4688,4658,4306,4038,0
21-04-2022,PMKVY 2.0,CSCM,RPL,Bihar,Madhubani,13397,13397,13192,13100,0
21-04-2022,PMKVY 2.0,CSCM,RPL,Bihar,Munger,16364,16333,15692,15442,0
21-04-2022,PMKVY 2.0,CSCM,RPL,Bihar,Muzaffarpur,13077,12878,11820,11183,0
21-04-2022,PMKVY 2.0,CSCM,RPL,Bihar,Nalanda,4289,4057,3511,3145,0
21-04-2022,PMKVY 2.0,CSCM,RPL,Bihar,Nawada,5342,5292,4439,3989,0
21-04-2022,PMKVY 2.0,CSCM,RPL,Bihar,Pashchim Champaran,10661,10557,9728,8565,0
21-04-2022,PMKVY 2.0,CSCM,RPL,Bihar,Patna,31981,31728,27874,25648,0
21-04-2022,PMKVY 2.0,CSCM,RPL,Bihar,Purbi Champaran,8826,8760,8057,7380,0
21-04-2022,PMKVY 2.0,CSCM,RPL,Bihar,Purnia,8043,7814,7024,6657,0
21-04-2022,PMKVY 2.0,CSCM,RPL,Bihar,Rohtas,4860,4719,3888,3494,0
21-04-2022,PMKVY 2.0,CSCM,RPL,Bihar,Saharsa,3486,3244,2779,2500,0
21-04-2022,PMKVY 2.0,CSCM,RPL,Bihar,Samastipur,5891,5851,5435,5207,0
21-04-2022,PMKVY 2.0,CSCM,RPL,Bihar,Saran,17812,17726,15540,13365,0
21-04-2022,PMKVY 2.0,CSCM,RPL,Bihar,Sheikhpura,95,47,32,26,0
21-04-2022,PMKVY 2.0,CSCM,RPL,Bihar,Sheohar,420,364,319,296,0
21-04-2022,PMKVY 2.0,CSCM,RPL,Bihar,Sitamarhi,1208,1128,1041,957,0
21-04-2022,PMKVY 2.0,CSCM,RPL,Bihar,Siwan,3425,3355,3046,2837,0
21-04-2022,PMKVY 2.0,CSCM,RPL,Bihar,Supaul,2729,2680,2557,2486,0
21-04-2022,PMKVY 2.0,CSCM,RPL,Bihar,Vaishali,3497,3454,3039,2738,0
21-04-2022,PMKVY 2.0,CSCM,SP,Bihar,Bhagalpur,152,110,98,94,38
21-04-2022,PMKVY 2.0,CSCM,SP,Bihar,Bhojpur,56,56,51,36,56
21-04-2022,PMKVY 2.0,CSCM,SP,Bihar,Buxar,30,30,30,11,0
21-04-2022,PMKVY 2.0,CSCM,SP,Bihar,Gopalganj,1730,1700,1622,1433,542
21-04-2022,PMKVY 2.0,CSCM,SP,Bihar,Jamui,133,132,127,102,99
21-04-2022,PMKVY 2.0,CSCM,SP,Bihar,Lakhisarai,30,30,30,28,0
21-04-2022,PMKVY 2.0,CSCM,SP,Bihar,Muzaffarpur,507,492,460,392,178
21-04-2022,PMKVY 2.0,CSCM,SP,Bihar,Nawada,232,230,157,157,0
21-04-2022,PMKVY 2.0,CSCM,SP,Bihar,Pashchim Champaran,140,140,78,72,35
21-04-2022,PMKVY 2.0,CSCM,SP,Bihar,Patna,150,90,90,80,30
21-04-2022,PMKVY 2.0,CSCM,SP,Bihar,Purbi Champaran,50,50,48,29,25
21-04-2022,PMKVY 2.0,CSCM,SP,Bihar,Purnia,120,120,116,116,108
21-04-2022,PMKVY 2.0,CSCM,SP,Bihar,Saharsa,300,300,283,263,125
21-04-2022,PMKVY 2.0,CSCM,SP,Bihar,Saran,2998,2969,2966,2845,72
21-04-2022,PMKVY 2.0,CSCM,STT,Bihar,Araria,3207,3175,2636,2074,980
21-04-2022,PMKVY 2.0,CSSM,STT,Bihar,Araria,125,100,71,68,0
21-04-2022,PMKVY 2.0,CSSM,STT,Bihar,Arwal,239,239,149,141,43
21-04-2022,PMKVY 2.0,CSCM,STT,Bihar,Arwal,1820,1570,1520,1425,829
21-04-2022,PMKVY 2.0,CSCM,STT,Bihar,Aurangabad,8967,7494,7337,6548,3454
21-04-2022,PMKVY 2.0,CSSM,STT,Bihar,Aurangabad,120,120,57,46,0
21-04-2022,PMKVY 2.0,CSCM,STT,Bihar,Banka,6909,6238,5793,4827,2687
21-04-2022,PMKVY 2.0,CSCM,STT,Bihar,Begusarai,4331,3931,3861,3391,2299
21-04-2022,PMKVY 2.0,CSSM,STT,Bihar,Begusarai,330,330,258,242,16
21-04-2022,PMKVY 2.0,CSSM,STT,Bihar,Bhagalpur,621,558,216,201,0
21-04-2022,PMKVY 2.0,CSCM,STT,Bihar,Bhagalpur,5293,4590,4545,4238,2017
21-04-2022,PMKVY 2.0,CSSM,STT,Bihar,Bhojpur,270,268,178,143,18
21-04-2022,PMKVY 2.0,CSCM,STT,Bihar,Bhojpur,9812,9361,8637,7315,4262
21-04-2022,PMKVY 2.0,CSCM,STT,Bihar,Buxar,7012,6803,6365,5585,2714
21-04-2022,PMKVY 2.0,CSSM,STT,Bihar,Buxar,412,412,317,298,89
21-04-2022,PMKVY 2.0,CSCM,STT,Bihar,Darbhanga,7484,6905,6765,5522,3387
21-04-2022,PMKVY 2.0,CSSM,STT,Bihar,Darbhanga,145,144,52,41,0
21-04-2022,PMKVY 2.0,CSSM,STT,Bihar,Gaya,90,90,0,0,0
21-04-2022,PMKVY 2.0,CSCM,STT,Bihar,Gaya,8217,7555,7379,6366,3179
21-04-2022,PMKVY 2.0,CSSM,STT,Bihar,Gopalganj,300,300,248,222,0
21-04-2022,PMKVY 2.0,CSCM,STT,Bihar,Gopalganj,13279,12741,12356,11079,4068
21-04-2022,PMKVY 2.0,CSCM,STT,Bihar,Jamui,3890,3119,3108,2947,2172
21-04-2022,PMKVY 2.0,CSSM,STT,Bihar,Jehanabad,240,228,33,25,0
21-04-2022,PMKVY 2.0,CSCM,STT,Bihar,Jehanabad,5177,4766,4463,3912,2131
21-04-2022,PMKVY 2.0,CSCM,STT,Bihar,Kaimur (Bhabua),7765,7177,6686,5615,3234
21-04-2022,PMKVY 2.0,CSCM,STT,Bihar,Katihar,8132,7885,6947,5645,3171
21-04-2022,PMKVY 2.0,CSSM,STT,Bihar,Katihar,44,44,23,20,0
21-04-2022,PMKVY 2.0,CSCM,STT,Bihar,Khagaria,6411,6200,5961,5229,2584
21-04-2022,PMKVY 2.0,CSSM,STT,Bihar,Khagaria,58,58,39,35,0
21-04-2022,PMKVY 2.0,CSCM,STT,Bihar,Kishanganj,5274,5145,4174,3499,2024
21-04-2022,PMKVY 2.0,CSSM,STT,Bihar,Kishanganj,69,69,65,62,0
21-04-2022,PMKVY 2.0,CSSM,STT,Bihar,Lakhisarai,120,120,0,0,0
21-04-2022,PMKVY 2.0,CSCM,STT,Bihar,Lakhisarai,2169,2025,1968,1790,1173
21-04-2022,PMKVY 2.0,CSSM,STT,Bihar,Madhepura,169,169,46,0,0
21-04-2022,PMKVY 2.0,CSCM,STT,Bihar,Madhepura,5134,4166,3606,2855,1479
21-04-2022,PMKVY 2.0,CSCM,STT,Bihar,Madhubani,9760,9693,8855,8036,4029
21-04-2022,PMKVY 2.0,CSSM,STT,Bihar,Madhubani,412,408,174,118,25
21-04-2022,PMKVY 2.0,CSCM,STT,Bihar,Munger,1599,1498,1475,1378,145
21-04-2022,PMKVY 2.0,CSSM,STT,Bihar,Munger,281,280,227,220,0
21-04-2022,PMKVY 2.0,CSSM,STT,Bihar,Muzaffarpur,382,322,128,106,0
21-04-2022,PMKVY 2.0,CSCM,STT,Bihar,Muzaffarpur,11516,10486,10015,8550,6225
21-04-2022,PMKVY 2.0,CSCM,STT,Bihar,Nalanda,11894,10785,10545,9231,4161
21-04-2022,PMKVY 2.0,CSSM,STT,Bihar,Nalanda,90,90,51,17,0
21-04-2022,PMKVY 2.0,CSSM,STT,Bihar,Nawada,90,90,85,66,0
21-04-2022,PMKVY 2.0,CSCM,STT,Bihar,Nawada,4623,4159,4061,3628,1436
21-04-2022,PMKVY 2.0,CSCM,STT,Bihar,Pashchim Champaran,6585,6316,5941,5261,2978
21-04-2022,PMKVY 2.0,CSSM,STT,Bihar,Pashchim Champaran,266,242,204,126,0
21-04-2022,PMKVY 2.0,CSSM,STT,Bihar,Patna,1441,1310,906,784,16
21-04-2022,PMKVY 2.0,CSCM,STT,Bihar,Patna,20222,18949,17890,16240,8161
21-04-2022,PMKVY 2.0,CSSM,STT,Bihar,Purbi Champaran,223,217,153,144,0
21-04-2022,PMKVY 2.0,CSCM,STT,Bihar,Purbi Champaran,7775,7384,7038,6145,4192
21-04-2022,PMKVY 2.0,CSCM,STT,Bihar,Purnia,8441,8060,7163,6142,2961
21-04-2022,PMKVY 2.0,CSSM,STT,Bihar,Purnia,265,262,51,42,0
21-04-2022,PMKVY 2.0,CSSM,STT,Bihar,Rohtas,30,30,0,0,0
21-04-2022,PMKVY 2.0,CSCM,STT,Bihar,Rohtas,13837,13304,12660,10746,5434
21-04-2022,PMKVY 2.0,CSCM,STT,Bihar,Saharsa,6078,5727,4786,3909,2168
21-04-2022,PMKVY 2.0,CSCM,STT,Bihar,Samastipur,5862,5306,5140,4433,2059
21-04-2022,PMKVY 2.0,CSSM,STT,Bihar,Samastipur,88,88,30,29,0
21-04-2022,PMKVY 2.0,CSCM,STT,Bihar,Saran,11007,10193,9323,7674,5202
21-04-2022,PMKVY 2.0,CSSM,STT,Bihar,Saran,225,222,58,49,0
21-04-2022,PMKVY 2.0,CSCM,STT,Bihar,Sheikhpura,3028,2786,2725,2390,1230
21-04-2022,PMKVY 2.0,CSCM,STT,Bihar,Sheohar,1905,1752,1707,1591,1173
21-04-2022,PMKVY 2.0,CSSM,STT,Bihar,Sitamarhi,60,60,0,0,0
21-04-2022,PMKVY 2.0,CSCM,STT,Bihar,Sitamarhi,1641,1620,1515,1396,881
21-04-2022,PMKVY 2.0,CSSM,STT,Bihar,Siwan,180,167,85,82,10
21-04-2022,PMKVY 2.0,CSCM,STT,Bihar,Siwan,14291,13647,13007,10996,5114
21-04-2022,PMKVY 2.0,CSCM,STT,Bihar,Supaul,3959,3810,3340,2766,1167
21-04-2022,PMKVY 2.0,CSCM,STT,Bihar,Vaishali,7216,6392,6308,5685,3413
21-04-2022,PMKVY 2.0,CSSM,STT,Bihar,Vaishali,854,843,529,457,0
21-04-2022,PMKVY 3.0,CSCM,RPL,Bihar,Arwal,200,200,188,173,0
21-04-2022,PMKVY 3.0,CSCM,RPL,Bihar,Aurangabad,265,265,198,164,0
21-04-2022,PMKVY 3.0,CSSM,RPL,Bihar,Aurangabad,100,100,0,0,0
21-04-2022,PMKVY 3.0,CSSM,RPL,Bihar,Banka,50,50,50,49,0
21-04-2022,PMKVY 3.0,CSCM,RPL,Bihar,Banka,181,181,164,121,0
21-04-2022,PMKVY 3.0,CSCM,RPL,Bihar,Begusarai,165,160,113,95,0
21-04-2022,PMKVY 3.0,CSSM,RPL,Bihar,Begusarai,200,200,122,107,0
21-04-2022,PMKVY 3.0,CSCM,RPL,Bihar,Bhagalpur,158,158,130,2,0
21-04-2022,PMKVY 3.0,CSSM,RPL,Bihar,Bhagalpur,100,100,84,54,0
21-04-2022,PMKVY 3.0,CSCM,RPL,Bihar,Bhojpur,51,51,37,15,0
21-04-2022,PMKVY 3.0,CSCM,RPL,Bihar,Buxar,1,1,0,0,0
21-04-2022,PMKVY 3.0,CSCM,RPL,Bihar,Darbhanga,215,215,163,128,0
21-04-2022,PMKVY 3.0,CSCM,RPL,Bihar,Gaya,259,259,211,173,0
21-04-2022,PMKVY 3.0,CSCM,RPL,Bihar,Gopalganj,30,30,10,10,0
21-04-2022,PMKVY 3.0,CSCM,RPL,Bihar,Jamui,276,276,255,226,0
21-04-2022,PMKVY 3.0,CSCM,RPL,Bihar,Jehanabad,25,25,23,2,0
21-04-2022,PMKVY 3.0,CSSM,RPL,Bihar,Jehanabad,200,200,0,0,0
21-04-2022,PMKVY 3.0,CSCM,RPL,Bihar,Khagaria,161,161,117,113,0
21-04-2022,PMKVY 3.0,CSCM,RPL,Bihar,Kishanganj,20,20,18,16,0
21-04-2022,PMKVY 3.0,CSCM,RPL,Bihar,Lakhisarai,51,51,48,31,0
21-04-2022,PMKVY 3.0,CSSM,RPL,Bihar,Madhepura,100,100,74,51,0
21-04-2022,PMKVY 3.0,CSCM,RPL,Bihar,Madhepura,121,121,112,94,0
21-04-2022,PMKVY 3.0,CSSM,RPL,Bihar,Madhubani,100,100,100,100,0
21-04-2022,PMKVY 3.0,CSCM,RPL,Bihar,Madhubani,74,74,42,34,0
21-04-2022,PMKVY 3.0,CSCM,RPL,Bihar,Munger,201,201,200,174,0
21-04-2022,PMKVY 3.0,CSSM,RPL,Bihar,Munger,80,80,77,74,0
21-04-2022,PMKVY 3.0,CSSM,RPL,Bihar,Muzaffarpur,73,73,63,47,0
21-04-2022,PMKVY 3.0,CSCM,RPL,Bihar,Muzaffarpur,386,356,226,147,0
21-04-2022,PMKVY 3.0,CSCM,RPL,Bihar,Nalanda,276,276,187,146,0
21-04-2022,PMKVY 3.0,CSSM,RPL,Bihar,Nawada,60,60,0,0,0
21-04-2022,PMKVY 3.0,CSCM,RPL,Bihar,Nawada,251,251,217,191,0
21-04-2022,PMKVY 3.0,CSCM,RPL,Bihar,Pashchim Champaran,201,201,134,116,0
21-04-2022,PMKVY 3.0,CSSM,RPL,Bihar,Pashchim Champaran,100,100,98,68,0
21-04-2022,PMKVY 3.0,CSCM,RPL,Bihar,Patna,535,523,300,261,0
21-04-2022,PMKVY 3.0,CSCM,RPL,Bihar,Purbi Champaran,435,435,186,165,0
21-04-2022,PMKVY 3.0,CSCM,RPL,Bihar,Purnia,26,26,17,17,0
21-04-2022,PMKVY 3.0,CSCM,RPL,Bihar,Rohtas,52,52,38,32,0
21-04-2022,PMKVY 3.0,CSCM,RPL,Bihar,Saharsa,13,13,0,0,0
21-04-2022,PMKVY 3.0,CSSM,RPL,Bihar,Samastipur,58,58,0,0,0
21-04-2022,PMKVY 3.0,CSCM,RPL,Bihar,Samastipur,287,287,278,245,0
21-04-2022,PMKVY 3.0,CSCM,RPL,Bihar,Saran,202,202,166,96,0
21-04-2022,PMKVY 3.0,CSCM,RPL,Bihar,Sheikhpura,201,201,200,180,0
21-04-2022,PMKVY 3.0,CSCM,RPL,Bihar,Sheohar,120,120,120,85,0
21-04-2022,PMKVY 3.0,CSSM,RPL,Bihar,Sheohar,200,200,143,131,0
21-04-2022,PMKVY 3.0,CSCM,RPL,Bihar,Sitamarhi,1,1,0,0,0
21-04-2022,PMKVY 3.0,CSSM,RPL,Bihar,Siwan,60,60,29,26,0
21-04-2022,PMKVY 3.0,CSCM,RPL,Bihar,Siwan,279,279,270,235,0
21-04-2022,PMKVY 3.0,CSCM,RPL,Bihar,Vaishali,102,102,99,65,0
21-04-2022,PMKVY 3.0,CSSM,RPL,Bihar,Vaishali,108,108,95,89,0
21-04-2022,PMKVY 3.0,CSCM,SP,Bihar,Aurangabad,883,883,821,0,0
21-04-2022,PMKVY 3.0,CSCM,SP,Bihar,Banka,600,600,549,80,0
21-04-2022,PMKVY 3.0,CSCM,SP,Bihar,Begusarai,320,320,307,0,0
21-04-2022,PMKVY 3.0,CSCM,SP,Bihar,Bhagalpur,180,160,160,0,0
21-04-2022,PMKVY 3.0,CSCM,SP,Bihar,Bhojpur,427,427,384,0,0
21-04-2022,PMKVY 3.0,CSCM,SP,Bihar,Buxar,160,110,110,0,0
21-04-2022,PMKVY 3.0,CSCM,SP,Bihar,Darbhanga,502,502,502,0,0
21-04-2022,PMKVY 3.0,CSCM,SP,Bihar,Gaya,632,632,624,0,0
21-04-2022,PMKVY 3.0,CSCM,SP,Bihar,Gopalganj,550,540,514,11,0
21-04-2022,PMKVY 3.0,CSCM,SP,Bihar,Jamui,240,240,231,0,0
21-04-2022,PMKVY 3.0,CSCM,SP,Bihar,Katihar,200,200,198,0,0
21-04-2022,PMKVY 3.0,CSCM,SP,Bihar,Khagaria,453,452,412,59,0
21-04-2022,PMKVY 3.0,CSCM,SP,Bihar,Lakhisarai,80,80,79,0,0
21-04-2022,PMKVY 3.0,CSCM,SP,Bihar,Madhepura,240,240,214,30,0
21-04-2022,PMKVY 3.0,CSCM,SP,Bihar,Madhubani,340,220,195,0,0
21-04-2022,PMKVY 3.0,CSCM,SP,Bihar,Munger,140,120,119,0,0
21-04-2022,PMKVY 3.0,CSCM,SP,Bihar,Muzaffarpur,844,783,711,69,0
21-04-2022,PMKVY 3.0,CSCM,SP,Bihar,Nalanda,1165,995,989,0,0
21-04-2022,PMKVY 3.0,CSCM,SP,Bihar,Nawada,480,480,476,0,0
21-04-2022,PMKVY 3.0,CSCM,SP,Bihar,Pashchim Champaran,120,120,116,0,0
21-04-2022,PMKVY 3.0,CSCM,SP,Bihar,Patna,789,769,678,110,0
21-04-2022,PMKVY 3.0,CSCM,SP,Bihar,Purbi Champaran,567,409,322,0,0
21-04-2022,PMKVY 3.0,CSCM,SP,Bihar,Rohtas,200,200,195,0,0
21-04-2022,PMKVY 3.0,CSCM,SP,Bihar,Saharsa,192,160,143,0,0
21-04-2022,PMKVY 3.0,CSCM,SP,Bihar,Saran,805,769,735,187,0
21-04-2022,PMKVY 3.0,CSCM,SP,Bihar,Sitamarhi,199,199,159,0,0
21-04-2022,PMKVY 3.0,CSCM,SP,Bihar,Siwan,428,428,423,0,0
21-04-2022,PMKVY 3.0,CSCM,SP,Bihar,Supaul,190,190,190,0,0
21-04-2022,PMKVY 3.0,CSCM,SP,Bihar,Vaishali,460,460,447,38,0
21-04-2022,PMKVY 3.0,CSSM,STT,Bihar,Araria,50,50,0,0,0
21-04-2022,PMKVY 3.0,CSCM,STT,Bihar,Araria,200,120,29,23,0
21-04-2022,PMKVY 3.0,CSCM,STT,Bihar,Arwal,240,150,120,114,0
21-04-2022,PMKVY 3.0,CSCM,STT,Bihar,Aurangabad,720,160,110,93,56
21-04-2022,PMKVY 3.0,CSSM,STT,Bihar,Aurangabad,120,60,33,29,0
21-04-2022,PMKVY 3.0,CSSM,STT,Bihar,Banka,230,110,102,86,0
21-04-2022,PMKVY 3.0,CSCM,STT,Bihar,Banka,995,120,119,98,80
21-04-2022,PMKVY 3.0,CSCM,STT,Bihar,Begusarai,394,180,150,133,25
21-04-2022,PMKVY 3.0,CSCM,STT,Bihar,Bhagalpur,357,120,120,104,0
21-04-2022,PMKVY 3.0,CSSM,STT,Bihar,Bhagalpur,60,60,41,37,0
21-04-2022,PMKVY 3.0,CSSM,STT,Bihar,Bhojpur,40,40,0,0,0
21-04-2022,PMKVY 3.0,CSCM,STT,Bihar,Bhojpur,527,227,184,138,61
21-04-2022,PMKVY 3.0,CSCM,STT,Bihar,Buxar,360,240,117,91,39
21-04-2022,PMKVY 3.0,CSCM,STT,Bihar,Darbhanga,344,210,113,82,0
21-04-2022,PMKVY 3.0,CSCM,STT,Bihar,Gaya,736,120,120,117,84
21-04-2022,PMKVY 3.0,CSSM,STT,Bihar,Gopalganj,240,150,29,29,0
21-04-2022,PMKVY 3.0,CSCM,STT,Bihar,Jamui,753,120,119,100,86
21-04-2022,PMKVY 3.0,CSSM,STT,Bihar,Jamui,60,60,43,43,0
21-04-2022,PMKVY 3.0,CSSM,STT,Bihar,Jehanabad,120,120,98,66,0
21-04-2022,PMKVY 3.0,CSCM,STT,Bihar,Jehanabad,532,120,107,95,70
21-04-2022,PMKVY 3.0,CSSM,STT,Bihar,Kaimur (Bhabua),120,60,24,24,0
21-04-2022,PMKVY 3.0,CSCM,STT,Bihar,Kaimur (Bhabua),200,120,87,71,51
21-04-2022,PMKVY 3.0,CSCM,STT,Bihar,Katihar,494,120,56,49,0
21-04-2022,PMKVY 3.0,CSCM,STT,Bihar,Khagaria,840,120,115,108,0
21-04-2022,PMKVY 3.0,CSCM,STT,Bihar,Kishanganj,331,139,73,53,0
21-04-2022,PMKVY 3.0,CSCM,STT,Bihar,Lakhisarai,120,120,117,101,1
21-04-2022,PMKVY 3.0,CSSM,STT,Bihar,Lakhisarai,0,0,0,0,0
21-04-2022,PMKVY 3.0,CSCM,STT,Bihar,Madhepura,644,120,110,96,0
21-04-2022,PMKVY 3.0,CSSM,STT,Bihar,Madhepura,130,0,0,0,0
21-04-2022,PMKVY 3.0,CSSM,STT,Bihar,Madhubani,120,120,0,0,0
21-04-2022,PMKVY 3.0,CSCM,STT,Bihar,Madhubani,640,240,180,156,63
21-04-2022,PMKVY 3.0,CSSM,STT,Bihar,Munger,150,120,52,52,0
21-04-2022,PMKVY 3.0,CSCM,STT,Bihar,Munger,635,241,119,90,80
21-04-2022,PMKVY 3.0,CSCM,STT,Bihar,Muzaffarpur,571,355,290,194,54
21-04-2022,PMKVY 3.0,CSSM,STT,Bihar,Muzaffarpur,297,180,103,75,0
21-04-2022,PMKVY 3.0,CSCM,STT,Bihar,Nalanda,240,120,118,100,72
21-04-2022,PMKVY 3.0,CSSM,STT,Bihar,Nawada,240,120,0,0,0
21-04-2022,PMKVY 3.0,CSCM,STT,Bihar,Nawada,698,120,119,106,39
21-04-2022,PMKVY 3.0,CSSM,STT,Bihar,Pashchim Champaran,60,60,56,44,0
21-04-2022,PMKVY 3.0,CSCM,STT,Bihar,Pashchim Champaran,424,120,93,45,0
21-04-2022,PMKVY 3.0,CSCM,STT,Bihar,Patna,1091,300,231,156,52
21-04-2022,PMKVY 3.0,CSSM,STT,Bihar,Patna,275,149,21,16,0
21-04-2022,PMKVY 3.0,CSCM,STT,Bihar,Purbi Champaran,240,240,122,110,68
21-04-2022,PMKVY 3.0,CSCM,STT,Bihar,Purnia,146,120,86,54,0
21-04-2022,PMKVY 3.0,CSSM,STT,Bihar,Purnia,60,60,0,0,0
21-04-2022,PMKVY 3.0,CSCM,STT,Bihar,Rohtas,575,420,210,177,62
21-04-2022,PMKVY 3.0,CSCM,STT,Bihar,Saharsa,520,160,96,67,40
21-04-2022,PMKVY 3.0,CSCM,STT,Bihar,Samastipur,514,190,137,118,54
21-04-2022,PMKVY 3.0,CSSM,STT,Bihar,Saran,60,60,0,0,0
21-04-2022,PMKVY 3.0,CSCM,STT,Bihar,Saran,780,555,452,322,65
21-04-2022,PMKVY 3.0,CSCM,STT,Bihar,Sheikhpura,582,291,201,150,126
21-04-2022,PMKVY 3.0,CSSM,STT,Bihar,Sheohar,180,60,14,0,0
21-04-2022,PMKVY 3.0,CSCM,STT,Bihar,Sheohar,519,309,180,144,108
21-04-2022,PMKVY 3.0,CSSM,STT,Bihar,Sitamarhi,30,30,0,0,0
21-04-2022,PMKVY 3.0,CSCM,STT,Bihar,Sitamarhi,400,160,151,135,84
21-04-2022,PMKVY 3.0,CSCM,STT,Bihar,Siwan,622,510,280,220,43
21-04-2022,PMKVY 3.0,CSSM,STT,Bihar,Siwan,271,115,38,32,0
21-04-2022,PMKVY 3.0,CSCM,STT,Bihar,Supaul,199,120,60,58,0
21-04-2022,PMKVY 3.0,CSSM,STT,Bihar,Supaul,60,30,0,0,0
21-04-2022,PMKVY 3.0,CSSM,STT,Bihar,Vaishali,374,191,32,32,0
21-04-2022,PMKVY 3.0,CSCM,STT,Bihar,Vaishali,733,302,239,226,6
21-04-2022,PMKVY 2.0,CSCM,RPL,Chandigarh,Chandigarh,7332,6972,6307,5957,0
21-04-2022,PMKVY 2.0,CSCM,SP,Chandigarh,Chandigarh,1210,976,848,741,360
21-04-2022,PMKVY 2.0,CSSM,STT,Chandigarh,Chandigarh,6924,6143,5677,4917,3130
21-04-2022,PMKVY 2.0,CSCM,STT,Chandigarh,Chandigarh,6447,6369,6069,5258,2309
21-04-2022,PMKVY 3.0,CSCM,RPL,Chandigarh,Chandigarh,366,366,303,264,0
21-04-2022,PMKVY 3.0,CSSM,RPL,Chandigarh,Chandigarh,200,200,185,175,0
21-04-2022,PMKVY 3.0,CSCM,SP,Chandigarh,Chandigarh,59,59,57,16,6
21-04-2022,PMKVY 3.0,CSCM,STT,Chandigarh,Chandigarh,924,120,104,96,71
21-04-2022,PMKVY 3.0,CSSM,STT,Chandigarh,Chandigarh,236,192,163,157,16
21-04-2022,PMKVY 2.0,CSCM,RPL,Chhattisgarh,Balod,1107,1107,607,581,0
21-04-2022,PMKVY 2.0,CSCM,RPL,Chhattisgarh,Baloda Bazar,1051,1027,667,612,0
21-04-2022,PMKVY 2.0,CSCM,RPL,Chhattisgarh,Balrampur,317,317,150,144,0
21-04-2022,PMKVY 2.0,CSCM,RPL,Chhattisgarh,Bastar,1864,1815,1607,1519,0
21-04-2022,PMKVY 2.0,CSCM,RPL,Chhattisgarh,Bemetara,507,507,253,219,0
21-04-2022,PMKVY 2.0,CSCM,RPL,Chhattisgarh,Bijapur,50,50,41,36,0
21-04-2022,PMKVY 2.0,CSCM,RPL,Chhattisgarh,Bilaspur,5317,5294,4572,4363,0
21-04-2022,PMKVY 2.0,CSCM,RPL,Chhattisgarh,Dantewada,142,138,97,68,0
21-04-2022,PMKVY 2.0,CSCM,RPL,Chhattisgarh,Dhamtari,5312,5312,4715,4624,0
21-04-2022,PMKVY 2.0,CSCM,RPL,Chhattisgarh,Durg,6236,6101,5126,4539,0
21-04-2022,PMKVY 2.0,CSCM,RPL,Chhattisgarh,Gariyaband,246,246,94,86,0
21-04-2022,PMKVY 2.0,CSCM,RPL,Chhattisgarh,Janjgir-Champa,860,833,553,509,0
21-04-2022,PMKVY 2.0,CSCM,RPL,Chhattisgarh,Jashpur,219,218,163,143,0
21-04-2022,PMKVY 2.0,CSCM,RPL,Chhattisgarh,Kabirdham,306,306,175,163,0
21-04-2022,PMKVY 2.0,CSCM,RPL,Chhattisgarh,Kanker,150,150,0,0,0
21-04-2022,PMKVY 2.0,CSCM,RPL,Chhattisgarh,Kondagaon,30,30,25,19,0
21-04-2022,PMKVY 2.0,CSCM,RPL,Chhattisgarh,Korba,2317,2240,1392,1242,0
21-04-2022,PMKVY 2.0,CSCM,RPL,Chhattisgarh,Korea,2177,2177,742,692,0
21-04-2022,PMKVY 2.0,CSCM,RPL,Chhattisgarh,Mahasamund,957,957,824,592,0
21-04-2022,PMKVY 2.0,CSCM,RPL,Chhattisgarh,Mungeli,327,327,84,70,0
21-04-2022,PMKVY 2.0,CSCM,RPL,Chhattisgarh,Narayanpur,60,60,58,54,0
21-04-2022,PMKVY 2.0,CSCM,RPL,Chhattisgarh,Raigarh,4256,4115,3054,3024,0
21-04-2022,PMKVY 2.0,CSCM,RPL,Chhattisgarh,Raipur,9197,8325,6228,5673,0
21-04-2022,PMKVY 2.0,CSCM,RPL,Chhattisgarh,Rajnandgaon,3896,3869,2970,2702,0
21-04-2022,PMKVY 2.0,CSCM,RPL,Chhattisgarh,Surajpur,1694,1694,1287,1178,0
21-04-2022,PMKVY 2.0,CSCM,RPL,Chhattisgarh,Surguja,672,623,473,441,0
21-04-2022,PMKVY 2.0,CSCM,SP,Chhattisgarh,Bilaspur,30,30,27,26,0
21-04-2022,PMKVY 2.0,CSCM,SP,Chhattisgarh,Kanker,180,144,81,76,0
21-04-2022,PMKVY 2.0,CSCM,SP,Chhattisgarh,Kondagaon,214,176,151,125,0
21-04-2022,PMKVY 2.0,CSCM,SP,Chhattisgarh,Raipur,114,95,81,69,0
21-04-2022,PMKVY 2.0,CSCM,SP,Chhattisgarh,Rajnandgaon,360,300,295,273,0
21-04-2022,PMKVY 2.0,CSSM,STT,Chhattisgarh,Balod,301,301,253,198,36
21-04-2022,PMKVY 2.0,CSCM,STT,Chhattisgarh,Balod,2510,2510,2335,2065,646
21-04-2022,PMKVY 2.0,CSCM,STT,Chhattisgarh,Baloda Bazar,1380,1349,1281,1099,615
21-04-2022,PMKVY 2.0,CSSM,STT,Chhattisgarh,Baloda Bazar,310,263,224,170,31
21-04-2022,PMKVY 2.0,CSSM,STT,Chhattisgarh,Balrampur,12,12,11,10,4
21-04-2022,PMKVY 2.0,CSCM,STT,Chhattisgarh,Balrampur,3316,3164,2982,2617,1132
21-04-2022,PMKVY 2.0,CSSM,STT,Chhattisgarh,Bastar,306,298,232,151,59
21-04-2022,PMKVY 2.0,CSCM,STT,Chhattisgarh,Bastar,2104,2104,1862,1709,35
21-04-2022,PMKVY 2.0,CSCM,STT,Chhattisgarh,Bemetara,1179,1118,1042,890,444
21-04-2022,PMKVY 2.0,CSSM,STT,Chhattisgarh,Bemetara,504,504,385,330,252
21-04-2022,PMKVY 2.0,CSCM,STT,Chhattisgarh,Bijapur,538,536,458,343,30
21-04-2022,PMKVY 2.0,CSSM,STT,Chhattisgarh,Bijapur,331,330,254,106,18
21-04-2022,PMKVY 2.0,CSCM,STT,Chhattisgarh,Bilaspur,4347,3973,3351,2501,1209
21-04-2022,PMKVY 2.0,CSSM,STT,Chhattisgarh,Bilaspur,890,816,796,650,200
21-04-2022,PMKVY 2.0,CSSM,STT,Chhattisgarh,Dantewada,1810,1810,1536,1187,573
21-04-2022,PMKVY 2.0,CSCM,STT,Chhattisgarh,Dantewada,1589,1559,1271,1173,415
21-04-2022,PMKVY 2.0,CSSM,STT,Chhattisgarh,Dhamtari,1130,1082,999,790,818
21-04-2022,PMKVY 2.0,CSCM,STT,Chhattisgarh,Dhamtari,1710,1710,1508,1291,374
21-04-2022,PMKVY 2.0,CSCM,STT,Chhattisgarh,Durg,6143,5990,5616,4943,2296
21-04-2022,PMKVY 2.0,CSSM,STT,Chhattisgarh,Gariyaband,517,517,428,307,148
21-04-2022,PMKVY 2.0,CSCM,STT,Chhattisgarh,Gariyaband,536,536,465,386,158
21-04-2022,PMKVY 2.0,CSCM,STT,Chhattisgarh,Janjgir-Champa,4545,4341,4297,4004,1993
21-04-2022,PMKVY 2.0,CSSM,STT,Chhattisgarh,Janjgir-Champa,837,837,767,497,342
21-04-2022,PMKVY 2.0,CSSM,STT,Chhattisgarh,Jashpur,224,191,177,110,24
21-04-2022,PMKVY 2.0,CSCM,STT,Chhattisgarh,Jashpur,2441,2230,2000,1670,833
21-04-2022,PMKVY 2.0,CSSM,STT,Chhattisgarh,Kabirdham,540,502,246,86,7
21-04-2022,PMKVY 2.0,CSCM,STT,Chhattisgarh,Kabirdham,2027,1814,1708,1478,279
21-04-2022,PMKVY 2.0,CSSM,STT,Chhattisgarh,Kanker,270,250,203,154,23
21-04-2022,PMKVY 2.0,CSCM,STT,Chhattisgarh,Kanker,1991,1952,1903,1557,818
21-04-2022,PMKVY 2.0,CSCM,STT,Chhattisgarh,Kondagaon,513,513,458,403,298
21-04-2022,PMKVY 2.0,CSSM,STT,Chhattisgarh,Kondagaon,491,467,403,230,28
21-04-2022,PMKVY 2.0,CSCM,STT,Chhattisgarh,Korba,4007,3458,3179,2608,1241
21-04-2022,PMKVY 2.0,CSSM,STT,Chhattisgarh,Korba,797,639,547,499,243
21-04-2022,PMKVY 2.0,CSCM,STT,Chhattisgarh,Korea,3894,3564,3254,2882,1078
21-04-2022,PMKVY 2.0,CSSM,STT,Chhattisgarh,Korea,240,204,175,108,0
21-04-2022,PMKVY 2.0,CSSM,STT,Chhattisgarh,Mahasamund,197,184,119,28,0
21-04-2022,PMKVY 2.0,CSCM,STT,Chhattisgarh,Mahasamund,2439,2157,2026,1545,949
21-04-2022,PMKVY 2.0,CSSM,STT,Chhattisgarh,Mungeli,628,628,470,409,220
21-04-2022,PMKVY 2.0,CSCM,STT,Chhattisgarh,Mungeli,524,410,390,216,39
21-04-2022,PMKVY 2.0,CSSM,STT,Chhattisgarh,Narayanpur,489,484,348,187,78
21-04-2022,PMKVY 2.0,CSCM,STT,Chhattisgarh,Narayanpur,1199,1158,1024,748,114
21-04-2022,PMKVY 2.0,CSCM,STT,Chhattisgarh,Raigarh,8450,7710,7222,6377,1609
21-04-2022,PMKVY 2.0,CSSM,STT,Chhattisgarh,Raigarh,144,136,116,68,3
21-04-2022,PMKVY 2.0,CSSM,STT,Chhattisgarh,Raipur,500,448,372,290,107
21-04-2022,PMKVY 2.0,CSCM,STT,Chhattisgarh,Raipur,5523,5406,4865,4233,2178
21-04-2022,PMKVY 2.0,CSCM,STT,Chhattisgarh,Rajnandgaon,4842,4611,4186,3640,1107
21-04-2022,PMKVY 2.0,CSSM,STT,Chhattisgarh,Rajnandgaon,581,561,438,332,190
21-04-2022,PMKVY 2.0,CSSM,STT,Chhattisgarh,Sukma,209,198,155,112,0
21-04-2022,PMKVY 2.0,CSCM,STT,Chhattisgarh,Sukma,775,775,576,489,2
21-04-2022,PMKVY 2.0,CSSM,STT,Chhattisgarh,Surajpur,974,890,681,519,139
21-04-2022,PMKVY 2.0,CSCM,STT,Chhattisgarh,Surajpur,2645,2553,2384,2019,830
21-04-2022,PMKVY 2.0,CSCM,STT,Chhattisgarh,Surguja,4379,4137,3787,3211,1343
21-04-2022,PMKVY 2.0,CSSM,STT,Chhattisgarh,Surguja,740,728,502,341,90
21-04-2022,PMKVY 3.0,CSCM,RPL,Chhattisgarh,Balod,1,1,0,0,0
21-04-2022,PMKVY 3.0,CSCM,RPL,Chhattisgarh,Baloda Bazar,7,7,7,7,0
21-04-2022,PMKVY 3.0,CSCM,RPL,Chhattisgarh,Bastar,60,60,43,43,0
21-04-2022,PMKVY 3.0,CSCM,RPL,Chhattisgarh,Bemetara,1,1,0,0,0
21-04-2022,PMKVY 3.0,CSCM,RPL,Chhattisgarh,Bilaspur,8,8,1,1,0
21-04-2022,PMKVY 3.0,CSCM,RPL,Chhattisgarh,Dhamtari,59,59,17,17,0
21-04-2022,PMKVY 3.0,CSCM,RPL,Chhattisgarh,Durg,120,120,93,93,0
21-04-2022,PMKVY 3.0,CSCM,RPL,Chhattisgarh,Korba,33,33,5,5,0
21-04-2022,PMKVY 3.0,CSCM,RPL,Chhattisgarh,Korea,9,9,0,0,0
21-04-2022,PMKVY 3.0,CSCM,RPL,Chhattisgarh,Mungeli,1,1,0,0,0
21-04-2022,PMKVY 3.0,CSCM,RPL,Chhattisgarh,Raigarh,16,16,0,0,0
21-04-2022,PMKVY 3.0,CSCM,RPL,Chhattisgarh,Raipur,74,72,36,36,0
21-04-2022,PMKVY 3.0,CSCM,RPL,Chhattisgarh,Rajnandgaon,1,1,0,0,0
21-04-2022,PMKVY 3.0,CSSM,RPL,Chhattisgarh,Surguja,50,50,0,0,0
21-04-2022,PMKVY 3.0,CSCM,RPL,Chhattisgarh,Surguja,41,41,41,41,0
21-04-2022,PMKVY 3.0,CSSM,SP,Chhattisgarh,Bastar,20,20,17,0,0
21-04-2022,PMKVY 3.0,CSSM,SP,Chhattisgarh,Bijapur,30,22,19,0,0
21-04-2022,PMKVY 3.0,CSCM,SP,Chhattisgarh,Bilaspur,40,40,38,0,0
21-04-2022,PMKVY 3.0,CSSM,SP,Chhattisgarh,Dantewada,20,20,19,0,0
21-04-2022,PMKVY 3.0,CSSM,SP,Chhattisgarh,Dhamtari,30,26,24,0,0
21-04-2022,PMKVY 3.0,CSCM,SP,Chhattisgarh,Janjgir-Champa,280,227,220,102,0
21-04-2022,PMKVY 3.0,CSSM,SP,Chhattisgarh,Jashpur,30,30,24,0,0
21-04-2022,PMKVY 3.0,CSCM,SP,Chhattisgarh,Kondagaon,40,40,39,0,0
21-04-2022,PMKVY 3.0,CSSM,SP,Chhattisgarh,Mungeli,20,16,15,0,0
21-04-2022,PMKVY 3.0,CSCM,SP,Chhattisgarh,Raigarh,120,120,99,0,0
21-04-2022,PMKVY 3.0,CSSM,SP,Chhattisgarh,Raipur,50,48,47,0,0
21-04-2022,PMKVY 3.0,CSCM,SP,Chhattisgarh,Raipur,274,274,237,0,0
21-04-2022,PMKVY 3.0,CSSM,SP,Chhattisgarh,Rajnandgaon,30,23,21,0,0
21-04-2022,PMKVY 3.0,CSSM,STT,Chhattisgarh,Balod,20,20,9,7,7
21-04-2022,PMKVY 3.0,CSCM,STT,Chhattisgarh,Baloda Bazar,650,90,89,29,0
21-04-2022,PMKVY 3.0,CSSM,STT,Chhattisgarh,Balrampur,38,0,0,0,0
21-04-2022,PMKVY 3.0,CSCM,STT,Chhattisgarh,Balrampur,326,150,0,0,0
21-04-2022,PMKVY 3.0,CSSM,STT,Chhattisgarh,Bastar,48,23,23,20,5
21-04-2022,PMKVY 3.0,CSCM,STT,Chhattisgarh,Bastar,105,0,0,0,0
21-04-2022,PMKVY 3.0,CSSM,STT,Chhattisgarh,Bemetara,270,240,229,188,0
21-04-2022,PMKVY 3.0,CSCM,STT,Chhattisgarh,Bemetara,372,30,30,28,0
21-04-2022,PMKVY 3.0,CSCM,STT,Chhattisgarh,Bijapur,470,0,0,0,0
21-04-2022,PMKVY 3.0,CSCM,STT,Chhattisgarh,Bilaspur,448,150,96,82,66
21-04-2022,PMKVY 3.0,CSSM,STT,Chhattisgarh,Dantewada,50,0,0,0,0
21-04-2022,PMKVY 3.0,CSCM,STT,Chhattisgarh,Dantewada,101,0,0,0,0
21-04-2022,PMKVY 3.0,CSCM,STT,Chhattisgarh,Dhamtari,220,25,0,0,0
21-04-2022,PMKVY 3.0,CSSM,STT,Chhattisgarh,Dhamtari,144,68,65,43,32
21-04-2022,PMKVY 3.0,CSCM,STT,Chhattisgarh,Durg,541,214,100,57,40
21-04-2022,PMKVY 3.0,CSSM,STT,Chhattisgarh,Gariyaband,20,19,14,11,8
21-04-2022,PMKVY 3.0,CSCM,STT,Chhattisgarh,Janjgir-Champa,390,120,103,89,1
21-04-2022,PMKVY 3.0,CSCM,STT,Chhattisgarh,Jashpur,193,60,0,0,0
21-04-2022,PMKVY 3.0,CSSM,STT,Chhattisgarh,Jashpur,260,100,80,49,0
21-04-2022,PMKVY 3.0,CSCM,STT,Chhattisgarh,Kabirdham,259,139,138,135,0
21-04-2022,PMKVY 3.0,CSCM,STT,Chhattisgarh,Kanker,290,85,76,66,0
21-04-2022,PMKVY 3.0,CSSM,STT,Chhattisgarh,Kondagaon,50,37,17,16,0
21-04-2022,PMKVY 3.0,CSCM,STT,Chhattisgarh,Kondagaon,338,60,36,8,0
21-04-2022,PMKVY 3.0,CSCM,STT,Chhattisgarh,Korba,717,210,193,128,0
21-04-2022,PMKVY 3.0,CSSM,STT,Chhattisgarh,Korba,180,110,87,74,28
21-04-2022,PMKVY 3.0,CSSM,STT,Chhattisgarh,Korea,50,0,0,0,0
21-04-2022,PMKVY 3.0,CSCM,STT,Chhattisgarh,Korea,122,22,0,0,0
21-04-2022,PMKVY 3.0,CSCM,STT,Chhattisgarh,Mahasamund,255,90,87,69,0
21-04-2022,PMKVY 3.0,CSSM,STT,Chhattisgarh,Mungeli,77,37,28,25,25
21-04-2022,PMKVY 3.0,CSCM,STT,Chhattisgarh,Mungeli,510,120,114,53,40
21-04-2022,PMKVY 3.0,CSSM,STT,Chhattisgarh,Narayanpur,25,20,0,0,0
21-04-2022,PMKVY 3.0,CSCM,STT,Chhattisgarh,Narayanpur,251,131,78,64,0
21-04-2022,PMKVY 3.0,CSCM,STT,Chhattisgarh,Raigarh,427,120,95,51,0
21-04-2022,PMKVY 3.0,CSSM,STT,Chhattisgarh,Raigarh,150,55,0,0,0
21-04-2022,PMKVY 3.0,CSSM,STT,Chhattisgarh,Raipur,248,160,126,117,66
21-04-2022,PMKVY 3.0,CSCM,STT,Chhattisgarh,Raipur,531,147,97,90,65
21-04-2022,PMKVY 3.0,CSSM,STT,Chhattisgarh,Rajnandgaon,30,28,0,0,0
21-04-2022,PMKVY 3.0,CSCM,STT,Chhattisgarh,Rajnandgaon,375,110,86,75,55
21-04-2022,PMKVY 3.0,CSCM,STT,Chhattisgarh,Surajpur,402,30,24,0,0
21-04-2022,PMKVY 3.0,CSSM,STT,Chhattisgarh,Surajpur,110,60,17,0,0
21-04-2022,PMKVY 3.0,CSSM,STT,Chhattisgarh,Surguja,150,67,33,25,0
21-04-2022,PMKVY 3.0,CSCM,STT,Chhattisgarh,Surguja,594,170,37,37,0
21-04-2022,PMKVY 2.0,CSCM,RPL,Delhi,Central,9795,9306,7165,6781,0
21-04-2022,PMKVY 2.0,CSCM,RPL,Delhi,East,12240,11892,10616,10245,0
21-04-2022,PMKVY 2.0,CSCM,RPL,Delhi,New Delhi,69020,67454,56744,53865,0
21-04-2022,PMKVY 2.0,CSCM,RPL,Delhi,North,7306,7256,5151,4921,0
21-04-2022,PMKVY 2.0,CSCM,RPL,Delhi,North East,8905,8752,8061,7468,0
21-04-2022,PMKVY 2.0,CSCM,RPL,Delhi,North West,14563,14356,12288,11895,0
21-04-2022,PMKVY 2.0,CSCM,RPL,Delhi,Shahdara,1634,1519,1254,1173,0
21-04-2022,PMKVY 2.0,CSCM,RPL,Delhi,South,31308,30894,29099,28610,0
21-04-2022,PMKVY 2.0,CSCM,RPL,Delhi,South East,14204,13796,12889,11885,0
21-04-2022,PMKVY 2.0,CSCM,RPL,Delhi,South West,24522,23812,20539,19429,0
21-04-2022,PMKVY 2.0,CSCM,RPL,Delhi,West,16821,16039,14203,13448,0
21-04-2022,PMKVY 2.0,CSCM,SP,Delhi,Central,1141,1071,1053,966,358
21-04-2022,PMKVY 2.0,CSCM,SP,Delhi,East,2772,2644,2457,2023,1131
21-04-2022,PMKVY 2.0,CSCM,SP,Delhi,New Delhi,3069,2817,2516,2158,1787
21-04-2022,PMKVY 2.0,CSCM,SP,Delhi,North,719,601,527,420,175
21-04-2022,PMKVY 2.0,CSCM,SP,Delhi,North East,297,207,165,128,0
21-04-2022,PMKVY 2.0,CSCM,SP,Delhi,North West,1455,1355,1346,1224,297
21-04-2022,PMKVY 2.0,CSCM,SP,Delhi,Shahdara,1560,1560,1516,1263,786
21-04-2022,PMKVY 2.0,CSCM,SP,Delhi,South,1917,1482,1260,1082,539
21-04-2022,PMKVY 2.0,CSCM,SP,Delhi,South East,229,134,104,79,0
21-04-2022,PMKVY 2.0,CSCM,SP,Delhi,South West,5959,5520,4971,3913,3167
21-04-2022,PMKVY 2.0,CSCM,SP,Delhi,West,4006,3569,3427,3106,2151
21-04-2022,PMKVY 2.0,CSCM,STT,Delhi,Central,4040,3903,3753,3477,1117
21-04-2022,PMKVY 2.0,CSSM,STT,Delhi,East,660,600,595,538,396
21-04-2022,PMKVY 2.0,CSCM,STT,Delhi,East,5840,5642,5413,5010,2662
21-04-2022,PMKVY 2.0,CSCM,STT,Delhi,New Delhi,7341,6592,5892,5126,2392
21-04-2022,PMKVY 2.0,CSSM,STT,Delhi,North,337,337,320,293,0
21-04-2022,PMKVY 2.0,CSCM,STT,Delhi,North,12329,11088,10849,10264,5553
21-04-2022,PMKVY 2.0,CSSM,STT,Delhi,North East,1836,1683,1620,1477,911
21-04-2022,PMKVY 2.0,CSCM,STT,Delhi,North East,9913,8858,8606,8006,4229
21-04-2022,PMKVY 2.0,CSSM,STT,Delhi,North West,14192,13068,12273,11200,2536
21-04-2022,PMKVY 2.0,CSCM,STT,Delhi,North West,29868,27683,26370,24540,12916
21-04-2022,PMKVY 2.0,CSCM,STT,Delhi,Shahdara,5208,4086,3965,3686,1961
21-04-2022,PMKVY 2.0,CSSM,STT,Delhi,Shahdara,203,110,79,74,0
21-04-2022,PMKVY 2.0,CSSM,STT,Delhi,South,53,53,0,0,0
21-04-2022,PMKVY 2.0,CSCM,STT,Delhi,South,11321,10857,9184,8012,4825
21-04-2022,PMKVY 2.0,CSCM,STT,Delhi,South East,10257,9634,8839,7977,3171
21-04-2022,PMKVY 2.0,CSSM,STT,Delhi,South West,4327,4212,3822,3528,370
21-04-2022,PMKVY 2.0,CSCM,STT,Delhi,South West,15336,14255,13205,11942,5993
21-04-2022,PMKVY 2.0,CSCM,STT,Delhi,West,28909,26437,24538,22486,13003
21-04-2022,PMKVY 2.0,CSSM,STT,Delhi,West,2662,2307,2061,1764,0
21-04-2022,PMKVY 3.0,CSCM,RPL,Delhi,Central,1,1,0,0,0
21-04-2022,PMKVY 3.0,CSSM,RPL,Delhi,Central,100,100,77,70,0
21-04-2022,PMKVY 3.0,CSCM,RPL,Delhi,East,1518,1253,572,519,0
21-04-2022,PMKVY 3.0,CSSM,RPL,Delhi,East,70,70,0,0,0
21-04-2022,PMKVY 3.0,CSCM,RPL,Delhi,New Delhi,4362,4308,3093,2813,0
21-04-2022,PMKVY 3.0,CSSM,RPL,Delhi,New Delhi,44,44,32,29,0
21-04-2022,PMKVY 3.0,CSCM,RPL,Delhi,North,348,348,256,198,0
21-04-2022,PMKVY 3.0,CSSM,RPL,Delhi,North,200,200,200,152,0
21-04-2022,PMKVY 3.0,CSSM,RPL,Delhi,North East,185,185,174,169,0
21-04-2022,PMKVY 3.0,CSCM,RPL,Delhi,North East,203,203,191,188,0
21-04-2022,PMKVY 3.0,CSCM,RPL,Delhi,North West,438,438,339,337,0
21-04-2022,PMKVY 3.0,CSSM,RPL,Delhi,North West,199,199,186,162,0
21-04-2022,PMKVY 3.0,CSCM,RPL,Delhi,Shahdara,314,314,308,245,0
21-04-2022,PMKVY 3.0,CSSM,RPL,Delhi,Shahdara,228,198,190,174,0
21-04-2022,PMKVY 3.0,CSCM,RPL,Delhi,South,1411,1411,1001,811,0
21-04-2022,PMKVY 3.0,CSSM,RPL,Delhi,South,66,66,0,0,0
21-04-2022,PMKVY 3.0,CSSM,RPL,Delhi,South East,126,126,119,87,0
21-04-2022,PMKVY 3.0,CSCM,RPL,Delhi,South East,421,421,378,329,0
21-04-2022,PMKVY 3.0,CSSM,RPL,Delhi,South West,138,138,126,115,0
21-04-2022,PMKVY 3.0,CSCM,RPL,Delhi,South West,765,725,612,531,0
21-04-2022,PMKVY 3.0,CSCM,RPL,Delhi,West,89,89,66,66,0
21-04-2022,PMKVY 3.0,CSSM,RPL,Delhi,West,193,193,87,83,0
21-04-2022,PMKVY 3.0,CSCM,SP,Delhi,Central,20,20,14,0,0
21-04-2022,PMKVY 3.0,CSSM,SP,Delhi,East,30,0,0,0,0
21-04-2022,PMKVY 3.0,CSCM,SP,Delhi,East,165,165,159,0,0
21-04-2022,PMKVY 3.0,CSSM,SP,Delhi,New Delhi,25,25,17,16,0
21-04-2022,PMKVY 3.0,CSCM,SP,Delhi,New Delhi,876,840,707,185,0
21-04-2022,PMKVY 3.0,CSCM,SP,Delhi,North,116,116,116,0,0
21-04-2022,PMKVY 3.0,CSSM,SP,Delhi,North East,82,25,20,16,0
21-04-2022,PMKVY 3.0,CSCM,SP,Delhi,North East,200,200,196,0,0
21-04-2022,PMKVY 3.0,CSCM,SP,Delhi,North West,760,743,668,62,0
21-04-2022,PMKVY 3.0,CSSM,SP,Delhi,North West,56,0,0,0,0
21-04-2022,PMKVY 3.0,CSCM,SP,Delhi,South East,300,260,252,97,0
21-04-2022,PMKVY 3.0,CSSM,SP,Delhi,South West,25,25,21,21,0
21-04-2022,PMKVY 3.0,CSCM,SP,Delhi,South West,745,728,684,126,0
21-04-2022,PMKVY 3.0,CSSM,SP,Delhi,West,25,25,23,23,0
21-04-2022,PMKVY 3.0,CSCM,SP,Delhi,West,244,244,215,0,0
21-04-2022,PMKVY 3.0,CSSM,STT,Delhi,East,60,60,59,54,46
21-04-2022,PMKVY 3.0,CSCM,STT,Delhi,East,146,120,107,77,0
21-04-2022,PMKVY 3.0,CSCM,STT,Delhi,New Delhi,325,148,141,133,58
21-04-2022,PMKVY 3.0,CSSM,STT,Delhi,New Delhi,60,60,53,45,0
21-04-2022,PMKVY 3.0,CSCM,STT,Delhi,North,480,120,120,118,0
21-04-2022,PMKVY 3.0,CSSM,STT,Delhi,North,60,60,60,57,0
21-04-2022,PMKVY 3.0,CSCM,STT,Delhi,North East,480,120,120,117,80
21-04-2022,PMKVY 3.0,CSSM,STT,Delhi,North East,60,60,59,52,0
21-04-2022,PMKVY 3.0,CSSM,STT,Delhi,North West,780,780,729,620,87
21-04-2022,PMKVY 3.0,CSCM,STT,Delhi,North West,78,0,0,0,0
21-04-2022,PMKVY 3.0,CSCM,STT,Delhi,Shahdara,480,120,116,107,82
21-04-2022,PMKVY 3.0,CSSM,STT,Delhi,Shahdara,60,60,57,54,0
21-04-2022,PMKVY 3.0,CSCM,STT,Delhi,South,32,0,0,0,0
21-04-2022,PMKVY 3.0,CSSM,STT,Delhi,South East,60,60,56,52,0
21-04-2022,PMKVY 3.0,CSCM,STT,Delhi,South East,560,200,108,92,0
21-04-2022,PMKVY 3.0,CSCM,STT,Delhi,South West,271,150,117,90,65
21-04-2022,PMKVY 3.0,CSSM,STT,Delhi,South West,270,270,206,178,14
21-04-2022,PMKVY 3.0,CSSM,STT,Delhi,West,240,240,239,224,35
21-04-2022,PMKVY 3.0,CSCM,STT,Delhi,West,130,60,0,0,0
21-04-2022,PMKVY 2.0,CSCM,RPL,Goa,North Goa,3242,2964,2329,2238,0
21-04-2022,PMKVY 2.0,CSCM,RPL,Goa,South Goa,2689,2574,2436,2426,0
21-04-2022,PMKVY 2.0,CSCM,SP,Goa,North Goa,163,163,138,98,111
21-04-2022,PMKVY 2.0,CSCM,SP,Goa,South Goa,90,60,56,44,44
21-04-2022,PMKVY 2.0,CSCM,STT,Goa,North Goa,660,660,499,457,421
21-04-2022,PMKVY 2.0,CSSM,STT,Goa,North Goa,988,777,667,542,60
21-04-2022,PMKVY 2.0,CSCM,STT,Goa,South Goa,632,632,447,416,239
21-04-2022,PMKVY 2.0,CSSM,STT,Goa,South Goa,1151,956,823,636,16
21-04-2022,PMKVY 3.0,CSCM,RPL,Goa,North Goa,60,60,49,49,0
21-04-2022,PMKVY 3.0,CSSM,RPL,Goa,North Goa,195,195,104,78,0
21-04-2022,PMKVY 3.0,CSCM,RPL,Goa,South Goa,56,56,43,41,0
21-04-2022,PMKVY 3.0,CSSM,RPL,Goa,South Goa,25,25,0,0,0
21-04-2022,PMKVY 3.0,CSCM,SP,Goa,North Goa,100,100,83,24,0
21-04-2022,PMKVY 3.0,CSSM,STT,Goa,North Goa,167,154,135,118,1
21-04-2022,PMKVY 3.0,CSCM,STT,Goa,North Goa,47,0,0,0,0
21-04-2022,PMKVY 3.0,CSSM,STT,Goa,South Goa,90,86,72,59,0
21-04-2022,PMKVY 2.0,CSCM,RPL,Gujarat,Ahmadabad,34588,34004,30527,29345,0
21-04-2022,PMKVY 2.0,CSCM,RPL,Gujarat,Amreli,515,496,448,430,0
21-04-2022,PMKVY 2.0,CSCM,RPL,Gujarat,Anand,4783,4505,4068,3890,0
21-04-2022,PMKVY 2.0,CSCM,RPL,Gujarat,Arvalli,621,621,537,452,0
21-04-2022,PMKVY 2.0,CSCM,RPL,Gujarat,Banas Kantha,4985,4918,4028,3458,0
21-04-2022,PMKVY 2.0,CSCM,RPL,Gujarat,Bharuch,2537,2468,2009,1955,0
21-04-2022,PMKVY 2.0,CSCM,RPL,Gujarat,Bhavnagar,6424,6352,6008,5790,0
21-04-2022,PMKVY 2.0,CSCM,RPL,Gujarat,Botad,2236,2236,1959,1841,0
21-04-2022,PMKVY 2.0,CSCM,RPL,Gujarat,Chhotaudepur,48,48,36,36,0
21-04-2022,PMKVY 2.0,CSCM,RPL,Gujarat,Dang,482,417,338,302,0
21-04-2022,PMKVY 2.0,CSCM,RPL,Gujarat,Devbhumi Dwarka,80,80,80,57,0
21-04-2022,PMKVY 2.0,CSCM,RPL,Gujarat,Dohad,284,284,154,101,0
21-04-2022,PMKVY 2.0,CSCM,RPL,Gujarat,Gandhinagar,6774,6669,5740,5427,0
21-04-2022,PMKVY 2.0,CSCM,RPL,Gujarat,Gir Somnath,2563,2517,2438,2381,0
21-04-2022,PMKVY 2.0,CSCM,RPL,Gujarat,Jamnagar,4838,4838,4718,4605,0
21-04-2022,PMKVY 2.0,CSCM,RPL,Gujarat,Junagadh,2144,2118,1753,1653,0
21-04-2022,PMKVY 2.0,CSCM,RPL,Gujarat,Kachchh,7861,7828,4907,4758,0
21-04-2022,PMKVY 2.0,CSCM,RPL,Gujarat,Kheda,2725,2705,2614,2426,0
21-04-2022,PMKVY 2.0,CSCM,RPL,Gujarat,Mahesana,4340,4082,3792,3617,0
21-04-2022,PMKVY 2.0,CSCM,RPL,Gujarat,Mahisagar,559,559,404,285,0
21-04-2022,PMKVY 2.0,CSCM,RPL,Gujarat,Morbi,369,369,352,284,0
21-04-2022,PMKVY 2.0,CSCM,RPL,Gujarat,Narmada,2325,2325,1960,1266,0
21-04-2022,PMKVY 2.0,CSCM,RPL,Gujarat,Navsari,1240,1219,1167,1166,0
21-04-2022,PMKVY 2.0,CSCM,RPL,Gujarat,Panch Mahals,2828,2792,2175,1944,0
21-04-2022,PMKVY 2.0,CSCM,RPL,Gujarat,Patan,1289,1239,783,715,0
21-04-2022,PMKVY 2.0,CSCM,RPL,Gujarat,Porbandar,762,762,616,603,0
21-04-2022,PMKVY 2.0,CSCM,RPL,Gujarat,Rajkot,12105,11477,9717,9220,0
21-04-2022,PMKVY 2.0,CSCM,RPL,Gujarat,Sabar Kantha,3305,3305,2984,2886,0
21-04-2022,PMKVY 2.0,CSCM,RPL,Gujarat,Surat,64350,63526,58106,57686,0
21-04-2022,PMKVY 2.0,CSCM,RPL,Gujarat,Surendranagar,1006,988,785,740,0
21-04-2022,PMKVY 2.0,CSCM,RPL,Gujarat,Tapi,890,890,770,532,0
21-04-2022,PMKVY 2.0,CSCM,RPL,Gujarat,Vadodara,9784,9463,7975,7631,0
21-04-2022,PMKVY 2.0,CSCM,RPL,Gujarat,Valsad,2019,1926,1837,1758,0
21-04-2022,PMKVY 2.0,CSCM,SP,Gujarat,Ahmadabad,2215,1999,1691,1557,823
21-04-2022,PMKVY 2.0,CSCM,SP,Gujarat,Banas Kantha,23,23,23,23,0
21-04-2022,PMKVY 2.0,CSCM,SP,Gujarat,Bharuch,47,47,37,28,0
21-04-2022,PMKVY 2.0,CSCM,SP,Gujarat,Gandhinagar,367,367,361,276,302
21-04-2022,PMKVY 2.0,CSCM,SP,Gujarat,Junagadh,28,28,18,13,0
21-04-2022,PMKVY 2.0,CSCM,SP,Gujarat,Kachchh,20,20,10,8,0
21-04-2022,PMKVY 2.0,CSCM,SP,Gujarat,Mahesana,208,208,193,169,73
21-04-2022,PMKVY 2.0,CSCM,SP,Gujarat,Navsari,47,47,17,17,0
21-04-2022,PMKVY 2.0,CSCM,SP,Gujarat,Rajkot,788,751,677,541,108
21-04-2022,PMKVY 2.0,CSCM,SP,Gujarat,Sabar Kantha,46,46,43,27,5
21-04-2022,PMKVY 2.0,CSCM,SP,Gujarat,Surat,1113,1113,976,879,560
21-04-2022,PMKVY 2.0,CSCM,SP,Gujarat,Surendranagar,1200,1200,1149,1001,1031
21-04-2022,PMKVY 2.0,CSCM,SP,Gujarat,Tapi,90,90,72,50,0
21-04-2022,PMKVY 2.0,CSCM,SP,Gujarat,Vadodara,584,584,439,336,0
21-04-2022,PMKVY 2.0,CSCM,SP,Gujarat,Valsad,3200,3200,3048,2724,2355
21-04-2022,PMKVY 2.0,CSSM,STT,Gujarat,Ahmadabad,10138,9021,8123,7478,3818
21-04-2022,PMKVY 2.0,CSCM,STT,Gujarat,Ahmadabad,7564,7236,6989,6347,3990
21-04-2022,PMKVY 2.0,CSCM,STT,Gujarat,Amreli,1620,1206,1178,1009,610
21-04-2022,PMKVY 2.0,CSCM,STT,Gujarat,Anand,1386,1299,1222,1043,512
21-04-2022,PMKVY 2.0,CSSM,STT,Gujarat,Anand,1679,1670,1464,1378,630
21-04-2022,PMKVY 2.0,CSSM,STT,Gujarat,Arvalli,120,87,82,75,3
21-04-2022,PMKVY 2.0,CSCM,STT,Gujarat,Arvalli,154,154,52,12,0
21-04-2022,PMKVY 2.0,CSCM,STT,Gujarat,Banas Kantha,2252,2238,2162,2010,1847
21-04-2022,PMKVY 2.0,CSSM,STT,Gujarat,Banas Kantha,2599,2419,1796,1488,629
21-04-2022,PMKVY 2.0,CSSM,STT,Gujarat,Bharuch,734,702,570,528,198
21-04-2022,PMKVY 2.0,CSCM,STT,Gujarat,Bharuch,3250,3190,3108,2876,2140
21-04-2022,PMKVY 2.0,CSCM,STT,Gujarat,Bhavnagar,4782,4034,3942,3613,2205
21-04-2022,PMKVY 2.0,CSSM,STT,Gujarat,Bhavnagar,1860,1748,1442,1219,553
21-04-2022,PMKVY 2.0,CSCM,STT,Gujarat,Botad,2019,1699,1689,1530,896
21-04-2022,PMKVY 2.0,CSCM,STT,Gujarat,Chhotaudepur,1336,1300,1275,1191,606
21-04-2022,PMKVY 2.0,CSSM,STT,Gujarat,Chhotaudepur,719,638,612,554,331
21-04-2022,PMKVY 2.0,CSCM,STT,Gujarat,Dang,979,735,713,617,354
21-04-2022,PMKVY 2.0,CSSM,STT,Gujarat,Devbhumi Dwarka,66,60,39,32,0
21-04-2022,PMKVY 2.0,CSCM,STT,Gujarat,Devbhumi Dwarka,1260,960,892,671,93
21-04-2022,PMKVY 2.0,CSCM,STT,Gujarat,Dohad,2091,1903,1417,1282,545
21-04-2022,PMKVY 2.0,CSSM,STT,Gujarat,Dohad,228,197,131,71,5
21-04-2022,PMKVY 2.0,CSCM,STT,Gujarat,Gandhinagar,2547,2093,1784,1447,745
21-04-2022,PMKVY 2.0,CSSM,STT,Gujarat,Gandhinagar,418,266,250,148,53
21-04-2022,PMKVY 2.0,CSCM,STT,Gujarat,Gir Somnath,2467,1887,1757,1591,185
21-04-2022,PMKVY 2.0,CSSM,STT,Gujarat,Gir Somnath,1020,867,799,760,538
21-04-2022,PMKVY 2.0,CSCM,STT,Gujarat,Jamnagar,5971,5626,5470,5146,3678
21-04-2022,PMKVY 2.0,CSSM,STT,Gujarat,Jamnagar,3796,3425,2907,2694,977
21-04-2022,PMKVY 2.0,CSCM,STT,Gujarat,Junagadh,6144,5092,4544,3952,2226
21-04-2022,PMKVY 2.0,CSSM,STT,Gujarat,Junagadh,570,336,304,271,61
21-04-2022,PMKVY 2.0,CSSM,STT,Gujarat,Kachchh,1716,1563,1066,980,418
21-04-2022,PMKVY 2.0,CSCM,STT,Gujarat,Kachchh,4740,4208,4065,3804,2701
21-04-2022,PMKVY 2.0,CSCM,STT,Gujarat,Kheda,1774,1668,1416,1184,392
21-04-2022,PMKVY 2.0,CSSM,STT,Gujarat,Kheda,2089,2013,1609,1428,632
21-04-2022,PMKVY 2.0,CSSM,STT,Gujarat,Mahesana,4439,4366,3960,3306,1453
21-04-2022,PMKVY 2.0,CSCM,STT,Gujarat,Mahesana,1635,1633,1566,1393,975
21-04-2022,PMKVY 2.0,CSSM,STT,Gujarat,Mahisagar,360,360,358,346,156
21-04-2022,PMKVY 2.0,CSCM,STT,Gujarat,Mahisagar,805,419,409,370,308
21-04-2022,PMKVY 2.0,CSCM,STT,Gujarat,Morbi,3626,3542,3452,3246,2546
21-04-2022,PMKVY 2.0,CSSM,STT,Gujarat,Narmada,120,87,81,39,0
21-04-2022,PMKVY 2.0,CSCM,STT,Gujarat,Narmada,2149,1868,1796,1562,1070
21-04-2022,PMKVY 2.0,CSCM,STT,Gujarat,Navsari,2607,2295,2275,2162,654
21-04-2022,PMKVY 2.0,CSSM,STT,Gujarat,Navsari,120,117,96,48,0
21-04-2022,PMKVY 2.0,CSCM,STT,Gujarat,Panch Mahals,2886,2645,2553,2307,1457
21-04-2022,PMKVY 2.0,CSSM,STT,Gujarat,Patan,1230,1143,965,788,256
21-04-2022,PMKVY 2.0,CSCM,STT,Gujarat,Patan,747,747,515,450,60
21-04-2022,PMKVY 2.0,CSCM,STT,Gujarat,Porbandar,1165,985,951,751,383
21-04-2022,PMKVY 2.0,CSSM,STT,Gujarat,Rajkot,3225,3041,2690,2419,1317
21-04-2022,PMKVY 2.0,CSCM,STT,Gujarat,Rajkot,4311,3594,3325,2969,1713
21-04-2022,PMKVY 2.0,CSCM,STT,Gujarat,Sabar Kantha,2604,2553,2089,1762,697
21-04-2022,PMKVY 2.0,CSSM,STT,Gujarat,Sabar Kantha,655,431,418,324,53
21-04-2022,PMKVY 2.0,CSSM,STT,Gujarat,Surat,11310,10962,9676,8754,3567
21-04-2022,PMKVY 2.0,CSCM,STT,Gujarat,Surat,5313,4894,4559,4226,1538
21-04-2022,PMKVY 2.0,CSCM,STT,Gujarat,Surendranagar,4177,3927,3819,3608,2623
21-04-2022,PMKVY 2.0,CSSM,STT,Gujarat,Tapi,180,142,103,54,0
21-04-2022,PMKVY 2.0,CSCM,STT,Gujarat,Tapi,1707,1450,1376,1339,824
21-04-2022,PMKVY 2.0,CSCM,STT,Gujarat,Vadodara,7004,6545,6214,5438,3267
21-04-2022,PMKVY 2.0,CSSM,STT,Gujarat,Vadodara,3135,2869,2271,2062,806
21-04-2022,PMKVY 2.0,CSCM,STT,Gujarat,Valsad,3662,2766,2599,2230,1102
21-04-2022,PMKVY 2.0,CSSM,STT,Gujarat,Valsad,195,149,113,81,73
21-04-2022,PMKVY 3.0,CSSM,RPL,Gujarat,Ahmadabad,750,600,355,313,0
21-04-2022,PMKVY 3.0,CSCM,RPL,Gujarat,Ahmadabad,1942,1942,1293,1254,0
21-04-2022,PMKVY 3.0,CSSM,RPL,Gujarat,Amreli,93,93,83,83,0
21-04-2022,PMKVY 3.0,CSCM,RPL,Gujarat,Amreli,124,124,0,0,0
21-04-2022,PMKVY 3.0,CSCM,RPL,Gujarat,Anand,9,9,0,0,0
21-04-2022,PMKVY 3.0,CSSM,RPL,Gujarat,Anand,100,100,63,63,0
21-04-2022,PMKVY 3.0,CSSM,RPL,Gujarat,Arvalli,150,150,150,144,0
21-04-2022,PMKVY 3.0,CSCM,RPL,Gujarat,Banas Kantha,3526,3526,3522,3153,0
21-04-2022,PMKVY 3.0,CSSM,RPL,Gujarat,Banas Kantha,200,200,151,122,0
21-04-2022,PMKVY 3.0,CSSM,RPL,Gujarat,Bharuch,290,190,190,187,0
21-04-2022,PMKVY 3.0,CSCM,RPL,Gujarat,Bharuch,151,151,91,46,0
21-04-2022,PMKVY 3.0,CSSM,RPL,Gujarat,Bhavnagar,196,196,171,169,0
21-04-2022,PMKVY 3.0,CSCM,RPL,Gujarat,Bhavnagar,33,33,30,19,0
21-04-2022,PMKVY 3.0,CSSM,RPL,Gujarat,Botad,200,200,194,185,0
21-04-2022,PMKVY 3.0,CSCM,RPL,Gujarat,Botad,225,225,195,139,0
21-04-2022,PMKVY 3.0,CSSM,RPL,Gujarat,Chhotaudepur,100,100,100,82,0
21-04-2022,PMKVY 3.0,CSCM,RPL,Gujarat,Chhotaudepur,20,20,14,14,0
21-04-2022,PMKVY 3.0,CSSM,RPL,Gujarat,Dang,250,250,216,187,0
21-04-2022,PMKVY 3.0,CSCM,RPL,Gujarat,Dang,1,1,0,0,0
21-04-2022,PMKVY 3.0,CSCM,RPL,Gujarat,Devbhumi Dwarka,164,164,111,82,0
21-04-2022,PMKVY 3.0,CSSM,RPL,Gujarat,Devbhumi Dwarka,50,50,0,0,0
21-04-2022,PMKVY 3.0,CSSM,RPL,Gujarat,Dohad,150,150,88,71,0
21-04-2022,PMKVY 3.0,CSCM,RPL,Gujarat,Gandhinagar,1262,1262,1124,979,0
21-04-2022,PMKVY 3.0,CSSM,RPL,Gujarat,Gandhinagar,210,189,163,116,0
21-04-2022,PMKVY 3.0,CSCM,RPL,Gujarat,Gir Somnath,50,50,40,33,0
21-04-2022,PMKVY 3.0,CSSM,RPL,Gujarat,Gir Somnath,95,95,80,78,0
21-04-2022,PMKVY 3.0,CSSM,RPL,Gujarat,Jamnagar,195,195,163,126,0
21-04-2022,PMKVY 3.0,CSCM,RPL,Gujarat,Jamnagar,250,250,192,170,0
21-04-2022,PMKVY 3.0,CSCM,RPL,Gujarat,Junagadh,185,185,164,151,0
21-04-2022,PMKVY 3.0,CSSM,RPL,Gujarat,Junagadh,200,200,196,168,0
21-04-2022,PMKVY 3.0,CSSM,RPL,Gujarat,Kachchh,200,200,199,184,0
21-04-2022,PMKVY 3.0,CSCM,RPL,Gujarat,Kachchh,667,660,498,435,0
21-04-2022,PMKVY 3.0,CSSM,RPL,Gujarat,Kheda,200,200,154,147,0
21-04-2022,PMKVY 3.0,CSCM,RPL,Gujarat,Kheda,1,1,0,0,0
21-04-2022,PMKVY 3.0,CSSM,RPL,Gujarat,Mahesana,350,350,281,176,0
21-04-2022,PMKVY 3.0,CSCM,RPL,Gujarat,Mahesana,243,243,237,235,0
21-04-2022,PMKVY 3.0,CSSM,RPL,Gujarat,Mahisagar,200,200,100,100,0
21-04-2022,PMKVY 3.0,CSCM,RPL,Gujarat,Morbi,250,250,203,194,0
21-04-2022,PMKVY 3.0,CSSM,RPL,Gujarat,Morbi,100,100,81,62,0
21-04-2022,PMKVY 3.0,CSSM,RPL,Gujarat,Narmada,348,148,103,79,0
21-04-2022,PMKVY 3.0,CSCM,RPL,Gujarat,Navsari,59,59,5,2,0
21-04-2022,PMKVY 3.0,CSSM,RPL,Gujarat,Navsari,99,99,98,92,0
21-04-2022,PMKVY 3.0,CSCM,RPL,Gujarat,Panch Mahals,6,6,0,0,0
21-04-2022,PMKVY 3.0,CSSM,RPL,Gujarat,Panch Mahals,150,150,131,116,0
21-04-2022,PMKVY 3.0,CSSM,RPL,Gujarat,Patan,250,250,239,166,0
21-04-2022,PMKVY 3.0,CSSM,RPL,Gujarat,Rajkot,160,160,75,67,0
21-04-2022,PMKVY 3.0,CSCM,RPL,Gujarat,Rajkot,298,298,208,203,0
21-04-2022,PMKVY 3.0,CSCM,RPL,Gujarat,Sabar Kantha,15,15,13,4,0
21-04-2022,PMKVY 3.0,CSSM,RPL,Gujarat,Sabar Kantha,250,200,186,160,0
21-04-2022,PMKVY 3.0,CSSM,RPL,Gujarat,Surat,600,600,549,504,0
21-04-2022,PMKVY 3.0,CSCM,RPL,Gujarat,Surat,4079,4056,3947,3903,0
21-04-2022,PMKVY 3.0,CSSM,RPL,Gujarat,Surendranagar,200,200,160,149,0
21-04-2022,PMKVY 3.0,CSCM,RPL,Gujarat,Surendranagar,200,200,200,192,0
21-04-2022,PMKVY 3.0,CSSM,RPL,Gujarat,Tapi,200,200,169,159,0
21-04-2022,PMKVY 3.0,CSCM,RPL,Gujarat,Tapi,67,67,65,65,0
21-04-2022,PMKVY 3.0,CSSM,RPL,Gujarat,Vadodara,225,225,133,109,0
21-04-2022,PMKVY 3.0,CSCM,RPL,Gujarat,Vadodara,817,817,580,569,0
21-04-2022,PMKVY 3.0,CSCM,RPL,Gujarat,Valsad,3,3,1,1,0
21-04-2022,PMKVY 3.0,CSSM,RPL,Gujarat,Valsad,360,360,357,355,0
21-04-2022,PMKVY 3.0,CSCM,SP,Gujarat,Ahmadabad,177,177,166,128,0
21-04-2022,PMKVY 3.0,CSCM,SP,Gujarat,Amreli,20,20,13,0,0
21-04-2022,PMKVY 3.0,CSCM,SP,Gujarat,Bhavnagar,40,40,33,0,0
21-04-2022,PMKVY 3.0,CSCM,SP,Gujarat,Botad,20,20,20,0,0
21-04-2022,PMKVY 3.0,CSCM,SP,Gujarat,Gir Somnath,60,60,55,0,0
21-04-2022,PMKVY 3.0,CSCM,SP,Gujarat,Junagadh,120,120,119,44,0
21-04-2022,PMKVY 3.0,CSCM,SP,Gujarat,Mahesana,102,102,99,0,0
21-04-2022,PMKVY 3.0,CSCM,SP,Gujarat,Rajkot,20,20,16,0,0
21-04-2022,PMKVY 3.0,CSCM,SP,Gujarat,Surat,120,120,106,0,0
21-04-2022,PMKVY 3.0,CSCM,STT,Gujarat,Ahmadabad,540,120,90,89,49
21-04-2022,PMKVY 3.0,CSSM,STT,Gujarat,Ahmadabad,365,318,60,59,17
21-04-2022,PMKVY 3.0,CSSM,STT,Gujarat,Amreli,60,60,24,24,0
21-04-2022,PMKVY 3.0,CSCM,STT,Gujarat,Amreli,162,120,120,102,0
21-04-2022,PMKVY 3.0,CSSM,STT,Gujarat,Anand,150,150,0,0,0
21-04-2022,PMKVY 3.0,CSCM,STT,Gujarat,Anand,401,144,88,76,0
21-04-2022,PMKVY 3.0,CSCM,STT,Gujarat,Banas Kantha,20,0,0,0,0
21-04-2022,PMKVY 3.0,CSCM,STT,Gujarat,Bharuch,405,120,90,85,0
21-04-2022,PMKVY 3.0,CSSM,STT,Gujarat,Bharuch,119,119,58,44,17
21-04-2022,PMKVY 3.0,CSCM,STT,Gujarat,Bhavnagar,120,120,106,91,0
21-04-2022,PMKVY 3.0,CSSM,STT,Gujarat,Bhavnagar,60,60,0,0,0
21-04-2022,PMKVY 3.0,CSCM,STT,Gujarat,Botad,300,120,118,107,0
21-04-2022,PMKVY 3.0,CSSM,STT,Gujarat,Chhotaudepur,60,60,59,52,25
21-04-2022,PMKVY 3.0,CSCM,STT,Gujarat,Chhotaudepur,360,120,106,95,0
21-04-2022,PMKVY 3.0,CSCM,STT,Gujarat,Dang,314,30,30,28,0
21-04-2022,PMKVY 3.0,CSCM,STT,Gujarat,Devbhumi Dwarka,137,120,110,95,0
21-04-2022,PMKVY 3.0,CSSM,STT,Gujarat,Dohad,60,0,0,0,0
21-04-2022,PMKVY 3.0,CSCM,STT,Gujarat,Dohad,80,0,0,0,0
21-04-2022,PMKVY 3.0,CSSM,STT,Gujarat,Gandhinagar,120,120,100,0,0
21-04-2022,PMKVY 3.0,CSCM,STT,Gujarat,Gandhinagar,860,120,120,106,88
21-04-2022,PMKVY 3.0,CSCM,STT,Gujarat,Gir Somnath,120,120,119,115,0
21-04-2022,PMKVY 3.0,CSCM,STT,Gujarat,Jamnagar,390,160,116,101,0
21-04-2022,PMKVY 3.0,CSSM,STT,Gujarat,Jamnagar,360,360,220,206,16
21-04-2022,PMKVY 3.0,CSCM,STT,Gujarat,Junagadh,601,221,138,133,0
21-04-2022,PMKVY 3.0,CSSM,STT,Gujarat,Junagadh,120,120,120,116,0
21-04-2022,PMKVY 3.0,CSSM,STT,Gujarat,Kachchh,180,180,30,30,0
21-04-2022,PMKVY 3.0,CSCM,STT,Gujarat,Kachchh,629,260,103,91,15
21-04-2022,PMKVY 3.0,CSCM,STT,Gujarat,Kheda,104,83,71,67,0
21-04-2022,PMKVY 3.0,CSSM,STT,Gujarat,Kheda,150,120,0,0,0
21-04-2022,PMKVY 3.0,CSCM,STT,Gujarat,Mahesana,86,41,0,0,0
21-04-2022,PMKVY 3.0,CSSM,STT,Gujarat,Mahesana,150,150,90,81,31
21-04-2022,PMKVY 3.0,CSCM,STT,Gujarat,Mahisagar,449,120,99,88,0
21-04-2022,PMKVY 3.0,CSSM,STT,Gujarat,Morbi,60,60,56,51,0
21-04-2022,PMKVY 3.0,CSCM,STT,Gujarat,Morbi,140,120,113,97,21
21-04-2022,PMKVY 3.0,CSCM,STT,Gujarat,Narmada,426,166,162,153,0
21-04-2022,PMKVY 3.0,CSSM,STT,Gujarat,Narmada,120,0,0,0,0
21-04-2022,PMKVY 3.0,CSCM,STT,Gujarat,Navsari,570,120,120,97,0
21-04-2022,PMKVY 3.0,CSSM,STT,Gujarat,Navsari,120,120,120,115,1
21-04-2022,PMKVY 3.0,CSCM,STT,Gujarat,Panch Mahals,360,120,90,83,0
21-04-2022,PMKVY 3.0,CSSM,STT,Gujarat,Panch Mahals,60,60,55,54,0
21-04-2022,PMKVY 3.0,CSSM,STT,Gujarat,Patan,300,300,240,186,0
21-04-2022,PMKVY 3.0,CSCM,STT,Gujarat,Patan,204,50,0,0,0
21-04-2022,PMKVY 3.0,CSSM,STT,Gujarat,Porbandar,30,30,30,29,0
21-04-2022,PMKVY 3.0,CSCM,STT,Gujarat,Porbandar,183,150,104,88,0
21-04-2022,PMKVY 3.0,CSCM,STT,Gujarat,Rajkot,106,0,0,0,0
21-04-2022,PMKVY 3.0,CSSM,STT,Gujarat,Rajkot,260,235,87,79,27
21-04-2022,PMKVY 3.0,CSSM,STT,Gujarat,Sabar Kantha,90,90,20,17,0
21-04-2022,PMKVY 3.0,CSCM,STT,Gujarat,Sabar Kantha,103,20,0,0,0
21-04-2022,PMKVY 3.0,CSSM,STT,Gujarat,Surat,480,480,441,406,0
21-04-2022,PMKVY 3.0,CSCM,STT,Gujarat,Surat,624,133,120,113,0
21-04-2022,PMKVY 3.0,CSCM,STT,Gujarat,Surendranagar,120,120,105,90,1
21-04-2022,PMKVY 3.0,CSCM,STT,Gujarat,Tapi,460,180,119,108,0
21-04-2022,PMKVY 3.0,CSSM,STT,Gujarat,Tapi,60,60,37,34,0
21-04-2022,PMKVY 3.0,CSCM,STT,Gujarat,Vadodara,245,120,110,103,0
21-04-2022,PMKVY 3.0,CSSM,STT,Gujarat,Vadodara,60,60,0,0,0
21-04-2022,PMKVY 3.0,CSSM,STT,Gujarat,Valsad,60,60,11,11,0
21-04-2022,PMKVY 3.0,CSCM,STT,Gujarat,Valsad,453,120,120,113,0
21-04-2022,PMKVY 2.0,CSCM,RPL,Haryana,Ambala,9668,9554,8297,7965,0
21-04-2022,PMKVY 2.0,CSCM,RPL,Haryana,Bhiwani,3158,3127,1879,1717,0
21-04-2022,PMKVY 2.0,CSCM,RPL,Haryana,Charki Dadri,195,195,186,186,0
21-04-2022,PMKVY 2.0,CSCM,RPL,Haryana,Faridabad,31348,29669,26865,25939,0
21-04-2022,PMKVY 2.0,CSCM,RPL,Haryana,Fatehabad,4925,4587,4006,3653,0
21-04-2022,PMKVY 2.0,CSCM,RPL,Haryana,Gurugram,118887,116179,103652,100159,0
21-04-2022,PMKVY 2.0,CSCM,RPL,Haryana,Hisar,9021,8766,7706,7258,0
21-04-2022,PMKVY 2.0,CSCM,RPL,Haryana,Jhajjar,3279,3210,2519,2313,0
21-04-2022,PMKVY 2.0,CSCM,RPL,Haryana,Jind,5217,5105,4328,3951,0
21-04-2022,PMKVY 2.0,CSCM,RPL,Haryana,Kaithal,3512,3364,2986,2771,0
21-04-2022,PMKVY 2.0,CSCM,RPL,Haryana,Karnal,4949,4876,4518,4410,0
21-04-2022,PMKVY 2.0,CSCM,RPL,Haryana,Kurukshetra,3862,3720,2935,2568,0
21-04-2022,PMKVY 2.0,CSCM,RPL,Haryana,Mahendragarh,9282,9186,8779,8594,0
21-04-2022,PMKVY 2.0,CSCM,RPL,Haryana,Nuh,1513,1345,1006,932,0
21-04-2022,PMKVY 2.0,CSCM,RPL,Haryana,Palwal,1746,1710,1438,1300,0
21-04-2022,PMKVY 2.0,CSCM,RPL,Haryana,Panchkula,2142,2092,1892,1796,0
21-04-2022,PMKVY 2.0,CSCM,RPL,Haryana,Panipat,4750,4576,4280,4094,0
21-04-2022,PMKVY 2.0,CSCM,RPL,Haryana,Rewari,6525,6317,5215,4917,0
21-04-2022,PMKVY 2.0,CSCM,RPL,Haryana,Rohtak,3329,3226,2870,2828,0
21-04-2022,PMKVY 2.0,CSCM,RPL,Haryana,Sirsa,6212,6000,4937,4601,0
21-04-2022,PMKVY 2.0,CSCM,RPL,Haryana,Sonipat,6182,5802,5184,4950,0
21-04-2022,PMKVY 2.0,CSCM,RPL,Haryana,Yamunanagar,1912,1905,1604,1542,0
21-04-2022,PMKVY 2.0,CSCM,SP,Haryana,Ambala,198,176,122,64,0
21-04-2022,PMKVY 2.0,CSCM,SP,Haryana,Bhiwani,649,619,556,402,0
21-04-2022,PMKVY 2.0,CSCM,SP,Haryana,Faridabad,913,759,332,272,361
21-04-2022,PMKVY 2.0,CSCM,SP,Haryana,Gurugram,3702,3387,3027,2551,520
21-04-2022,PMKVY 2.0,CSCM,SP,Haryana,Hisar,840,809,767,627,95
21-04-2022,PMKVY 2.0,CSCM,SP,Haryana,Jhajjar,300,210,150,143,139
21-04-2022,PMKVY 2.0,CSCM,SP,Haryana,Jind,240,180,169,113,0
21-04-2022,PMKVY 2.0,CSCM,SP,Haryana,Kaithal,30,30,26,0,0
21-04-2022,PMKVY 2.0,CSCM,SP,Haryana,Karnal,5867,5042,4770,4163,1138
21-04-2022,PMKVY 2.0,CSCM,SP,Haryana,Kurukshetra,133,133,122,94,0
21-04-2022,PMKVY 2.0,CSCM,SP,Haryana,Nuh,1228,1081,881,670,252
21-04-2022,PMKVY 2.0,CSCM,SP,Haryana,Panipat,30,30,26,0,0
21-04-2022,PMKVY 2.0,CSCM,SP,Haryana,Rohtak,882,882,843,314,0
21-04-2022,PMKVY 2.0,CSCM,SP,Haryana,Sirsa,360,313,240,215,125
21-04-2022,PMKVY 2.0,CSCM,SP,Haryana,Sonipat,314,314,261,243,0
21-04-2022,PMKVY 2.0,CSCM,SP,Haryana,Yamunanagar,171,142,94,23,0
21-04-2022,PMKVY 2.0,CSCM,STT,Haryana,Ambala,11512,11122,10707,9983,6350
21-04-2022,PMKVY 2.0,CSSM,STT,Haryana,Ambala,1035,1023,813,737,312
21-04-2022,PMKVY 2.0,CSSM,STT,Haryana,Bhiwani,750,750,711,647,196
21-04-2022,PMKVY 2.0,CSCM,STT,Haryana,Bhiwani,26802,25536,24635,22419,16437
21-04-2022,PMKVY 2.0,CSCM,STT,Haryana,Charki Dadri,1181,689,679,615,362
21-04-2022,PMKVY 2.0,CSSM,STT,Haryana,Charki Dadri,330,240,0,0,0
21-04-2022,PMKVY 2.0,CSSM,STT,Haryana,Faridabad,1370,1300,825,670,200
21-04-2022,PMKVY 2.0,CSCM,STT,Haryana,Faridabad,11820,11207,10238,9077,5541
21-04-2022,PMKVY 2.0,CSCM,STT,Haryana,Fatehabad,17128,16341,15773,14817,10497
21-04-2022,PMKVY 2.0,CSSM,STT,Haryana,Fatehabad,2060,1580,1460,1261,237
21-04-2022,PMKVY 2.0,CSCM,STT,Haryana,Gurugram,15236,13947,11932,10846,4375
21-04-2022,PMKVY 2.0,CSSM,STT,Haryana,Gurugram,958,866,607,519,36
21-04-2022,PMKVY 2.0,CSCM,STT,Haryana,Hisar,27800,26919,25788,24121,16849
21-04-2022,PMKVY 2.0,CSSM,STT,Haryana,Hisar,3208,3022,2620,2392,627
21-04-2022,PMKVY 2.0,CSSM,STT,Haryana,Jhajjar,1516,1484,1444,1235,347
21-04-2022,PMKVY 2.0,CSCM,STT,Haryana,Jhajjar,9997,9722,8984,7845,4832
21-04-2022,PMKVY 2.0,CSSM,STT,Haryana,Jind,857,857,570,476,77
21-04-2022,PMKVY 2.0,CSCM,STT,Haryana,Jind,14094,12954,12358,11263,6337
21-04-2022,PMKVY 2.0,CSSM,STT,Haryana,Kaithal,1799,1559,1336,1097,245
21-04-2022,PMKVY 2.0,CSCM,STT,Haryana,Kaithal,10085,9505,8948,7882,4885
21-04-2022,PMKVY 2.0,CSSM,STT,Haryana,Karnal,632,632,521,416,6
21-04-2022,PMKVY 2.0,CSCM,STT,Haryana,Karnal,8599,8014,7605,7028,4558
21-04-2022,PMKVY 2.0,CSSM,STT,Haryana,Kurukshetra,1943,1879,1803,1644,283
21-04-2022,PMKVY 2.0,CSCM,STT,Haryana,Kurukshetra,19199,18788,18176,17241,11165
21-04-2022,PMKVY 2.0,CSCM,STT,Haryana,Mahendragarh,14319,13644,13340,12413,6404
21-04-2022,PMKVY 2.0,CSSM,STT,Haryana,Mahendragarh,810,810,509,456,51
21-04-2022,PMKVY 2.0,CSCM,STT,Haryana,Nuh,5085,4671,4430,3953,2129
21-04-2022,PMKVY 2.0,CSSM,STT,Haryana,Nuh,1475,1475,1302,1083,544
21-04-2022,PMKVY 2.0,CSCM,STT,Haryana,Palwal,2741,2620,2558,2308,1485
21-04-2022,PMKVY 2.0,CSSM,STT,Haryana,Palwal,2175,1817,1640,1361,399
21-04-2022,PMKVY 2.0,CSCM,STT,Haryana,Panchkula,7722,7306,6930,6402,4374
21-04-2022,PMKVY 2.0,CSSM,STT,Haryana,Panchkula,2649,2488,2324,2101,942
21-04-2022,PMKVY 2.0,CSCM,STT,Haryana,Panipat,8933,8510,8059,6948,3913
21-04-2022,PMKVY 2.0,CSSM,STT,Haryana,Panipat,1241,1010,917,828,142
21-04-2022,PMKVY 2.0,CSCM,STT,Haryana,Rewari,5653,5318,5150,4700,2784
21-04-2022,PMKVY 2.0,CSSM,STT,Haryana,Rewari,1901,1866,1732,1547,570
21-04-2022,PMKVY 2.0,CSCM,STT,Haryana,Rohtak,12587,12100,11169,9587,5379
21-04-2022,PMKVY 2.0,CSSM,STT,Haryana,Rohtak,1259,1209,1016,827,81
21-04-2022,PMKVY 2.0,CSCM,STT,Haryana,Sirsa,16201,14849,14609,13620,9749
21-04-2022,PMKVY 2.0,CSSM,STT,Haryana,Sirsa,3362,3133,2825,2539,1154
21-04-2022,PMKVY 2.0,CSCM,STT,Haryana,Sonipat,11579,11214,10527,9100,4503
21-04-2022,PMKVY 2.0,CSSM,STT,Haryana,Sonipat,1348,1257,1028,857,257
21-04-2022,PMKVY 2.0,CSSM,STT,Haryana,Yamunanagar,3497,3208,2856,2456,543
21-04-2022,PMKVY 2.0,CSCM,STT,Haryana,Yamunanagar,12397,11633,11367,10267,6628
21-04-2022,PMKVY 3.0,CSCM,RPL,Haryana,Ambala,209,209,166,157,0
21-04-2022,PMKVY 3.0,CSSM,RPL,Haryana,Ambala,100,100,0,0,0
21-04-2022,PMKVY 3.0,CSCM,RPL,Haryana,Bhiwani,55,55,55,55,0
21-04-2022,PMKVY 3.0,CSSM,RPL,Haryana,Bhiwani,305,305,199,153,0
21-04-2022,PMKVY 3.0,CSCM,RPL,Haryana,Charki Dadri,34,34,34,34,0
21-04-2022,PMKVY 3.0,CSCM,RPL,Haryana,Faridabad,2516,2466,2368,2344,0
21-04-2022,PMKVY 3.0,CSCM,RPL,Haryana,Fatehabad,4,4,0,0,0
21-04-2022,PMKVY 3.0,CSCM,RPL,Haryana,Gurugram,2854,2814,2261,2008,0
21-04-2022,PMKVY 3.0,CSSM,RPL,Haryana,Hisar,150,150,142,115,0
21-04-2022,PMKVY 3.0,CSCM,RPL,Haryana,Hisar,46,46,37,37,0
21-04-2022,PMKVY 3.0,CSCM,RPL,Haryana,Jhajjar,42,42,31,31,0
21-04-2022,PMKVY 3.0,CSCM,RPL,Haryana,Jind,63,63,55,55,0
21-04-2022,PMKVY 3.0,CSSM,RPL,Haryana,Jind,150,150,119,86,0
21-04-2022,PMKVY 3.0,CSSM,RPL,Haryana,Kaithal,480,480,171,114,0
21-04-2022,PMKVY 3.0,CSCM,RPL,Haryana,Kaithal,16,16,14,12,0
21-04-2022,PMKVY 3.0,CSCM,RPL,Haryana,Karnal,130,130,103,81,0
21-04-2022,PMKVY 3.0,CSSM,RPL,Haryana,Karnal,250,250,233,186,0
21-04-2022,PMKVY 3.0,CSSM,RPL,Haryana,Kurukshetra,50,50,0,0,0
21-04-2022,PMKVY 3.0,CSCM,RPL,Haryana,Kurukshetra,108,108,71,65,0
21-04-2022,PMKVY 3.0,CSSM,RPL,Haryana,Mahendragarh,1200,1200,0,0,0
21-04-2022,PMKVY 3.0,CSCM,RPL,Haryana,Mahendragarh,1,1,0,0,0
21-04-2022,PMKVY 3.0,CSCM,RPL,Haryana,Palwal,48,48,46,46,0
21-04-2022,PMKVY 3.0,CSCM,RPL,Haryana,Panchkula,300,300,264,173,0
21-04-2022,PMKVY 3.0,CSCM,RPL,Haryana,Panipat,88,88,75,55,0
21-04-2022,PMKVY 3.0,CSSM,RPL,Haryana,Panipat,330,330,194,149,0
21-04-2022,PMKVY 3.0,CSSM,RPL,Haryana,Rewari,400,400,0,0,0
21-04-2022,PMKVY 3.0,CSCM,RPL,Haryana,Rewari,149,149,147,147,0
21-04-2022,PMKVY 3.0,CSCM,RPL,Haryana,Rohtak,170,170,126,87,0
21-04-2022,PMKVY 3.0,CSSM,RPL,Haryana,Rohtak,120,120,75,65,0
21-04-2022,PMKVY 3.0,CSSM,RPL,Haryana,Sirsa,150,150,142,126,0
21-04-2022,PMKVY 3.0,CSCM,RPL,Haryana,Sirsa,36,36,11,11,0
21-04-2022,PMKVY 3.0,CSSM,RPL,Haryana,Sonipat,360,360,275,221,0
21-04-2022,PMKVY 3.0,CSCM,RPL,Haryana,Sonipat,20,20,14,0,0
21-04-2022,PMKVY 3.0,CSCM,RPL,Haryana,Yamunanagar,332,332,306,261,0
21-04-2022,PMKVY 3.0,CSCM,SP,Haryana,Gurugram,287,77,51,22,0
21-04-2022,PMKVY 3.0,CSCM,SP,Haryana,Hisar,177,177,161,54,0
21-04-2022,PMKVY 3.0,CSCM,SP,Haryana,Jhajjar,60,60,60,0,0
21-04-2022,PMKVY 3.0,CSCM,SP,Haryana,Jind,80,80,75,0,0
21-04-2022,PMKVY 3.0,CSSM,SP,Haryana,Kaithal,120,120,120,0,0
21-04-2022,PMKVY 3.0,CSCM,SP,Haryana,Kaithal,108,108,102,32,0
21-04-2022,PMKVY 3.0,CSCM,SP,Haryana,Karnal,80,80,77,0,0
21-04-2022,PMKVY 3.0,CSCM,SP,Haryana,Kurukshetra,118,118,114,0,0
21-04-2022,PMKVY 3.0,CSCM,SP,Haryana,Rohtak,140,140,107,34,0
21-04-2022,PMKVY 3.0,CSSM,SP,Haryana,Rohtak,136,136,68,13,0
21-04-2022,PMKVY 3.0,CSCM,SP,Haryana,Yamunanagar,196,180,167,40,0
21-04-2022,PMKVY 3.0,CSSM,STT,Haryana,Ambala,120,60,0,0,0
21-04-2022,PMKVY 3.0,CSCM,STT,Haryana,Ambala,344,120,100,90,49
21-04-2022,PMKVY 3.0,CSCM,STT,Haryana,Bhiwani,606,210,118,107,76
21-04-2022,PMKVY 3.0,CSSM,STT,Haryana,Bhiwani,120,120,110,97,0
21-04-2022,PMKVY 3.0,CSCM,STT,Haryana,Charki Dadri,110,0,0,0,0
21-04-2022,PMKVY 3.0,CSCM,STT,Haryana,Faridabad,242,0,0,0,0
21-04-2022,PMKVY 3.0,CSCM,STT,Haryana,Fatehabad,398,120,118,93,38
21-04-2022,PMKVY 3.0,CSSM,STT,Haryana,Fatehabad,120,0,0,0,0
21-04-2022,PMKVY 3.0,CSCM,STT,Haryana,Gurugram,338,120,118,102,0
21-04-2022,PMKVY 3.0,CSSM,STT,Haryana,Gurugram,240,240,175,151,0
21-04-2022,PMKVY 3.0,CSCM,STT,Haryana,Hisar,604,120,120,109,79
21-04-2022,PMKVY 3.0,CSSM,STT,Haryana,Hisar,120,120,95,83,11
21-04-2022,PMKVY 3.0,CSSM,STT,Haryana,Jhajjar,110,110,50,38,0
21-04-2022,PMKVY 3.0,CSCM,STT,Haryana,Jhajjar,681,120,107,90,36
21-04-2022,PMKVY 3.0,CSSM,STT,Haryana,Jind,198,198,173,134,0
21-04-2022,PMKVY 3.0,CSCM,STT,Haryana,Jind,798,120,120,104,52
21-04-2022,PMKVY 3.0,CSSM,STT,Haryana,Kaithal,180,180,151,118,0
21-04-2022,PMKVY 3.0,CSCM,STT,Haryana,Kaithal,445,120,120,113,88
21-04-2022,PMKVY 3.0,CSCM,STT,Haryana,Karnal,437,120,98,78,20
21-04-2022,PMKVY 3.0,CSSM,STT,Haryana,Karnal,60,0,0,0,0
21-04-2022,PMKVY 3.0,CSCM,STT,Haryana,Kurukshetra,331,120,89,70,69
21-04-2022,PMKVY 3.0,CSSM,STT,Haryana,Kurukshetra,120,120,108,86,0
21-04-2022,PMKVY 3.0,CSCM,STT,Haryana,Mahendragarh,705,210,117,108,0
21-04-2022,PMKVY 3.0,CSCM,STT,Haryana,Nuh,442,120,119,97,0
21-04-2022,PMKVY 3.0,CSSM,STT,Haryana,Nuh,240,240,227,191,0
21-04-2022,PMKVY 3.0,CSCM,STT,Haryana,Palwal,103,0,0,0,0
21-04-2022,PMKVY 3.0,CSSM,STT,Haryana,Panchkula,120,90,0,0,0
21-04-2022,PMKVY 3.0,CSCM,STT,Haryana,Panchkula,842,160,120,109,96
21-04-2022,PMKVY 3.0,CSSM,STT,Haryana,Panipat,160,160,114,86,36
21-04-2022,PMKVY 3.0,CSCM,STT,Haryana,Panipat,642,240,166,120,50
21-04-2022,PMKVY 3.0,CSCM,STT,Haryana,Rewari,719,210,36,30,0
21-04-2022,PMKVY 3.0,CSSM,STT,Haryana,Rohtak,120,120,76,69,47
21-04-2022,PMKVY 3.0,CSCM,STT,Haryana,Rohtak,776,240,182,122,59
21-04-2022,PMKVY 3.0,CSCM,STT,Haryana,Sirsa,894,120,114,90,67
21-04-2022,PMKVY 3.0,CSSM,STT,Haryana,Sirsa,120,60,49,46,10
21-04-2022,PMKVY 3.0,CSSM,STT,Haryana,Sonipat,270,270,187,164,70
21-04-2022,PMKVY 3.0,CSCM,STT,Haryana,Sonipat,1060,120,119,77,83
21-04-2022,PMKVY 3.0,CSSM,STT,Haryana,Yamunanagar,120,120,54,47,0
21-04-2022,PMKVY 3.0,CSCM,STT,Haryana,Yamunanagar,769,213,114,93,93
21-04-2022,PMKVY 2.0,CSCM,RPL,Himachal Pradesh,Bilaspur,913,909,800,774,0
21-04-2022,PMKVY 2.0,CSCM,RPL,Himachal Pradesh,Chamba,1004,1004,864,791,0
21-04-2022,PMKVY 2.0,CSCM,RPL,Himachal Pradesh,Hamirpur,1441,1380,1039,985,0
21-04-2022,PMKVY 2.0,CSCM,RPL,Himachal Pradesh,Kangra,8516,8507,7698,6843,0
21-04-2022,PMKVY 2.0,CSCM,RPL,Himachal Pradesh,Kinnaur,492,442,339,312,0
21-04-2022,PMKVY 2.0,CSCM,RPL,Himachal Pradesh,Kullu,1390,1357,1051,985,0
21-04-2022,PMKVY 2.0,CSCM,RPL,Himachal Pradesh,Lahul And Spiti,267,267,229,208,0
21-04-2022,PMKVY 2.0,CSCM,RPL,Himachal Pradesh,Mandi,7452,7441,6926,6423,0
21-04-2022,PMKVY 2.0,CSCM,RPL,Himachal Pradesh,Shimla,10224,10224,9962,9752,0
21-04-2022,PMKVY 2.0,CSCM,RPL,Himachal Pradesh,Sirmaur,2671,2620,2458,2412,0
21-04-2022,PMKVY 2.0,CSCM,RPL,Himachal Pradesh,Solan,9365,9129,7920,7324,0
21-04-2022,PMKVY 2.0,CSCM,RPL,Himachal Pradesh,Una,1696,1692,1408,1311,0
21-04-2022,PMKVY 2.0,CSCM,SP,Himachal Pradesh,Chamba,356,341,340,301,112
21-04-2022,PMKVY 2.0,CSCM,SP,Himachal Pradesh,Hamirpur,1791,1692,1650,1379,595
21-04-2022,PMKVY 2.0,CSCM,SP,Himachal Pradesh,Kangra,1916,1795,1728,1458,769
21-04-2022,PMKVY 2.0,CSCM,SP,Himachal Pradesh,Mandi,188,166,160,123,58
21-04-2022,PMKVY 2.0,CSCM,SP,Himachal Pradesh,Shimla,877,827,799,713,284
21-04-2022,PMKVY 2.0,CSCM,SP,Himachal Pradesh,Sirmaur,357,357,356,314,72
21-04-2022,PMKVY 2.0,CSCM,SP,Himachal Pradesh,Solan,230,230,228,222,148
21-04-2022,PMKVY 2.0,CSCM,SP,Himachal Pradesh,Una,298,297,291,233,150
21-04-2022,PMKVY 2.0,CSSM,STT,Himachal Pradesh,Bilaspur,861,781,587,494,137
21-04-2022,PMKVY 2.0,CSCM,STT,Himachal Pradesh,Bilaspur,1899,1735,1612,1453,458
21-04-2022,PMKVY 2.0,CSCM,STT,Himachal Pradesh,Chamba,2721,2212,2099,1867,1032
21-04-2022,PMKVY 2.0,CSSM,STT,Himachal Pradesh,Chamba,1460,1328,1250,1147,147
21-04-2022,PMKVY 2.0,CSSM,STT,Himachal Pradesh,Hamirpur,597,597,488,413,16
21-04-2022,PMKVY 2.0,CSCM,STT,Himachal Pradesh,Hamirpur,5583,5418,4925,4264,2769
21-04-2022,PMKVY 2.0,CSCM,STT,Himachal Pradesh,Kangra,8565,7455,7212,6698,2722
21-04-2022,PMKVY 2.0,CSSM,STT,Himachal Pradesh,Kangra,3496,3349,2783,2541,395
21-04-2022,PMKVY 2.0,CSCM,STT,Himachal Pradesh,Kinnaur,1333,1333,1262,1136,573
21-04-2022,PMKVY 2.0,CSCM,STT,Himachal Pradesh,Kullu,3649,2904,2529,2335,997
21-04-2022,PMKVY 2.0,CSSM,STT,Himachal Pradesh,Kullu,913,852,686,613,96
21-04-2022,PMKVY 2.0,CSCM,STT,Himachal Pradesh,Lahul And Spiti,240,240,178,165,0
21-04-2022,PMKVY 2.0,CSCM,STT,Himachal Pradesh,Mandi,4337,3728,3451,3150,1171
21-04-2022,PMKVY 2.0,CSSM,STT,Himachal Pradesh,Mandi,2792,2624,2382,2130,369
21-04-2022,PMKVY 2.0,CSSM,STT,Himachal Pradesh,Shimla,1424,1336,1161,1078,322
21-04-2022,PMKVY 2.0,CSCM,STT,Himachal Pradesh,Shimla,2146,1821,1719,1489,514
21-04-2022,PMKVY 2.0,CSCM,STT,Himachal Pradesh,Sirmaur,7051,6808,6513,5964,3848
21-04-2022,PMKVY 2.0,CSSM,STT,Himachal Pradesh,Sirmaur,2384,2208,1900,1680,223
21-04-2022,PMKVY 2.0,CSCM,STT,Himachal Pradesh,Solan,8481,7507,7166,6594,3470
21-04-2022,PMKVY 2.0,CSSM,STT,Himachal Pradesh,Solan,1475,1328,1044,940,37
21-04-2022,PMKVY 2.0,CSSM,STT,Himachal Pradesh,Una,1610,1419,1275,1166,352
21-04-2022,PMKVY 2.0,CSCM,STT,Himachal Pradesh,Una,6313,5473,5352,5046,2153
21-04-2022,PMKVY 3.0,CSCM,RPL,Himachal Pradesh,Bilaspur,80,80,30,7,0
21-04-2022,PMKVY 3.0,CSSM,RPL,Himachal Pradesh,Bilaspur,134,134,68,61,0
21-04-2022,PMKVY 3.0,CSCM,RPL,Himachal Pradesh,Chamba,276,276,228,155,0
21-04-2022,PMKVY 3.0,CSSM,RPL,Himachal Pradesh,Chamba,200,200,168,158,0
21-04-2022,PMKVY 3.0,CSSM,RPL,Himachal Pradesh,Hamirpur,30,30,21,19,0
21-04-2022,PMKVY 3.0,CSCM,RPL,Himachal Pradesh,Hamirpur,319,319,290,264,0
21-04-2022,PMKVY 3.0,CSCM,RPL,Himachal Pradesh,Kangra,452,452,415,292,0
21-04-2022,PMKVY 3.0,CSSM,RPL,Himachal Pradesh,Kangra,200,200,182,157,0
21-04-2022,PMKVY 3.0,CSCM,RPL,Himachal Pradesh,Kinnaur,170,170,152,117,0
21-04-2022,PMKVY 3.0,CSSM,RPL,Himachal Pradesh,Kinnaur,30,30,0,0,0
21-04-2022,PMKVY 3.0,CSSM,RPL,Himachal Pradesh,Kullu,60,60,16,16,0
21-04-2022,PMKVY 3.0,CSCM,RPL,Himachal Pradesh,Kullu,150,150,113,92,0
21-04-2022,PMKVY 3.0,CSSM,RPL,Himachal Pradesh,Mandi,200,200,151,133,0
21-04-2022,PMKVY 3.0,CSCM,RPL,Himachal Pradesh,Mandi,362,362,313,179,0
21-04-2022,PMKVY 3.0,CSSM,RPL,Himachal Pradesh,Shimla,200,200,160,148,0
21-04-2022,PMKVY 3.0,CSCM,RPL,Himachal Pradesh,Shimla,170,170,150,126,0
21-04-2022,PMKVY 3.0,CSCM,RPL,Himachal Pradesh,Sirmaur,507,507,492,452,0
21-04-2022,PMKVY 3.0,CSSM,RPL,Himachal Pradesh,Sirmaur,195,195,172,132,0
21-04-2022,PMKVY 3.0,CSCM,RPL,Himachal Pradesh,Solan,505,505,111,107,0
21-04-2022,PMKVY 3.0,CSSM,RPL,Himachal Pradesh,Solan,192,191,180,178,0
21-04-2022,PMKVY 3.0,CSSM,RPL,Himachal Pradesh,Una,200,200,190,177,0
21-04-2022,PMKVY 3.0,CSCM,RPL,Himachal Pradesh,Una,279,279,273,236,0
21-04-2022,PMKVY 3.0,CSCM,SP,Himachal Pradesh,Chamba,92,92,92,0,0
21-04-2022,PMKVY 3.0,CSCM,SP,Himachal Pradesh,Hamirpur,640,541,416,127,0
21-04-2022,PMKVY 3.0,CSCM,SP,Himachal Pradesh,Kangra,505,374,358,92,0
21-04-2022,PMKVY 3.0,CSSM,SP,Himachal Pradesh,Kangra,40,40,38,34,0
21-04-2022,PMKVY 3.0,CSCM,SP,Himachal Pradesh,Kinnaur,200,200,143,28,0
21-04-2022,PMKVY 3.0,CSCM,SP,Himachal Pradesh,Kullu,300,300,241,79,0
21-04-2022,PMKVY 3.0,CSSM,SP,Himachal Pradesh,Mandi,40,40,40,14,0
21-04-2022,PMKVY 3.0,CSCM,SP,Himachal Pradesh,Mandi,180,166,160,78,0
21-04-2022,PMKVY 3.0,CSCM,SP,Himachal Pradesh,Shimla,162,71,71,0,0
21-04-2022,PMKVY 3.0,CSCM,SP,Himachal Pradesh,Sirmaur,220,182,175,25,0
21-04-2022,PMKVY 3.0,CSCM,SP,Himachal Pradesh,Solan,180,170,153,0,0
21-04-2022,PMKVY 3.0,CSSM,STT,Himachal Pradesh,Bilaspur,80,0,0,0,0
21-04-2022,PMKVY 3.0,CSCM,STT,Himachal Pradesh,Bilaspur,290,132,102,94,0
21-04-2022,PMKVY 3.0,CSCM,STT,Himachal Pradesh,Chamba,821,195,155,135,96
21-04-2022,PMKVY 3.0,CSSM,STT,Himachal Pradesh,Chamba,169,169,156,149,0
21-04-2022,PMKVY 3.0,CSCM,STT,Himachal Pradesh,Hamirpur,228,150,98,84,71
21-04-2022,PMKVY 3.0,CSCM,STT,Himachal Pradesh,Kangra,793,425,144,112,80
21-04-2022,PMKVY 3.0,CSCM,STT,Himachal Pradesh,Kinnaur,520,160,97,87,0
21-04-2022,PMKVY 3.0,CSCM,STT,Himachal Pradesh,Kullu,360,120,105,87,0
21-04-2022,PMKVY 3.0,CSSM,STT,Himachal Pradesh,Mandi,52,28,22,17,0
21-04-2022,PMKVY 3.0,CSCM,STT,Himachal Pradesh,Mandi,695,257,108,98,71
21-04-2022,PMKVY 3.0,CSCM,STT,Himachal Pradesh,Shimla,525,134,115,99,21
21-04-2022,PMKVY 3.0,CSSM,STT,Himachal Pradesh,Shimla,84,0,0,0,0
21-04-2022,PMKVY 3.0,CSSM,STT,Himachal Pradesh,Sirmaur,60,30,25,21,0
21-04-2022,PMKVY 3.0,CSCM,STT,Himachal Pradesh,Sirmaur,564,180,159,129,6
21-04-2022,PMKVY 3.0,CSCM,STT,Himachal Pradesh,Solan,477,176,167,145,10
21-04-2022,PMKVY 3.0,CSSM,STT,Himachal Pradesh,Solan,56,56,0,0,0
21-04-2022,PMKVY 3.0,CSCM,STT,Himachal Pradesh,Una,574,231,171,157,109
21-04-2022,PMKVY 2.0,CSCM,RPL,Jammu And Kashmir,Anantnag,11983,11983,10987,10653,0
21-04-2022,PMKVY 2.0,CSCM,RPL,Jammu And Kashmir,Bandipora,11682,9732,9109,8952,0
21-04-2022,PMKVY 2.0,CSCM,RPL,Jammu And Kashmir,Baramulla,25144,25132,22625,21866,0
21-04-2022,PMKVY 2.0,CSCM,RPL,Jammu And Kashmir,Budgam,25655,25255,23059,21613,0
21-04-2022,PMKVY 2.0,CSCM,RPL,Jammu And Kashmir,Doda,347,347,321,276,0
21-04-2022,PMKVY 2.0,CSCM,RPL,Jammu And Kashmir,Ganderbal,6590,6073,4167,3876,0
21-04-2022,PMKVY 2.0,CSCM,RPL,Jammu And Kashmir,Jammu,10194,10113,9358,8940,0
21-04-2022,PMKVY 2.0,CSCM,RPL,Jammu And Kashmir,Kathua,1990,1984,1766,1700,0
21-04-2022,PMKVY 2.0,CSCM,RPL,Jammu And Kashmir,Kishtwar,1893,1893,1577,1527,0
21-04-2022,PMKVY 2.0,CSCM,RPL,Jammu And Kashmir,Kulgam,4766,4736,4104,3969,0
21-04-2022,PMKVY 2.0,CSCM,RPL,Jammu And Kashmir,Kupwara,10027,9677,8546,8149,0
21-04-2022,PMKVY 2.0,CSCM,RPL,Jammu And Kashmir,Pulwama,5071,5034,4276,3856,0
21-04-2022,PMKVY 2.0,CSCM,RPL,Jammu And Kashmir,Rajouri,1465,1465,1095,1070,0
21-04-2022,PMKVY 2.0,CSCM,RPL,Jammu And Kashmir,Ramban,584,584,547,546,0
21-04-2022,PMKVY 2.0,CSCM,RPL,Jammu And Kashmir,Reasi,1110,1110,989,950,0
21-04-2022,PMKVY 2.0,CSCM,RPL,Jammu And Kashmir,Samba,515,515,485,471,0
21-04-2022,PMKVY 2.0,CSCM,RPL,Jammu And Kashmir,Shopian,2809,2607,2329,2232,0
21-04-2022,PMKVY 2.0,CSCM,RPL,Jammu And Kashmir,Srinagar,24375,24346,23037,22789,0
21-04-2022,PMKVY 2.0,CSCM,RPL,Jammu And Kashmir,Udhampur,1341,1341,1171,1023,0
21-04-2022,PMKVY 2.0,CSCM,SP,Jammu And Kashmir,Anantnag,346,346,346,280,0
21-04-2022,PMKVY 2.0,CSCM,SP,Jammu And Kashmir,Bandipora,180,180,179,166,55
21-04-2022,PMKVY 2.0,CSCM,SP,Jammu And Kashmir,Baramulla,420,420,404,367,246
21-04-2022,PMKVY 2.0,CSCM,SP,Jammu And Kashmir,Budgam,209,209,120,118,80
21-04-2022,PMKVY 2.0,CSCM,SP,Jammu And Kashmir,Ganderbal,150,150,131,128,112
21-04-2022,PMKVY 2.0,CSCM,SP,Jammu And Kashmir,Jammu,644,624,560,477,0
21-04-2022,PMKVY 2.0,CSCM,SP,Jammu And Kashmir,Kathua,568,568,543,494,128
21-04-2022,PMKVY 2.0,CSCM,SP,Jammu And Kashmir,Kupwara,119,119,58,57,0
21-04-2022,PMKVY 2.0,CSCM,SP,Jammu And Kashmir,Poonch,30,30,30,28,0
21-04-2022,PMKVY 2.0,CSCM,SP,Jammu And Kashmir,Pulwama,255,255,186,159,120
21-04-2022,PMKVY 2.0,CSCM,SP,Jammu And Kashmir,Rajouri,30,30,30,28,0
21-04-2022,PMKVY 2.0,CSCM,SP,Jammu And Kashmir,Samba,60,60,34,6,0
21-04-2022,PMKVY 2.0,CSCM,SP,Jammu And Kashmir,Shopian,120,120,94,14,9
21-04-2022,PMKVY 2.0,CSCM,SP,Jammu And Kashmir,Srinagar,637,637,465,313,201
21-04-2022,PMKVY 2.0,CSCM,SP,Jammu And Kashmir,Udhampur,431,403,363,327,96
21-04-2022,PMKVY 2.0,CSCM,STT,Jammu And Kashmir,Anantnag,9244,8708,8474,8005,5098
21-04-2022,PMKVY 2.0,CSSM,STT,Jammu And Kashmir,Anantnag,2749,2689,2686,2458,756
21-04-2022,PMKVY 2.0,CSCM,STT,Jammu And Kashmir,Bandipora,4744,4486,4378,3961,2012
21-04-2022,PMKVY 2.0,CSSM,STT,Jammu And Kashmir,Bandipora,630,600,599,551,0
21-04-2022,PMKVY 2.0,CSSM,STT,Jammu And Kashmir,Baramulla,540,539,419,400,19
21-04-2022,PMKVY 2.0,CSCM,STT,Jammu And Kashmir,Baramulla,5271,4081,4034,3686,1703
21-04-2022,PMKVY 2.0,CSSM,STT,Jammu And Kashmir,Budgam,1770,1770,1690,1584,47
21-04-2022,PMKVY 2.0,CSCM,STT,Jammu And Kashmir,Budgam,5882,4979,4773,4224,2285
21-04-2022,PMKVY 2.0,CSCM,STT,Jammu And Kashmir,Doda,3603,3597,3402,2938,1673
21-04-2022,PMKVY 2.0,CSSM,STT,Jammu And Kashmir,Doda,755,755,754,723,315
21-04-2022,PMKVY 2.0,CSCM,STT,Jammu And Kashmir,Ganderbal,3096,2526,2472,2256,1201
21-04-2022,PMKVY 2.0,CSSM,STT,Jammu And Kashmir,Ganderbal,1050,1050,1042,946,437
21-04-2022,PMKVY 2.0,CSCM,STT,Jammu And Kashmir,Jammu,23369,22592,20929,18648,11143
21-04-2022,PMKVY 2.0,CSSM,STT,Jammu And Kashmir,Jammu,4634,4634,4403,4160,1249
21-04-2022,PMKVY 2.0,CSSM,STT,Jammu And Kashmir,Kathua,1165,1165,1136,1016,109
21-04-2022,PMKVY 2.0,CSCM,STT,Jammu And Kashmir,Kathua,9262,8713,7956,7077,4341
21-04-2022,PMKVY 2.0,CSSM,STT,Jammu And Kashmir,Kishtwar,930,930,926,872,148
21-04-2022,PMKVY 2.0,CSCM,STT,Jammu And Kashmir,Kishtwar,960,460,460,440,273
21-04-2022,PMKVY 2.0,CSSM,STT,Jammu And Kashmir,Kulgam,745,745,724,651,52
21-04-2022,PMKVY 2.0,CSCM,STT,Jammu And Kashmir,Kulgam,3792,3481,3465,3144,1692
21-04-2022,PMKVY 2.0,CSCM,STT,Jammu And Kashmir,Kupwara,3832,3621,3531,3231,2153
21-04-2022,PMKVY 2.0,CSSM,STT,Jammu And Kashmir,Kupwara,870,870,869,776,429
21-04-2022,PMKVY 2.0,CSCM,STT,Jammu And Kashmir,Poonch,3478,2656,2642,2333,975
21-04-2022,PMKVY 2.0,CSSM,STT,Jammu And Kashmir,Poonch,1155,1155,1154,1114,126
21-04-2022,PMKVY 2.0,CSSM,STT,Jammu And Kashmir,Pulwama,1020,1020,986,898,15
21-04-2022,PMKVY 2.0,CSCM,STT,Jammu And Kashmir,Pulwama,3144,2388,2374,2165,1222
21-04-2022,PMKVY 2.0,CSSM,STT,Jammu And Kashmir,Rajouri,265,265,265,247,11
21-04-2022,PMKVY 2.0,CSCM,STT,Jammu And Kashmir,Rajouri,3787,3487,3447,3279,1912
21-04-2022,PMKVY 2.0,CSCM,STT,Jammu And Kashmir,Ramban,1885,1764,1740,1640,792
21-04-2022,PMKVY 2.0,CSSM,STT,Jammu And Kashmir,Reasi,80,80,80,77,0
21-04-2022,PMKVY 2.0,CSCM,STT,Jammu And Kashmir,Reasi,1353,840,826,786,402
21-04-2022,PMKVY 2.0,CSCM,STT,Jammu And Kashmir,Samba,758,656,649,621,230
21-04-2022,PMKVY 2.0,CSSM,STT,Jammu And Kashmir,Samba,210,210,168,93,0
21-04-2022,PMKVY 2.0,CSSM,STT,Jammu And Kashmir,Shopian,530,530,525,487,80
21-04-2022,PMKVY 2.0,CSCM,STT,Jammu And Kashmir,Shopian,1422,1312,1312,1274,730
21-04-2022,PMKVY 2.0,CSCM,STT,Jammu And Kashmir,Srinagar,10237,9104,8599,8012,3366
21-04-2022,PMKVY 2.0,CSSM,STT,Jammu And Kashmir,Srinagar,740,740,740,703,52
21-04-2022,PMKVY 2.0,CSSM,STT,Jammu And Kashmir,Udhampur,773,733,732,657,273
21-04-2022,PMKVY 2.0,CSCM,STT,Jammu And Kashmir,Udhampur,5926,5435,5270,4702,2721
21-04-2022,PMKVY 3.0,CSCM,RPL,Jammu And Kashmir,Anantnag,1,1,0,0,0
21-04-2022,PMKVY 3.0,CSCM,RPL,Jammu And Kashmir,Bandipora,838,787,413,192,0
21-04-2022,PMKVY 3.0,CSCM,RPL,Jammu And Kashmir,Baramulla,1581,1581,1109,751,0
21-04-2022,PMKVY 3.0,CSCM,RPL,Jammu And Kashmir,Budgam,2107,2105,1887,1218,0
21-04-2022,PMKVY 3.0,CSCM,RPL,Jammu And Kashmir,Ganderbal,400,400,160,82,0
21-04-2022,PMKVY 3.0,CSCM,RPL,Jammu And Kashmir,Jammu,80,80,67,50,0
21-04-2022,PMKVY 3.0,CSCM,RPL,Jammu And Kashmir,Kathua,590,590,584,509,0
21-04-2022,PMKVY 3.0,CSCM,RPL,Jammu And Kashmir,Kupwara,50,50,38,25,0
21-04-2022,PMKVY 3.0,CSCM,RPL,Jammu And Kashmir,Poonch,50,50,49,24,0
21-04-2022,PMKVY 3.0,CSCM,RPL,Jammu And Kashmir,Pulwama,200,200,163,131,0
21-04-2022,PMKVY 3.0,CSCM,RPL,Jammu And Kashmir,Reasi,50,50,50,0,0
21-04-2022,PMKVY 3.0,CSCM,RPL,Jammu And Kashmir,Samba,5,5,5,4,0
21-04-2022,PMKVY 3.0,CSCM,RPL,Jammu And Kashmir,Srinagar,1060,1060,884,183,0
21-04-2022,PMKVY 3.0,CSCM,RPL,Jammu And Kashmir,Udhampur,67,67,65,0,0
21-04-2022,PMKVY 3.0,CSCM,SP,Jammu And Kashmir,Anantnag,1627,1349,1333,20,0
21-04-2022,PMKVY 3.0,CSCM,SP,Jammu And Kashmir,Bandipora,1613,1109,1078,0,0
21-04-2022,PMKVY 3.0,CSCM,SP,Jammu And Kashmir,Baramulla,1140,657,453,0,0
21-04-2022,PMKVY 3.0,CSCM,SP,Jammu And Kashmir,Budgam,1534,995,810,20,0
21-04-2022,PMKVY 3.0,CSCM,SP,Jammu And Kashmir,Doda,190,189,185,1,0
21-04-2022,PMKVY 3.0,CSCM,SP,Jammu And Kashmir,Ganderbal,1145,1125,1121,36,0
21-04-2022,PMKVY 3.0,CSCM,SP,Jammu And Kashmir,Jammu,761,680,593,0,0
21-04-2022,PMKVY 3.0,CSCM,SP,Jammu And Kashmir,Kathua,400,360,334,0,0
21-04-2022,PMKVY 3.0,CSCM,SP,Jammu And Kashmir,Kishtwar,40,40,40,0,0
21-04-2022,PMKVY 3.0,CSCM,SP,Jammu And Kashmir,Kulgam,815,811,783,0,0
21-04-2022,PMKVY 3.0,CSCM,SP,Jammu And Kashmir,Kupwara,1055,1009,981,0,0
21-04-2022,PMKVY 3.0,CSCM,SP,Jammu And Kashmir,Poonch,660,400,352,0,0
21-04-2022,PMKVY 3.0,CSCM,SP,Jammu And Kashmir,Pulwama,908,906,817,0,0
21-04-2022,PMKVY 3.0,CSCM,SP,Jammu And Kashmir,Rajouri,353,353,352,0,0
21-04-2022,PMKVY 3.0,CSCM,SP,Jammu And Kashmir,Ramban,120,120,120,0,0
21-04-2022,PMKVY 3.0,CSCM,SP,Jammu And Kashmir,Reasi,125,125,114,8,0
21-04-2022,PMKVY 3.0,CSCM,SP,Jammu And Kashmir,Samba,100,80,74,0,0
21-04-2022,PMKVY 3.0,CSCM,SP,Jammu And Kashmir,Shopian,310,280,205,0,0
21-04-2022,PMKVY 3.0,CSCM,SP,Jammu And Kashmir,Srinagar,1813,1253,1222,0,0
21-04-2022,PMKVY 3.0,CSCM,SP,Jammu And Kashmir,Udhampur,280,280,249,0,0
21-04-2022,PMKVY 3.0,CSSM,STT,Jammu And Kashmir,Anantnag,30,30,22,8,0
21-04-2022,PMKVY 3.0,CSCM,STT,Jammu And Kashmir,Anantnag,231,159,112,81,79
21-04-2022,PMKVY 3.0,CSSM,STT,Jammu And Kashmir,Bandipora,30,30,26,25,0
21-04-2022,PMKVY 3.0,CSCM,STT,Jammu And Kashmir,Bandipora,688,163,152,128,0
21-04-2022,PMKVY 3.0,CSCM,STT,Jammu And Kashmir,Baramulla,694,169,169,117,111
21-04-2022,PMKVY 3.0,CSSM,STT,Jammu And Kashmir,Baramulla,60,60,25,24,0
21-04-2022,PMKVY 3.0,CSCM,STT,Jammu And Kashmir,Budgam,1121,240,230,212,76
21-04-2022,PMKVY 3.0,CSSM,STT,Jammu And Kashmir,Budgam,30,30,0,0,0
21-04-2022,PMKVY 3.0,CSCM,STT,Jammu And Kashmir,Doda,182,0,0,0,0
21-04-2022,PMKVY 3.0,CSSM,STT,Jammu And Kashmir,Doda,30,30,0,0,0
21-04-2022,PMKVY 3.0,CSSM,STT,Jammu And Kashmir,Ganderbal,30,30,0,0,0
21-04-2022,PMKVY 3.0,CSCM,STT,Jammu And Kashmir,Ganderbal,528,187,151,113,0
21-04-2022,PMKVY 3.0,CSCM,STT,Jammu And Kashmir,Jammu,1390,407,167,140,92
21-04-2022,PMKVY 3.0,CSSM,STT,Jammu And Kashmir,Jammu,84,84,23,19,0
21-04-2022,PMKVY 3.0,CSCM,STT,Jammu And Kashmir,Kathua,408,168,165,163,40
21-04-2022,PMKVY 3.0,CSSM,STT,Jammu And Kashmir,Kathua,30,30,25,22,0
21-04-2022,PMKVY 3.0,CSSM,STT,Jammu And Kashmir,Kishtwar,30,30,19,19,0
21-04-2022,PMKVY 3.0,CSCM,STT,Jammu And Kashmir,Kishtwar,665,170,170,162,0
21-04-2022,PMKVY 3.0,CSCM,STT,Jammu And Kashmir,Kulgam,768,226,128,118,0
21-04-2022,PMKVY 3.0,CSSM,STT,Jammu And Kashmir,Kulgam,30,30,10,8,0
21-04-2022,PMKVY 3.0,CSCM,STT,Jammu And Kashmir,Kupwara,216,158,133,106,63
21-04-2022,PMKVY 3.0,CSSM,STT,Jammu And Kashmir,Kupwara,30,30,15,10,0
21-04-2022,PMKVY 3.0,CSCM,STT,Jammu And Kashmir,Poonch,309,150,147,136,24
21-04-2022,PMKVY 3.0,CSSM,STT,Jammu And Kashmir,Poonch,30,30,0,0,0
21-04-2022,PMKVY 3.0,CSCM,STT,Jammu And Kashmir,Pulwama,558,148,148,132,0
21-04-2022,PMKVY 3.0,CSSM,STT,Jammu And Kashmir,Pulwama,30,30,15,11,0
21-04-2022,PMKVY 3.0,CSSM,STT,Jammu And Kashmir,Rajouri,30,30,21,15,0
21-04-2022,PMKVY 3.0,CSCM,STT,Jammu And Kashmir,Rajouri,60,30,0,0,0
21-04-2022,PMKVY 3.0,CSSM,STT,Jammu And Kashmir,Ramban,30,30,16,13,0
21-04-2022,PMKVY 3.0,CSCM,STT,Jammu And Kashmir,Ramban,423,137,131,125,0
21-04-2022,PMKVY 3.0,CSCM,STT,Jammu And Kashmir,Reasi,300,140,137,136,0
21-04-2022,PMKVY 3.0,CSSM,STT,Jammu And Kashmir,Reasi,30,30,22,16,0
21-04-2022,PMKVY 3.0,CSCM,STT,Jammu And Kashmir,Samba,32,0,0,0,0
21-04-2022,PMKVY 3.0,CSSM,STT,Jammu And Kashmir,Samba,30,30,28,25,0
21-04-2022,PMKVY 3.0,CSSM,STT,Jammu And Kashmir,Shopian,30,30,21,17,0
21-04-2022,PMKVY 3.0,CSCM,STT,Jammu And Kashmir,Shopian,79,30,0,0,0
21-04-2022,PMKVY 3.0,CSSM,STT,Jammu And Kashmir,Srinagar,55,55,21,9,0
21-04-2022,PMKVY 3.0,CSCM,STT,Jammu And Kashmir,Srinagar,1040,120,120,115,87
21-04-2022,PMKVY 3.0,CSSM,STT,Jammu And Kashmir,Udhampur,30,30,25,19,0
21-04-2022,PMKVY 3.0,CSCM,STT,Jammu And Kashmir,Udhampur,355,166,158,97,0
21-04-2022,PMKVY 2.0,CSCM,RPL,Jharkhand,Bokaro,5713,5625,4651,4145,0
21-04-2022,PMKVY 2.0,CSCM,RPL,Jharkhand,Chatra,4109,3953,3728,3588,0
21-04-2022,PMKVY 2.0,CSCM,RPL,Jharkhand,Deoghar,18658,18616,17852,17574,0
21-04-2022,PMKVY 2.0,CSCM,RPL,Jharkhand,Dhanbad,6421,6321,3918,3663,0
21-04-2022,PMKVY 2.0,CSCM,RPL,Jharkhand,Dumka,7601,7491,7041,6569,0
21-04-2022,PMKVY 2.0,CSCM,RPL,Jharkhand,East Singhbum,36747,36437,35814,35458,0
21-04-2022,PMKVY 2.0,CSCM,RPL,Jharkhand,Garhwa,780,780,508,489,0
21-04-2022,PMKVY 2.0,CSCM,RPL,Jharkhand,Giridih,1765,1657,1439,1071,0
21-04-2022,PMKVY 2.0,CSCM,RPL,Jharkhand,Godda,3352,3342,2841,2486,0
21-04-2022,PMKVY 2.0,CSCM,RPL,Jharkhand,Gumla,819,819,743,722,0
21-04-2022,PMKVY 2.0,CSCM,RPL,Jharkhand,Hazaribagh,18457,18113,16659,15514,0
21-04-2022,PMKVY 2.0,CSCM,RPL,Jharkhand,Jamtara,141,141,121,109,0
21-04-2022,PMKVY 2.0,CSCM,RPL,Jharkhand,Khunti,894,894,811,739,0
21-04-2022,PMKVY 2.0,CSCM,RPL,Jharkhand,Koderma,4012,3964,3743,3414,0
21-04-2022,PMKVY 2.0,CSCM,RPL,Jharkhand,Latehar,635,570,485,424,0
21-04-2022,PMKVY 2.0,CSCM,RPL,Jharkhand,Lohardaga,740,739,462,439,0
21-04-2022,PMKVY 2.0,CSCM,RPL,Jharkhand,Pakur,1123,1123,1076,1070,0
21-04-2022,PMKVY 2.0,CSCM,RPL,Jharkhand,Palamu,1846,1790,1095,1025,0
21-04-2022,PMKVY 2.0,CSCM,RPL,Jharkhand,Ramgarh,7946,7932,6949,5833,0
21-04-2022,PMKVY 2.0,CSCM,RPL,Jharkhand,Ranchi,20598,20220,16645,15727,0
21-04-2022,PMKVY 2.0,CSCM,RPL,Jharkhand,Sahebganj,864,864,807,669,0
21-04-2022,PMKVY 2.0,CSCM,RPL,Jharkhand,Saraikela Kharsawan,2669,2526,2387,2206,0
21-04-2022,PMKVY 2.0,CSCM,RPL,Jharkhand,Simdega,608,500,430,404,0
21-04-2022,PMKVY 2.0,CSCM,RPL,Jharkhand,West Singhbhum,1599,1524,1254,1112,0
21-04-2022,PMKVY 2.0,CSCM,SP,Jharkhand,East Singhbum,140,140,0,0,0
21-04-2022,PMKVY 2.0,CSCM,SP,Jharkhand,Garhwa,300,293,282,212,174
21-04-2022,PMKVY 2.0,CSCM,SP,Jharkhand,Godda,46,46,31,28,0
21-04-2022,PMKVY 2.0,CSCM,SP,Jharkhand,Hazaribagh,50,0,0,0,0
21-04-2022,PMKVY 2.0,CSCM,SP,Jharkhand,Ramgarh,180,180,0,0,0
21-04-2022,PMKVY 2.0,CSCM,SP,Jharkhand,Ranchi,1803,1556,1341,1176,620
21-04-2022,PMKVY 2.0,CSSM,STT,Jharkhand,Bokaro,2070,2070,1981,1794,0
21-04-2022,PMKVY 2.0,CSCM,STT,Jharkhand,Bokaro,4079,3776,3444,3312,1630
21-04-2022,PMKVY 2.0,CSCM,STT,Jharkhand,Chatra,1844,1724,1555,1301,770
21-04-2022,PMKVY 2.0,CSCM,STT,Jharkhand,Deoghar,1300,1180,959,885,760
21-04-2022,PMKVY 2.0,CSSM,STT,Jharkhand,Deoghar,750,750,684,574,361
21-04-2022,PMKVY 2.0,CSSM,STT,Jharkhand,Dhanbad,3029,2489,2148,1898,404
21-04-2022,PMKVY 2.0,CSCM,STT,Jharkhand,Dhanbad,5087,4723,4123,3573,1967
21-04-2022,PMKVY 2.0,CSCM,STT,Jharkhand,Dumka,2437,2202,1535,1237,386
21-04-2022,PMKVY 2.0,CSSM,STT,Jharkhand,Dumka,450,450,246,227,0
21-04-2022,PMKVY 2.0,CSCM,STT,Jharkhand,East Singhbum,5286,4935,4339,3904,1570
21-04-2022,PMKVY 2.0,CSSM,STT,Jharkhand,East Singhbum,1650,1430,1075,940,136
21-04-2022,PMKVY 2.0,CSCM,STT,Jharkhand,Garhwa,4645,4333,4193,3726,1587
21-04-2022,PMKVY 2.0,CSSM,STT,Jharkhand,Garhwa,870,870,490,401,153
21-04-2022,PMKVY 2.0,CSCM,STT,Jharkhand,Giridih,1563,1370,1244,1124,389
21-04-2022,PMKVY 2.0,CSSM,STT,Jharkhand,Giridih,417,417,287,195,159
21-04-2022,PMKVY 2.0,CSSM,STT,Jharkhand,Godda,330,330,238,229,0
21-04-2022,PMKVY 2.0,CSCM,STT,Jharkhand,Godda,1146,1052,791,716,433
21-04-2022,PMKVY 2.0,CSCM,STT,Jharkhand,Gumla,2064,1767,1646,1454,815
21-04-2022,PMKVY 2.0,CSSM,STT,Jharkhand,Gumla,150,150,132,100,0
21-04-2022,PMKVY 2.0,CSCM,STT,Jharkhand,Hazaribagh,3535,3276,3000,2715,1472
21-04-2022,PMKVY 2.0,CSSM,STT,Jharkhand,Hazaribagh,929,929,817,720,0
21-04-2022,PMKVY 2.0,CSCM,STT,Jharkhand,Jamtara,2067,1927,1622,1365,417
21-04-2022,PMKVY 2.0,CSSM,STT,Jharkhand,Jamtara,180,180,179,130,21
21-04-2022,PMKVY 2.0,CSCM,STT,Jharkhand,Khunti,2444,2147,1821,1537,819
21-04-2022,PMKVY 2.0,CSSM,STT,Jharkhand,Khunti,480,367,426,332,0
21-04-2022,PMKVY 2.0,CSCM,STT,Jharkhand,Koderma,2330,2097,2054,1873,755
21-04-2022,PMKVY 2.0,CSSM,STT,Jharkhand,Koderma,150,90,60,55,0
21-04-2022,PMKVY 2.0,CSCM,STT,Jharkhand,Latehar,1118,1075,995,848,518
21-04-2022,PMKVY 2.0,CSCM,STT,Jharkhand,Lohardaga,1912,1604,1569,1425,842
21-04-2022,PMKVY 2.0,CSSM,STT,Jharkhand,Lohardaga,480,480,388,322,136
21-04-2022,PMKVY 2.0,CSSM,STT,Jharkhand,Pakur,566,566,374,323,44
21-04-2022,PMKVY 2.0,CSCM,STT,Jharkhand,Pakur,1464,1181,750,406,151
21-04-2022,PMKVY 2.0,CSCM,STT,Jharkhand,Palamu,3570,3482,3299,2806,1817
21-04-2022,PMKVY 2.0,CSSM,STT,Jharkhand,Palamu,1857,1857,1064,910,0
21-04-2022,PMKVY 2.0,CSCM,STT,Jharkhand,Ramgarh,3305,3147,2952,2659,1027
21-04-2022,PMKVY 2.0,CSSM,STT,Jharkhand,Ramgarh,2039,1981,1801,1562,26
21-04-2022,PMKVY 2.0,CSSM,STT,Jharkhand,Ranchi,3352,3285,2999,2537,628
21-04-2022,PMKVY 2.0,CSCM,STT,Jharkhand,Ranchi,6964,6376,5906,5211,2626
21-04-2022,PMKVY 2.0,CSSM,STT,Jharkhand,Sahebganj,210,210,194,185,0
21-04-2022,PMKVY 2.0,CSCM,STT,Jharkhand,Sahebganj,1830,1590,1353,1092,516
21-04-2022,PMKVY 2.0,CSCM,STT,Jharkhand,Saraikela Kharsawan,2400,2279,2033,1503,699
21-04-2022,PMKVY 2.0,CSSM,STT,Jharkhand,Saraikela Kharsawan,1080,900,725,607,58
21-04-2022,PMKVY 2.0,CSCM,STT,Jharkhand,Simdega,1500,1319,974,817,237
21-04-2022,PMKVY 2.0,CSCM,STT,Jharkhand,West Singhbhum,2458,2037,1634,1371,780
21-04-2022,PMKVY 2.0,CSSM,STT,Jharkhand,West Singhbhum,1905,1905,1484,1294,543
21-04-2022,PMKVY 3.0,CSSM,RPL,Jharkhand,Bokaro,100,100,99,96,0
21-04-2022,PMKVY 3.0,CSCM,RPL,Jharkhand,Bokaro,2,2,0,0,0
21-04-2022,PMKVY 3.0,CSSM,RPL,Jharkhand,Chatra,172,172,0,0,0
21-04-2022,PMKVY 3.0,CSCM,RPL,Jharkhand,Deoghar,12,12,10,0,0
21-04-2022,PMKVY 3.0,CSSM,RPL,Jharkhand,Deoghar,60,60,0,0,0
21-04-2022,PMKVY 3.0,CSCM,RPL,Jharkhand,Dhanbad,21,21,0,0,0
21-04-2022,PMKVY 3.0,CSSM,RPL,Jharkhand,Dhanbad,229,229,59,54,0
21-04-2022,PMKVY 3.0,CSCM,RPL,Jharkhand,Dumka,1,1,0,0,0
21-04-2022,PMKVY 3.0,CSCM,RPL,Jharkhand,East Singhbum,286,286,169,20,0
21-04-2022,PMKVY 3.0,CSSM,RPL,Jharkhand,East Singhbum,197,197,117,109,0
21-04-2022,PMKVY 3.0,CSCM,RPL,Jharkhand,Garhwa,42,42,0,0,0
21-04-2022,PMKVY 3.0,CSSM,RPL,Jharkhand,Garhwa,200,200,82,66,0
21-04-2022,PMKVY 3.0,CSSM,RPL,Jharkhand,Giridih,90,90,89,83,0
21-04-2022,PMKVY 3.0,CSCM,RPL,Jharkhand,Giridih,2,2,0,0,0
21-04-2022,PMKVY 3.0,CSCM,RPL,Jharkhand,Godda,296,296,59,59,0
21-04-2022,PMKVY 3.0,CSSM,RPL,Jharkhand,Godda,200,200,178,170,0
21-04-2022,PMKVY 3.0,CSSM,RPL,Jharkhand,Gumla,52,52,0,0,0
21-04-2022,PMKVY 3.0,CSSM,RPL,Jharkhand,Hazaribagh,180,180,179,165,0
21-04-2022,PMKVY 3.0,CSCM,RPL,Jharkhand,Hazaribagh,145,145,143,138,0
21-04-2022,PMKVY 3.0,CSSM,RPL,Jharkhand,Jamtara,100,100,0,0,0
21-04-2022,PMKVY 3.0,CSCM,RPL,Jharkhand,Khunti,40,40,40,40,0
21-04-2022,PMKVY 3.0,CSSM,RPL,Jharkhand,Koderma,160,160,58,56,0
21-04-2022,PMKVY 3.0,CSCM,RPL,Jharkhand,Koderma,81,81,77,55,0
21-04-2022,PMKVY 3.0,CSCM,RPL,Jharkhand,Latehar,2,2,0,0,0
21-04-2022,PMKVY 3.0,CSSM,RPL,Jharkhand,Pakur,84,84,0,0,0
21-04-2022,PMKVY 3.0,CSSM,RPL,Jharkhand,Palamu,120,120,0,0,0
21-04-2022,PMKVY 3.0,CSCM,RPL,Jharkhand,Palamu,9,9,9,9,0
21-04-2022,PMKVY 3.0,CSSM,RPL,Jharkhand,Ramgarh,141,141,119,107,0
21-04-2022,PMKVY 3.0,CSCM,RPL,Jharkhand,Ranchi,411,411,230,59,0
21-04-2022,PMKVY 3.0,CSSM,RPL,Jharkhand,Ranchi,180,180,28,25,0
21-04-2022,PMKVY 3.0,CSCM,RPL,Jharkhand,Saraikela Kharsawan,8,8,8,1,0
21-04-2022,PMKVY 3.0,CSCM,SP,Jharkhand,Bokaro,66,33,25,0,0
21-04-2022,PMKVY 3.0,CSCM,SP,Jharkhand,Chatra,80,80,80,0,0
21-04-2022,PMKVY 3.0,CSCM,SP,Jharkhand,Dhanbad,275,275,262,0,0
21-04-2022,PMKVY 3.0,CSCM,SP,Jharkhand,Dumka,302,302,225,31,0
21-04-2022,PMKVY 3.0,CSSM,SP,Jharkhand,East Singhbum,20,20,20,0,0
21-04-2022,PMKVY 3.0,CSCM,SP,Jharkhand,East Singhbum,480,412,341,24,0
21-04-2022,PMKVY 3.0,CSCM,SP,Jharkhand,Garhwa,99,99,98,0,0
21-04-2022,PMKVY 3.0,CSSM,SP,Jharkhand,Godda,20,20,20,0,0
21-04-2022,PMKVY 3.0,CSCM,SP,Jharkhand,Godda,174,174,168,0,0
21-04-2022,PMKVY 3.0,CSCM,SP,Jharkhand,Gumla,46,46,46,0,0
21-04-2022,PMKVY 3.0,CSCM,SP,Jharkhand,Hazaribagh,1048,1027,955,232,0
21-04-2022,PMKVY 3.0,CSCM,SP,Jharkhand,Koderma,584,532,434,81,0
21-04-2022,PMKVY 3.0,CSCM,SP,Jharkhand,Latehar,80,80,80,0,0
21-04-2022,PMKVY 3.0,CSCM,SP,Jharkhand,Lohardaga,40,40,40,0,0
21-04-2022,PMKVY 3.0,CSCM,SP,Jharkhand,Palamu,144,144,144,0,0
21-04-2022,PMKVY 3.0,CSCM,SP,Jharkhand,Ramgarh,220,200,180,0,0
21-04-2022,PMKVY 3.0,CSCM,SP,Jharkhand,Ranchi,490,481,448,98,0
21-04-2022,PMKVY 3.0,CSSM,SP,Jharkhand,Ranchi,200,0,0,0,0
21-04-2022,PMKVY 3.0,CSCM,STT,Jharkhand,Bokaro,146,0,0,0,0
21-04-2022,PMKVY 3.0,CSCM,STT,Jharkhand,Chatra,375,90,85,78,0
21-04-2022,PMKVY 3.0,CSCM,STT,Jharkhand,Deoghar,57,32,0,0,0
21-04-2022,PMKVY 3.0,CSCM,STT,Jharkhand,Dhanbad,195,120,0,0,0
21-04-2022,PMKVY 3.0,CSCM,STT,Jharkhand,Dumka,160,120,0,0,0
21-04-2022,PMKVY 3.0,CSSM,STT,Jharkhand,Dumka,44,0,0,0,0
21-04-2022,PMKVY 3.0,CSCM,STT,Jharkhand,East Singhbum,226,120,0,0,0
21-04-2022,PMKVY 3.0,CSCM,STT,Jharkhand,Garhwa,368,80,69,52,0
21-04-2022,PMKVY 3.0,CSCM,STT,Jharkhand,Giridih,60,0,0,0,0
21-04-2022,PMKVY 3.0,CSSM,STT,Jharkhand,Giridih,120,120,116,100,4
21-04-2022,PMKVY 3.0,CSCM,STT,Jharkhand,Godda,20,20,0,0,0
21-04-2022,PMKVY 3.0,CSCM,STT,Jharkhand,Gumla,340,114,79,67,31
21-04-2022,PMKVY 3.0,CSCM,STT,Jharkhand,Hazaribagh,989,120,120,115,95
21-04-2022,PMKVY 3.0,CSCM,STT,Jharkhand,Jamtara,135,120,0,0,0
21-04-2022,PMKVY 3.0,CSCM,STT,Jharkhand,Khunti,166,150,0,0,0
21-04-2022,PMKVY 3.0,CSCM,STT,Jharkhand,Koderma,432,171,169,136,0
21-04-2022,PMKVY 3.0,CSCM,STT,Jharkhand,Latehar,338,30,0,0,16
21-04-2022,PMKVY 3.0,CSSM,STT,Jharkhand,Lohardaga,60,60,0,0,0
21-04-2022,PMKVY 3.0,CSCM,STT,Jharkhand,Lohardaga,172,100,98,59,40
21-04-2022,PMKVY 3.0,CSCM,STT,Jharkhand,Pakur,172,119,0,0,0
21-04-2022,PMKVY 3.0,CSCM,STT,Jharkhand,Palamu,288,120,113,102,0
21-04-2022,PMKVY 3.0,CSCM,STT,Jharkhand,Ramgarh,1015,30,30,0,0
21-04-2022,PMKVY 3.0,CSCM,STT,Jharkhand,Ranchi,701,120,96,90,0
21-04-2022,PMKVY 3.0,CSSM,STT,Jharkhand,Ranchi,262,172,114,106,81
21-04-2022,PMKVY 3.0,CSCM,STT,Jharkhand,Sahebganj,185,120,0,0,0
21-04-2022,PMKVY 3.0,CSCM,STT,Jharkhand,Saraikela Kharsawan,64,0,0,0,0
21-04-2022,PMKVY 3.0,CSCM,STT,Jharkhand,Simdega,150,150,0,0,0
21-04-2022,PMKVY 3.0,CSCM,STT,Jharkhand,West Singhbhum,364,120,0,0,0
21-04-2022,PMKVY 2.0,CSCM,RPL,Karnataka,Bagalkote,10537,10478,9888,9799,0
21-04-2022,PMKVY 2.0,CSCM,RPL,Karnataka,Ballari,7910,7827,7433,7218,0
21-04-2022,PMKVY 2.0,CSCM,RPL,Karnataka,Belagavi,9020,8783,8026,7065,0
21-04-2022,PMKVY 2.0,CSCM,RPL,Karnataka,Bengaluru Rural,30061,29812,26058,24374,0
21-04-2022,PMKVY 2.0,CSCM,RPL,Karnataka,Bengaluru Urban,119333,115810,99882,95260,0
21-04-2022,PMKVY 2.0,CSCM,RPL,Karnataka,Bidar,2757,2685,1887,1775,0
21-04-2022,PMKVY 2.0,CSCM,RPL,Karnataka,Chamarajanagara,999,951,764,689,0
21-04-2022,PMKVY 2.0,CSCM,RPL,Karnataka,Chikkaballapura,1174,1158,1077,985,0
21-04-2022,PMKVY 2.0,CSCM,RPL,Karnataka,Chikkamagaluru,2049,2020,1941,1931,0
21-04-2022,PMKVY 2.0,CSCM,RPL,Karnataka,Chitradurga,2172,2098,1878,1842,0
21-04-2022,PMKVY 2.0,CSCM,RPL,Karnataka,Dakshina Kannada,8007,7635,6733,6527,0
21-04-2022,PMKVY 2.0,CSCM,RPL,Karnataka,Davangere,2235,2148,1878,1656,0
21-04-2022,PMKVY 2.0,CSCM,RPL,Karnataka,Dharwad,3408,3383,3016,2930,0
21-04-2022,PMKVY 2.0,CSCM,RPL,Karnataka,Gadag,4210,4183,3638,3592,0
21-04-2022,PMKVY 2.0,CSCM,RPL,Karnataka,Hassan,3450,3152,2458,2362,0
21-04-2022,PMKVY 2.0,CSCM,RPL,Karnataka,Haveri,1446,1385,1189,1163,0
21-04-2022,PMKVY 2.0,CSCM,RPL,Karnataka,Kalaburagi,3195,2913,2489,2284,0
21-04-2022,PMKVY 2.0,CSCM,RPL,Karnataka,Kodagu,114,47,42,42,0
21-04-2022,PMKVY 2.0,CSCM,RPL,Karnataka,Kolar,3710,3687,3001,2922,0
21-04-2022,PMKVY 2.0,CSCM,RPL,Karnataka,Koppal,1084,1051,827,689,0
21-04-2022,PMKVY 2.0,CSCM,RPL,Karnataka,Mandya,13969,13895,12298,11358,0
21-04-2022,PMKVY 2.0,CSCM,RPL,Karnataka,Mysuru,15680,15081,12762,12131,0
21-04-2022,PMKVY 2.0,CSCM,RPL,Karnataka,Raichur,3009,2889,2516,2327,0
21-04-2022,PMKVY 2.0,CSCM,RPL,Karnataka,Ramanagara,4211,4092,3503,3187,0
21-04-2022,PMKVY 2.0,CSCM,RPL,Karnataka,Shivamogga,4818,4605,3749,3686,0
21-04-2022,PMKVY 2.0,CSCM,RPL,Karnataka,Tumakuru,4096,4091,3827,3771,0
21-04-2022,PMKVY 2.0,CSCM,RPL,Karnataka,Udupi,1728,1652,1500,1453,0
21-04-2022,PMKVY 2.0,CSCM,RPL,Karnataka,Uttara Kannada,1791,1677,1393,1265,0
21-04-2022,PMKVY 2.0,CSCM,RPL,Karnataka,Vijayapura,1277,1224,1058,983,0
21-04-2022,PMKVY 2.0,CSCM,RPL,Karnataka,Yadgir,409,409,336,329,0
21-04-2022,PMKVY 2.0,CSCM,SP,Karnataka,Ballari,270,209,191,162,147
21-04-2022,PMKVY 2.0,CSCM,SP,Karnataka,Belagavi,120,120,104,94,0
21-04-2022,PMKVY 2.0,CSCM,SP,Karnataka,Bengaluru Rural,602,584,435,383,232
21-04-2022,PMKVY 2.0,CSCM,SP,Karnataka,Bengaluru Urban,7908,7369,6073,5846,4568
21-04-2022,PMKVY 2.0,CSCM,SP,Karnataka,Chamarajanagara,150,150,146,134,45
21-04-2022,PMKVY 2.0,CSCM,SP,Karnataka,Chitradurga,1277,1170,1076,1059,839
21-04-2022,PMKVY 2.0,CSCM,SP,Karnataka,Dharwad,244,214,193,156,12
21-04-2022,PMKVY 2.0,CSCM,SP,Karnataka,Gadag,133,104,96,71,4
21-04-2022,PMKVY 2.0,CSCM,SP,Karnataka,Hassan,1330,1253,1030,1028,976
21-04-2022,PMKVY 2.0,CSCM,SP,Karnataka,Kodagu,32,32,29,29,32
21-04-2022,PMKVY 2.0,CSCM,SP,Karnataka,Kolar,120,120,108,94,40
21-04-2022,PMKVY 2.0,CSCM,SP,Karnataka,Koppal,190,190,148,128,89
21-04-2022,PMKVY 2.0,CSCM,SP,Karnataka,Mandya,133,115,102,99,49
21-04-2022,PMKVY 2.0,CSCM,SP,Karnataka,Mysuru,18,18,17,16,14
21-04-2022,PMKVY 2.0,CSCM,SP,Karnataka,Raichur,120,120,118,114,0
21-04-2022,PMKVY 2.0,CSCM,SP,Karnataka,Ramanagara,360,330,266,243,49
21-04-2022,PMKVY 2.0,CSCM,SP,Karnataka,Shivamogga,87,56,54,48,8
21-04-2022,PMKVY 2.0,CSCM,SP,Karnataka,Tumakuru,180,180,172,126,0
21-04-2022,PMKVY 2.0,CSCM,SP,Karnataka,Vijayapura,325,242,223,187,72
21-04-2022,PMKVY 2.0,CSSM,STT,Karnataka,Bagalkote,60,60,0,0,0
21-04-2022,PMKVY 2.0,CSCM,STT,Karnataka,Bagalkote,2040,2035,1771,1591,969
21-04-2022,PMKVY 2.0,CSSM,STT,Karnataka,Ballari,237,237,227,201,0
21-04-2022,PMKVY 2.0,CSCM,STT,Karnataka,Ballari,1940,1893,1872,1675,1065
21-04-2022,PMKVY 2.0,CSCM,STT,Karnataka,Belagavi,11728,9117,8792,7867,3847
21-04-2022,PMKVY 2.0,CSSM,STT,Karnataka,Belagavi,1255,1254,1218,1093,113
21-04-2022,PMKVY 2.0,CSSM,STT,Karnataka,Bengaluru Rural,79,75,43,27,0
21-04-2022,PMKVY 2.0,CSCM,STT,Karnataka,Bengaluru Rural,8586,6527,6301,5878,2162
21-04-2022,PMKVY 2.0,CSCM,STT,Karnataka,Bengaluru Urban,18562,16300,13576,11142,4745
21-04-2022,PMKVY 2.0,CSSM,STT,Karnataka,Bengaluru Urban,294,254,203,176,0
21-04-2022,PMKVY 2.0,CSSM,STT,Karnataka,Bidar,175,175,167,108,0
21-04-2022,PMKVY 2.0,CSCM,STT,Karnataka,Bidar,4267,4088,4028,3700,2522
21-04-2022,PMKVY 2.0,CSSM,STT,Karnataka,Chamarajanagara,450,450,450,434,14
21-04-2022,PMKVY 2.0,CSCM,STT,Karnataka,Chamarajanagara,1653,1555,1522,1421,1107
21-04-2022,PMKVY 2.0,CSCM,STT,Karnataka,Chikkaballapura,3060,2139,1974,1579,615
21-04-2022,PMKVY 2.0,CSSM,STT,Karnataka,Chikkaballapura,861,861,828,755,214
21-04-2022,PMKVY 2.0,CSCM,STT,Karnataka,Chikkamagaluru,1901,1451,1361,1200,716
21-04-2022,PMKVY 2.0,CSSM,STT,Karnataka,Chikkamagaluru,520,520,505,346,0
21-04-2022,PMKVY 2.0,CSCM,STT,Karnataka,Chitradurga,4368,4122,4050,3664,2609
21-04-2022,PMKVY 2.0,CSCM,STT,Karnataka,Dakshina Kannada,2063,1930,1794,1557,1006
21-04-2022,PMKVY 2.0,CSSM,STT,Karnataka,Dakshina Kannada,270,270,260,230,0
21-04-2022,PMKVY 2.0,CSSM,STT,Karnataka,Davangere,603,603,576,542,72
21-04-2022,PMKVY 2.0,CSCM,STT,Karnataka,Davangere,4617,2885,2829,2632,929
21-04-2022,PMKVY 2.0,CSSM,STT,Karnataka,Dharwad,1017,1009,905,868,142
21-04-2022,PMKVY 2.0,CSCM,STT,Karnataka,Dharwad,4651,4459,4108,3453,2075
21-04-2022,PMKVY 2.0,CSSM,STT,Karnataka,Gadag,630,630,601,455,0
21-04-2022,PMKVY 2.0,CSCM,STT,Karnataka,Gadag,3467,3178,3006,2728,1676
21-04-2022,PMKVY 2.0,CSSM,STT,Karnataka,Hassan,1044,1016,979,839,115
21-04-2022,PMKVY 2.0,CSCM,STT,Karnataka,Hassan,4722,4295,3962,3664,1725
21-04-2022,PMKVY 2.0,CSCM,STT,Karnataka,Haveri,4628,3859,3818,3563,1276
21-04-2022,PMKVY 2.0,CSSM,STT,Karnataka,Haveri,960,960,872,726,0
21-04-2022,PMKVY 2.0,CSCM,STT,Karnataka,Kalaburagi,4046,4041,3947,3574,1307
21-04-2022,PMKVY 2.0,CSSM,STT,Karnataka,Kalaburagi,1614,1614,1583,1298,0
21-04-2022,PMKVY 2.0,CSCM,STT,Karnataka,Kodagu,1281,1251,1212,1104,785
21-04-2022,PMKVY 2.0,CSSM,STT,Karnataka,Kodagu,240,240,217,176,0
21-04-2022,PMKVY 2.0,CSCM,STT,Karnataka,Kolar,4807,3546,3354,2570,842
21-04-2022,PMKVY 2.0,CSCM,STT,Karnataka,Koppal,3189,3066,2861,2678,1612
21-04-2022,PMKVY 2.0,CSSM,STT,Karnataka,Mandya,1395,1362,1276,1178,37
21-04-2022,PMKVY 2.0,CSCM,STT,Karnataka,Mandya,2871,2706,2595,2205,1491
21-04-2022,PMKVY 2.0,CSSM,STT,Karnataka,Mysuru,386,386,382,316,0
21-04-2022,PMKVY 2.0,CSCM,STT,Karnataka,Mysuru,3623,2730,2507,2169,1588
21-04-2022,PMKVY 2.0,CSCM,STT,Karnataka,Raichur,3424,3136,2927,2580,1381
21-04-2022,PMKVY 2.0,CSSM,STT,Karnataka,Raichur,1291,1291,1191,1004,4
21-04-2022,PMKVY 2.0,CSCM,STT,Karnataka,Ramanagara,5320,4630,4596,4482,1957
21-04-2022,PMKVY 2.0,CSSM,STT,Karnataka,Shivamogga,672,672,628,596,229
21-04-2022,PMKVY 2.0,CSCM,STT,Karnataka,Shivamogga,8212,7383,7275,6862,3453
21-04-2022,PMKVY 2.0,CSCM,STT,Karnataka,Tumakuru,3632,3365,3279,2984,2038
21-04-2022,PMKVY 2.0,CSSM,STT,Karnataka,Tumakuru,279,239,238,227,164
21-04-2022,PMKVY 2.0,CSCM,STT,Karnataka,Udupi,2206,1498,1351,1244,357
21-04-2022,PMKVY 2.0,CSCM,STT,Karnataka,Uttara Kannada,1390,1230,1136,1011,632
21-04-2022,PMKVY 2.0,CSCM,STT,Karnataka,Vijayapura,4760,4659,4599,4224,2734
21-04-2022,PMKVY 2.0,CSSM,STT,Karnataka,Vijayapura,2379,2345,2265,2052,289
21-04-2022,PMKVY 2.0,CSCM,STT,Karnataka,Yadgir,2928,2852,2790,2595,1170
21-04-2022,PMKVY 2.0,CSSM,STT,Karnataka,Yadgir,300,300,299,278,0
21-04-2022,PMKVY 3.0,CSSM,RPL,Karnataka,Bagalkote,197,197,79,79,0
21-04-2022,PMKVY 3.0,CSCM,RPL,Karnataka,Bagalkote,28,28,25,0,0
21-04-2022,PMKVY 3.0,CSSM,RPL,Karnataka,Ballari,199,199,160,117,0
21-04-2022,PMKVY 3.0,CSCM,RPL,Karnataka,Ballari,1081,1081,1080,1078,0
21-04-2022,PMKVY 3.0,CSSM,RPL,Karnataka,Belagavi,230,200,178,168,0
21-04-2022,PMKVY 3.0,CSCM,RPL,Karnataka,Belagavi,263,263,226,141,0
21-04-2022,PMKVY 3.0,CSCM,RPL,Karnataka,Bengaluru Rural,2511,2474,1471,1368,0
21-04-2022,PMKVY 3.0,CSSM,RPL,Karnataka,Bengaluru Rural,150,150,120,108,0
21-04-2022,PMKVY 3.0,CSSM,RPL,Karnataka,Bengaluru Urban,200,200,98,98,0
21-04-2022,PMKVY 3.0,CSCM,RPL,Karnataka,Bengaluru Urban,3351,3351,2679,2543,0
21-04-2022,PMKVY 3.0,CSCM,RPL,Karnataka,Bidar,3,3,0,0,0
21-04-2022,PMKVY 3.0,CSSM,RPL,Karnataka,Bidar,187,187,100,60,0
21-04-2022,PMKVY 3.0,CSCM,RPL,Karnataka,Chamarajanagara,81,81,79,40,0
21-04-2022,PMKVY 3.0,CSSM,RPL,Karnataka,Chamarajanagara,325,200,171,144,0
21-04-2022,PMKVY 3.0,CSSM,RPL,Karnataka,Chikkaballapura,200,200,114,92,0
21-04-2022,PMKVY 3.0,CSCM,RPL,Karnataka,Chikkaballapura,48,48,45,20,0
21-04-2022,PMKVY 3.0,CSSM,RPL,Karnataka,Chikkamagaluru,200,200,168,161,0
21-04-2022,PMKVY 3.0,CSCM,RPL,Karnataka,Chikkamagaluru,21,21,0,0,0
21-04-2022,PMKVY 3.0,CSCM,RPL,Karnataka,Chitradurga,4,4,0,0,0
21-04-2022,PMKVY 3.0,CSSM,RPL,Karnataka,Chitradurga,200,200,186,143,0
21-04-2022,PMKVY 3.0,CSCM,RPL,Karnataka,Dakshina Kannada,73,73,52,52,0
21-04-2022,PMKVY 3.0,CSSM,RPL,Karnataka,Dakshina Kannada,275,200,172,131,0
21-04-2022,PMKVY 3.0,CSSM,RPL,Karnataka,Davangere,100,100,97,97,0
21-04-2022,PMKVY 3.0,CSCM,RPL,Karnataka,Davangere,333,333,187,152,0
21-04-2022,PMKVY 3.0,CSSM,RPL,Karnataka,Dharwad,180,180,90,80,0
21-04-2022,PMKVY 3.0,CSCM,RPL,Karnataka,Dharwad,1185,1185,1149,1087,0
21-04-2022,PMKVY 3.0,CSSM,RPL,Karnataka,Gadag,200,200,200,165,0
21-04-2022,PMKVY 3.0,CSCM,RPL,Karnataka,Gadag,157,157,92,88,0
21-04-2022,PMKVY 3.0,CSSM,RPL,Karnataka,Hassan,200,200,176,157,0
21-04-2022,PMKVY 3.0,CSCM,RPL,Karnataka,Hassan,5,5,0,0,0
21-04-2022,PMKVY 3.0,CSCM,RPL,Karnataka,Haveri,53,53,43,40,0
21-04-2022,PMKVY 3.0,CSSM,RPL,Karnataka,Haveri,200,200,129,95,0
21-04-2022,PMKVY 3.0,CSCM,RPL,Karnataka,Kalaburagi,35,35,0,0,0
21-04-2022,PMKVY 3.0,CSSM,RPL,Karnataka,Kalaburagi,157,157,38,34,0
21-04-2022,PMKVY 3.0,CSCM,RPL,Karnataka,Kodagu,1,1,0,0,0
21-04-2022,PMKVY 3.0,CSSM,RPL,Karnataka,Kodagu,100,100,0,0,0
21-04-2022,PMKVY 3.0,CSSM,RPL,Karnataka,Kolar,250,200,124,88,0
21-04-2022,PMKVY 3.0,CSCM,RPL,Karnataka,Kolar,84,84,44,29,0
21-04-2022,PMKVY 3.0,CSCM,RPL,Karnataka,Koppal,6,6,6,6,0
21-04-2022,PMKVY 3.0,CSSM,RPL,Karnataka,Koppal,194,194,107,46,0
21-04-2022,PMKVY 3.0,CSCM,RPL,Karnataka,Mandya,4,4,0,0,0
21-04-2022,PMKVY 3.0,CSSM,RPL,Karnataka,Mandya,323,198,40,36,0
21-04-2022,PMKVY 3.0,CSCM,RPL,Karnataka,Mysuru,55,55,40,40,0
21-04-2022,PMKVY 3.0,CSSM,RPL,Karnataka,Mysuru,200,200,100,72,0
21-04-2022,PMKVY 3.0,CSSM,RPL,Karnataka,Raichur,200,200,191,183,0
21-04-2022,PMKVY 3.0,CSCM,RPL,Karnataka,Raichur,7,7,4,4,0
21-04-2022,PMKVY 3.0,CSSM,RPL,Karnataka,Ramanagara,200,200,196,177,0
21-04-2022,PMKVY 3.0,CSCM,RPL,Karnataka,Ramanagara,113,113,107,88,0
21-04-2022,PMKVY 3.0,CSSM,RPL,Karnataka,Shivamogga,250,200,50,44,0
21-04-2022,PMKVY 3.0,CSCM,RPL,Karnataka,Shivamogga,29,29,25,25,0
21-04-2022,PMKVY 3.0,CSCM,RPL,Karnataka,Tumakuru,285,285,263,259,0
21-04-2022,PMKVY 3.0,CSSM,RPL,Karnataka,Tumakuru,200,200,163,94,0
21-04-2022,PMKVY 3.0,CSCM,RPL,Karnataka,Udupi,277,277,223,182,0
21-04-2022,PMKVY 3.0,CSSM,RPL,Karnataka,Udupi,140,140,48,48,0
21-04-2022,PMKVY 3.0,CSCM,RPL,Karnataka,Uttara Kannada,1,1,0,0,0
21-04-2022,PMKVY 3.0,CSSM,RPL,Karnataka,Uttara Kannada,200,200,130,122,0
21-04-2022,PMKVY 3.0,CSSM,RPL,Karnataka,Vijayapura,200,200,174,164,0
21-04-2022,PMKVY 3.0,CSCM,RPL,Karnataka,Vijayapura,4,4,0,0,0
21-04-2022,PMKVY 3.0,CSSM,RPL,Karnataka,Yadgir,170,170,128,99,0
21-04-2022,PMKVY 3.0,CSCM,RPL,Karnataka,Yadgir,19,19,0,0,0
21-04-2022,PMKVY 3.0,CSSM,SP,Karnataka,Ballari,40,40,36,0,0
21-04-2022,PMKVY 3.0,CSSM,SP,Karnataka,Belagavi,100,60,44,15,0
21-04-2022,PMKVY 3.0,CSCM,SP,Karnataka,Bengaluru Urban,102,102,94,10,0
21-04-2022,PMKVY 3.0,CSSM,SP,Karnataka,Bengaluru Urban,20,20,10,0,0
21-04-2022,PMKVY 3.0,CSSM,SP,Karnataka,Bidar,40,40,33,13,0
21-04-2022,PMKVY 3.0,CSCM,SP,Karnataka,Chamarajanagara,140,140,139,91,0
21-04-2022,PMKVY 3.0,CSSM,SP,Karnataka,Chikkamagaluru,20,20,0,0,0
21-04-2022,PMKVY 3.0,CSSM,SP,Karnataka,Chitradurga,20,20,12,0,0
21-04-2022,PMKVY 3.0,CSSM,SP,Karnataka,Dakshina Kannada,20,20,10,0,0
21-04-2022,PMKVY 3.0,CSSM,SP,Karnataka,Davangere,20,20,14,0,0
21-04-2022,PMKVY 3.0,CSSM,SP,Karnataka,Dharwad,100,100,50,0,0
21-04-2022,PMKVY 3.0,CSSM,SP,Karnataka,Gadag,100,99,59,25,0
21-04-2022,PMKVY 3.0,CSSM,SP,Karnataka,Hassan,20,20,9,0,0
21-04-2022,PMKVY 3.0,CSSM,SP,Karnataka,Kalaburagi,40,40,23,0,0
21-04-2022,PMKVY 3.0,CSSM,SP,Karnataka,Kodagu,11,11,9,0,0
21-04-2022,PMKVY 3.0,CSSM,SP,Karnataka,Kolar,20,20,13,9,0
21-04-2022,PMKVY 3.0,CSSM,SP,Karnataka,Koppal,100,100,97,59,0
21-04-2022,PMKVY 3.0,CSSM,SP,Karnataka,Mandya,20,20,8,0,0
21-04-2022,PMKVY 3.0,CSCM,SP,Karnataka,Mysuru,32,16,16,0,0
21-04-2022,PMKVY 3.0,CSSM,SP,Karnataka,Mysuru,117,117,71,51,0
21-04-2022,PMKVY 3.0,CSSM,SP,Karnataka,Raichur,80,80,60,25,0
21-04-2022,PMKVY 3.0,CSSM,SP,Karnataka,Ramanagara,40,40,15,0,0
21-04-2022,PMKVY 3.0,CSSM,SP,Karnataka,Shivamogga,40,40,16,0,0
21-04-2022,PMKVY 3.0,CSSM,SP,Karnataka,Tumakuru,60,60,50,0,0
21-04-2022,PMKVY 3.0,CSCM,SP,Karnataka,Udupi,213,213,92,0,0
21-04-2022,PMKVY 3.0,CSSM,SP,Karnataka,Uttara Kannada,20,20,9,5,0
21-04-2022,PMKVY 3.0,CSSM,SP,Karnataka,Vijayapura,80,40,38,0,0
21-04-2022,PMKVY 3.0,CSCM,STT,Karnataka,Bagalkote,500,120,120,106,0
21-04-2022,PMKVY 3.0,CSSM,STT,Karnataka,Bagalkote,60,60,58,48,0
21-04-2022,PMKVY 3.0,CSCM,STT,Karnataka,Ballari,255,120,120,119,59
21-04-2022,PMKVY 3.0,CSSM,STT,Karnataka,Ballari,120,120,120,116,8
21-04-2022,PMKVY 3.0,CSSM,STT,Karnataka,Belagavi,360,360,357,315,37
21-04-2022,PMKVY 3.0,CSCM,STT,Karnataka,Belagavi,1309,725,433,278,131
21-04-2022,PMKVY 3.0,CSCM,STT,Karnataka,Bengaluru Rural,1300,240,220,185,0
21-04-2022,PMKVY 3.0,CSSM,STT,Karnataka,Bengaluru Urban,120,120,95,82,35
21-04-2022,PMKVY 3.0,CSCM,STT,Karnataka,Bengaluru Urban,1581,476,271,209,0
21-04-2022,PMKVY 3.0,CSSM,STT,Karnataka,Bidar,60,60,60,51,0
21-04-2022,PMKVY 3.0,CSCM,STT,Karnataka,Bidar,531,440,240,174,6
21-04-2022,PMKVY 3.0,CSCM,STT,Karnataka,Chamarajanagara,520,319,118,97,73
21-04-2022,PMKVY 3.0,CSSM,STT,Karnataka,Chamarajanagara,120,120,120,111,0
21-04-2022,PMKVY 3.0,CSSM,STT,Karnataka,Chikkaballapura,60,60,60,56,0
21-04-2022,PMKVY 3.0,CSCM,STT,Karnataka,Chikkaballapura,518,120,116,105,34
21-04-2022,PMKVY 3.0,CSCM,STT,Karnataka,Chikkamagaluru,562,179,139,107,79
21-04-2022,PMKVY 3.0,CSSM,STT,Karnataka,Chikkamagaluru,97,97,97,95,0
21-04-2022,PMKVY 3.0,CSSM,STT,Karnataka,Chitradurga,90,90,83,74,37
21-04-2022,PMKVY 3.0,CSCM,STT,Karnataka,Chitradurga,480,120,116,85,63
21-04-2022,PMKVY 3.0,CSSM,STT,Karnataka,Dakshina Kannada,120,120,87,70,30
21-04-2022,PMKVY 3.0,CSCM,STT,Karnataka,Dakshina Kannada,622,280,120,117,60
21-04-2022,PMKVY 3.0,CSCM,STT,Karnataka,Davangere,733,150,111,99,78
21-04-2022,PMKVY 3.0,CSSM,STT,Karnataka,Davangere,50,50,41,41,0
21-04-2022,PMKVY 3.0,CSCM,STT,Karnataka,Dharwad,610,240,196,112,60
21-04-2022,PMKVY 3.0,CSSM,STT,Karnataka,Dharwad,120,120,87,84,0
21-04-2022,PMKVY 3.0,CSSM,STT,Karnataka,Gadag,120,90,85,72,0
21-04-2022,PMKVY 3.0,CSCM,STT,Karnataka,Gadag,150,120,96,83,0
21-04-2022,PMKVY 3.0,CSCM,STT,Karnataka,Hassan,15,0,0,0,0
21-04-2022,PMKVY 3.0,CSSM,STT,Karnataka,Hassan,179,179,177,156,0
21-04-2022,PMKVY 3.0,CSSM,STT,Karnataka,Haveri,120,120,120,100,0
21-04-2022,PMKVY 3.0,CSCM,STT,Karnataka,Haveri,560,180,48,36,0
21-04-2022,PMKVY 3.0,CSCM,STT,Karnataka,Kalaburagi,609,280,157,97,64
21-04-2022,PMKVY 3.0,CSSM,STT,Karnataka,Kalaburagi,220,220,210,178,0
21-04-2022,PMKVY 3.0,CSSM,STT,Karnataka,Kodagu,60,60,57,52,0
21-04-2022,PMKVY 3.0,CSCM,STT,Karnataka,Kodagu,590,345,166,126,20
21-04-2022,PMKVY 3.0,CSCM,STT,Karnataka,Kolar,764,158,36,19,0
21-04-2022,PMKVY 3.0,CSSM,STT,Karnataka,Koppal,60,60,0,0,0
21-04-2022,PMKVY 3.0,CSCM,STT,Karnataka,Koppal,231,120,48,40,0
21-04-2022,PMKVY 3.0,CSCM,STT,Karnataka,Mandya,520,400,199,152,80
21-04-2022,PMKVY 3.0,CSSM,STT,Karnataka,Mandya,416,413,137,129,75
21-04-2022,PMKVY 3.0,CSSM,STT,Karnataka,Mysuru,180,180,180,170,0
21-04-2022,PMKVY 3.0,CSCM,STT,Karnataka,Mysuru,272,119,119,113,53
21-04-2022,PMKVY 3.0,CSCM,STT,Karnataka,Raichur,182,119,102,69,17
21-04-2022,PMKVY 3.0,CSSM,STT,Karnataka,Raichur,180,180,60,46,0
21-04-2022,PMKVY 3.0,CSSM,STT,Karnataka,Ramanagara,60,60,36,25,0
21-04-2022,PMKVY 3.0,CSCM,STT,Karnataka,Ramanagara,226,145,95,85,0
21-04-2022,PMKVY 3.0,CSCM,STT,Karnataka,Shivamogga,480,150,120,118,8
21-04-2022,PMKVY 3.0,CSSM,STT,Karnataka,Shivamogga,180,180,172,150,0
21-04-2022,PMKVY 3.0,CSSM,STT,Karnataka,Tumakuru,60,60,60,53,0
21-04-2022,PMKVY 3.0,CSCM,STT,Karnataka,Tumakuru,431,120,120,113,93
21-04-2022,PMKVY 3.0,CSCM,STT,Karnataka,Udupi,540,150,105,97,0
21-04-2022,PMKVY 3.0,CSCM,STT,Karnataka,Uttara Kannada,120,120,106,92,62
21-04-2022,PMKVY 3.0,CSCM,STT,Karnataka,Vijayanagar,30,0,0,0,0
21-04-2022,PMKVY 3.0,CSCM,STT,Karnataka,Vijayapura,170,120,110,94,0
21-04-2022,PMKVY 3.0,CSSM,STT,Karnataka,Vijayapura,340,340,333,264,0
21-04-2022,PMKVY 3.0,CSCM,STT,Karnataka,Yadgir,120,120,120,108,10
21-04-2022,PMKVY 3.0,CSSM,STT,Karnataka,Yadgir,90,90,90,81,0
21-04-2022,PMKVY 2.0,CSCM,RPL,Kerala,Alappuzha,11532,10250,8098,7675,0
21-04-2022,PMKVY 2.0,CSCM,RPL,Kerala,Ernakulam,29396,27758,25435,24192,0
21-04-2022,PMKVY 2.0,CSCM,RPL,Kerala,Idukki,10420,9752,7835,7464,0
21-04-2022,PMKVY 2.0,CSCM,RPL,Kerala,Kannur,13723,12841,11351,10696,0
21-04-2022,PMKVY 2.0,CSCM,RPL,Kerala,Kasaragod,5305,4803,3489,3390,0
21-04-2022,PMKVY 2.0,CSCM,RPL,Kerala,Kollam,7891,7244,6298,6046,0
21-04-2022,PMKVY 2.0,CSCM,RPL,Kerala,Kottayam,11089,10575,9223,8732,0
21-04-2022,PMKVY 2.0,CSCM,RPL,Kerala,Kozhikode,13889,13137,11342,10771,0
21-04-2022,PMKVY 2.0,CSCM,RPL,Kerala,Malappuram,7321,6626,5750,5472,0
21-04-2022,PMKVY 2.0,CSCM,RPL,Kerala,Palakkad,8963,7917,6753,6208,0
21-04-2022,PMKVY 2.0,CSCM,RPL,Kerala,Pathanamthitta,5911,5393,4789,4610,0
21-04-2022,PMKVY 2.0,CSCM,RPL,Kerala,Thiruvananthapuram,16869,15526,12974,12107,0
21-04-2022,PMKVY 2.0,CSCM,RPL,Kerala,Thrissur,14233,13411,10581,9740,0
21-04-2022,PMKVY 2.0,CSCM,RPL,Kerala,Wayanad,1373,1272,1032,931,0
21-04-2022,PMKVY 2.0,CSCM,SP,Kerala,Alappuzha,58,58,55,55,28
21-04-2022,PMKVY 2.0,CSCM,SP,Kerala,Idukki,27,27,21,21,4
21-04-2022,PMKVY 2.0,CSCM,SP,Kerala,Kollam,147,134,119,114,24
21-04-2022,PMKVY 2.0,CSCM,SP,Kerala,Kottayam,17,17,17,16,15
21-04-2022,PMKVY 2.0,CSCM,SP,Kerala,Kozhikode,60,60,55,54,0
21-04-2022,PMKVY 2.0,CSCM,SP,Kerala,Malappuram,56,56,55,52,31
21-04-2022,PMKVY 2.0,CSCM,SP,Kerala,Palakkad,11,11,11,9,0
21-04-2022,PMKVY 2.0,CSCM,SP,Kerala,Pathanamthitta,42,42,42,41,20
21-04-2022,PMKVY 2.0,CSCM,SP,Kerala,Thiruvananthapuram,100,100,93,92,34
21-04-2022,PMKVY 2.0,CSCM,SP,Kerala,Wayanad,107,95,90,86,0
21-04-2022,PMKVY 2.0,CSCM,STT,Kerala,Alappuzha,4072,3932,3453,3137,1662
21-04-2022,PMKVY 2.0,CSSM,STT,Kerala,Alappuzha,1160,1125,1039,929,327
21-04-2022,PMKVY 2.0,CSSM,STT,Kerala,Ernakulam,2736,2638,2016,1763,252
21-04-2022,PMKVY 2.0,CSCM,STT,Kerala,Ernakulam,4315,4138,3494,2960,1420
21-04-2022,PMKVY 2.0,CSCM,STT,Kerala,Idukki,1410,1313,1172,1024,616
21-04-2022,PMKVY 2.0,CSSM,STT,Kerala,Idukki,413,413,356,323,26
21-04-2022,PMKVY 2.0,CSCM,STT,Kerala,Kannur,2796,2377,2154,1911,901
21-04-2022,PMKVY 2.0,CSSM,STT,Kerala,Kannur,1250,1248,1013,899,282
21-04-2022,PMKVY 2.0,CSSM,STT,Kerala,Kasaragod,913,913,714,638,7
21-04-2022,PMKVY 2.0,CSCM,STT,Kerala,Kasaragod,475,442,408,321,7
21-04-2022,PMKVY 2.0,CSCM,STT,Kerala,Kollam,6258,5667,5285,4755,2391
21-04-2022,PMKVY 2.0,CSSM,STT,Kerala,Kollam,1262,1176,816,761,308
21-04-2022,PMKVY 2.0,CSSM,STT,Kerala,Kottayam,1375,1373,1152,965,151
21-04-2022,PMKVY 2.0,CSCM,STT,Kerala,Kottayam,2142,2066,1807,1524,995
21-04-2022,PMKVY 2.0,CSCM,STT,Kerala,Kozhikode,4260,3967,3651,3214,731
21-04-2022,PMKVY 2.0,CSSM,STT,Kerala,Kozhikode,2863,2638,2273,1996,464
21-04-2022,PMKVY 2.0,CSSM,STT,Kerala,Malappuram,6892,6807,5999,5466,1662
21-04-2022,PMKVY 2.0,CSCM,STT,Kerala,Malappuram,5835,5762,5371,4933,1516
21-04-2022,PMKVY 2.0,CSSM,STT,Kerala,Palakkad,799,749,666,602,172
21-04-2022,PMKVY 2.0,CSCM,STT,Kerala,Palakkad,3886,3737,3401,2787,1534
21-04-2022,PMKVY 2.0,CSSM,STT,Kerala,Pathanamthitta,649,649,512,425,193
21-04-2022,PMKVY 2.0,CSCM,STT,Kerala,Pathanamthitta,3910,3855,3630,3262,2381
21-04-2022,PMKVY 2.0,CSCM,STT,Kerala,Thiruvananthapuram,6208,5620,5238,4693,2442
21-04-2022,PMKVY 2.0,CSSM,STT,Kerala,Thiruvananthapuram,2376,2347,1837,1561,283
21-04-2022,PMKVY 2.0,CSSM,STT,Kerala,Thrissur,1821,1636,1246,1060,257
21-04-2022,PMKVY 2.0,CSCM,STT,Kerala,Thrissur,5848,5630,5068,4633,2094
21-04-2022,PMKVY 2.0,CSSM,STT,Kerala,Wayanad,650,650,438,380,31
21-04-2022,PMKVY 2.0,CSCM,STT,Kerala,Wayanad,945,780,732,656,358
21-04-2022,PMKVY 3.0,CSCM,RPL,Kerala,Alappuzha,6,6,0,0,0
21-04-2022,PMKVY 3.0,CSSM,RPL,Kerala,Alappuzha,204,204,71,57,0
21-04-2022,PMKVY 3.0,CSSM,RPL,Kerala,Ernakulam,200,200,103,9,0
21-04-2022,PMKVY 3.0,CSCM,RPL,Kerala,Ernakulam,645,645,490,436,0
21-04-2022,PMKVY 3.0,CSSM,RPL,Kerala,Idukki,163,163,102,102,0
21-04-2022,PMKVY 3.0,CSCM,RPL,Kerala,Idukki,1,1,0,0,0
21-04-2022,PMKVY 3.0,CSCM,RPL,Kerala,Kannur,248,248,104,77,0
21-04-2022,PMKVY 3.0,CSSM,RPL,Kerala,Kannur,258,258,107,104,0
21-04-2022,PMKVY 3.0,CSCM,RPL,Kerala,Kasaragod,93,93,67,61,0
21-04-2022,PMKVY 3.0,CSSM,RPL,Kerala,Kasaragod,190,190,123,113,0
21-04-2022,PMKVY 3.0,CSSM,RPL,Kerala,Kollam,200,200,139,117,0
21-04-2022,PMKVY 3.0,CSCM,RPL,Kerala,Kollam,330,330,293,237,0
21-04-2022,PMKVY 3.0,CSSM,RPL,Kerala,Kottayam,260,260,129,109,0
21-04-2022,PMKVY 3.0,CSCM,RPL,Kerala,Kottayam,4,4,0,0,0
21-04-2022,PMKVY 3.0,CSSM,RPL,Kerala,Kozhikode,200,200,129,62,0
21-04-2022,PMKVY 3.0,CSCM,RPL,Kerala,Kozhikode,266,266,226,215,0
21-04-2022,PMKVY 3.0,CSSM,RPL,Kerala,Malappuram,342,249,108,103,0
21-04-2022,PMKVY 3.0,CSCM,RPL,Kerala,Malappuram,29,29,0,0,0
21-04-2022,PMKVY 3.0,CSCM,RPL,Kerala,Palakkad,45,45,26,25,0
21-04-2022,PMKVY 3.0,CSSM,RPL,Kerala,Palakkad,172,172,150,102,0
21-04-2022,PMKVY 3.0,CSCM,RPL,Kerala,Pathanamthitta,45,45,4,4,0
21-04-2022,PMKVY 3.0,CSSM,RPL,Kerala,Pathanamthitta,50,50,2,0,0
21-04-2022,PMKVY 3.0,CSCM,RPL,Kerala,Thiruvananthapuram,518,518,355,305,0
21-04-2022,PMKVY 3.0,CSSM,RPL,Kerala,Thiruvananthapuram,141,141,84,58,0
21-04-2022,PMKVY 3.0,CSCM,RPL,Kerala,Thrissur,34,34,0,0,0
21-04-2022,PMKVY 3.0,CSSM,RPL,Kerala,Thrissur,240,200,181,142,0
21-04-2022,PMKVY 3.0,CSSM,RPL,Kerala,Wayanad,168,168,134,134,0
21-04-2022,PMKVY 3.0,CSCM,RPL,Kerala,Wayanad,160,160,131,120,0
21-04-2022,PMKVY 3.0,CSCM,SP,Kerala,Ernakulam,165,129,120,21,0
21-04-2022,PMKVY 3.0,CSCM,SP,Kerala,Kannur,334,314,236,87,0
21-04-2022,PMKVY 3.0,CSCM,SP,Kerala,Kasaragod,280,260,226,123,0
21-04-2022,PMKVY 3.0,CSCM,SP,Kerala,Kollam,160,160,157,54,0
21-04-2022,PMKVY 3.0,CSSM,SP,Kerala,Kollam,19,19,19,0,0
21-04-2022,PMKVY 3.0,CSCM,SP,Kerala,Kottayam,160,160,143,0,0
21-04-2022,PMKVY 3.0,CSCM,SP,Kerala,Kozhikode,368,347,246,154,0
21-04-2022,PMKVY 3.0,CSCM,SP,Kerala,Malappuram,490,490,462,11,0
21-04-2022,PMKVY 3.0,CSCM,SP,Kerala,Palakkad,275,187,182,0,0
21-04-2022,PMKVY 3.0,CSCM,SP,Kerala,Pathanamthitta,193,163,156,0,0
21-04-2022,PMKVY 3.0,CSCM,SP,Kerala,Thiruvananthapuram,463,446,381,74,0
21-04-2022,PMKVY 3.0,CSCM,SP,Kerala,Thrissur,318,318,314,0,0
21-04-2022,PMKVY 3.0,CSCM,SP,Kerala,Wayanad,280,260,218,82,0
21-04-2022,PMKVY 3.0,CSCM,STT,Kerala,Alappuzha,650,120,74,60,24
21-04-2022,PMKVY 3.0,CSSM,STT,Kerala,Alappuzha,225,225,181,162,3
21-04-2022,PMKVY 3.0,CSCM,STT,Kerala,Ernakulam,947,560,306,219,0
21-04-2022,PMKVY 3.0,CSSM,STT,Kerala,Ernakulam,180,169,112,103,7
21-04-2022,PMKVY 3.0,CSSM,STT,Kerala,Idukki,60,60,42,41,12
21-04-2022,PMKVY 3.0,CSCM,STT,Kerala,Idukki,149,120,87,84,0
21-04-2022,PMKVY 3.0,CSSM,STT,Kerala,Kannur,140,140,139,126,2
21-04-2022,PMKVY 3.0,CSCM,STT,Kerala,Kannur,240,120,110,98,0
21-04-2022,PMKVY 3.0,CSCM,STT,Kerala,Kasaragod,613,120,112,104,0
21-04-2022,PMKVY 3.0,CSSM,STT,Kerala,Kasaragod,60,60,28,24,0
21-04-2022,PMKVY 3.0,CSSM,STT,Kerala,Kollam,180,180,166,152,134
21-04-2022,PMKVY 3.0,CSCM,STT,Kerala,Kollam,1048,240,192,167,69
21-04-2022,PMKVY 3.0,CSCM,STT,Kerala,Kottayam,587,400,195,151,5
21-04-2022,PMKVY 3.0,CSSM,STT,Kerala,Kottayam,150,150,140,138,22
21-04-2022,PMKVY 3.0,CSCM,STT,Kerala,Kozhikode,1275,277,188,171,0
21-04-2022,PMKVY 3.0,CSSM,STT,Kerala,Kozhikode,230,230,203,188,22
21-04-2022,PMKVY 3.0,CSCM,STT,Kerala,Malappuram,746,200,98,83,0
21-04-2022,PMKVY 3.0,CSSM,STT,Kerala,Malappuram,265,265,235,201,62
21-04-2022,PMKVY 3.0,CSCM,STT,Kerala,Palakkad,615,280,101,98,0
21-04-2022,PMKVY 3.0,CSSM,STT,Kerala,Palakkad,130,130,121,109,19
21-04-2022,PMKVY 3.0,CSSM,STT,Kerala,Pathanamthitta,180,180,115,93,17
21-04-2022,PMKVY 3.0,CSCM,STT,Kerala,Pathanamthitta,709,160,77,60,10
21-04-2022,PMKVY 3.0,CSSM,STT,Kerala,Thiruvananthapuram,230,230,222,206,82
21-04-2022,PMKVY 3.0,CSCM,STT,Kerala,Thiruvananthapuram,1005,560,165,103,16
21-04-2022,PMKVY 3.0,CSCM,STT,Kerala,Thrissur,1119,600,354,234,0
21-04-2022,PMKVY 3.0,CSSM,STT,Kerala,Thrissur,180,180,150,137,5
21-04-2022,PMKVY 3.0,CSCM,STT,Kerala,Wayanad,480,160,101,95,0
21-04-2022,PMKVY 3.0,CSSM,STT,Kerala,Wayanad,120,120,58,58,0
21-04-2022,PMKVY 2.0,CSCM,RPL,Ladakh,Leh Ladakh,93,93,74,74,0
21-04-2022,PMKVY 2.0,CSCM,SP,Ladakh,Leh Ladakh,145,142,142,132,88
21-04-2022,PMKVY 2.0,CSCM,STT,Ladakh,Kargil,1318,1077,1065,909,412
21-04-2022,PMKVY 2.0,CSCM,STT,Ladakh,Leh Ladakh,1073,955,707,630,444
21-04-2022,PMKVY 3.0,CSCM,SP,Ladakh,Kargil,360,360,328,0,0
21-04-2022,PMKVY 3.0,CSCM,SP,Ladakh,Leh Ladakh,230,230,119,0,0
21-04-2022,PMKVY 3.0,CSCM,STT,Ladakh,Kargil,152,92,0,0,0
21-04-2022,PMKVY 3.0,CSCM,STT,Ladakh,Leh Ladakh,139,49,0,0,0
21-04-2022,PMKVY 2.0,CSSM,STT,Lakshadweep,Lakshadweep District,150,150,124,79,0
21-04-2022,PMKVY 3.0,CSSM,STT,Lakshadweep,Lakshadweep District,120,120,0,0,0
21-04-2022,PMKVY 2.0,CSCM,RPL,Madhya Pradesh,Agar Malwa,3042,3042,2793,2656,0
21-04-2022,PMKVY 2.0,CSCM,RPL,Madhya Pradesh,Alirajpur,949,949,326,253,0
21-04-2022,PMKVY 2.0,CSCM,RPL,Madhya Pradesh,Anuppur,1340,1310,942,865,0
21-04-2022,PMKVY 2.0,CSCM,RPL,Madhya Pradesh,Ashoknagar,2379,2379,1989,1924,0
21-04-2022,PMKVY 2.0,CSCM,RPL,Madhya Pradesh,Balaghat,5615,5546,4595,4155,0
21-04-2022,PMKVY 2.0,CSCM,RPL,Madhya Pradesh,Barwani,732,732,413,411,0
21-04-2022,PMKVY 2.0,CSCM,RPL,Madhya Pradesh,Betul,2885,2811,2140,1955,0
21-04-2022,PMKVY 2.0,CSCM,RPL,Madhya Pradesh,Bhind,603,601,570,548,0
21-04-2022,PMKVY 2.0,CSCM,RPL,Madhya Pradesh,Bhopal,39099,38282,34474,32895,0
21-04-2022,PMKVY 2.0,CSCM,RPL,Madhya Pradesh,Burhanpur,2061,2034,1588,1562,0
21-04-2022,PMKVY 2.0,CSCM,RPL,Madhya Pradesh,Chhatarpur,7844,7817,6030,5044,0
21-04-2022,PMKVY 2.0,CSCM,RPL,Madhya Pradesh,Chhindwara,6120,5901,4964,4558,0
21-04-2022,PMKVY 2.0,CSCM,RPL,Madhya Pradesh,Damoh,1096,1052,975,951,0
21-04-2022,PMKVY 2.0,CSCM,RPL,Madhya Pradesh,Datia,2486,2486,2164,1972,0
21-04-2022,PMKVY 2.0,CSCM,RPL,Madhya Pradesh,Dewas,3072,2599,2092,1976,0
21-04-2022,PMKVY 2.0,CSCM,RPL,Madhya Pradesh,Dhar,2093,2067,1697,1662,0
21-04-2022,PMKVY 2.0,CSCM,RPL,Madhya Pradesh,Dindori,644,644,528,463,0
21-04-2022,PMKVY 2.0,CSCM,RPL,Madhya Pradesh,East Nimar,2899,2649,2331,2238,0
21-04-2022,PMKVY 2.0,CSCM,RPL,Madhya Pradesh,Guna,5388,5303,4698,4468,0
21-04-2022,PMKVY 2.0,CSCM,RPL,Madhya Pradesh,Gwalior,17865,17353,13443,12874,0
21-04-2022,PMKVY 2.0,CSCM,RPL,Madhya Pradesh,Harda,686,683,595,499,0
21-04-2022,PMKVY 2.0,CSCM,RPL,Madhya Pradesh,Hoshangabad,11051,10886,10056,9813,0
21-04-2022,PMKVY 2.0,CSCM,RPL,Madhya Pradesh,Indore,24916,24425,21610,20036,0
21-04-2022,PMKVY 2.0,CSCM,RPL,Madhya Pradesh,Jabalpur,24294,23661,22339,19447,0
21-04-2022,PMKVY 2.0,CSCM,RPL,Madhya Pradesh,Jhabua,671,671,579,480,0
21-04-2022,PMKVY 2.0,CSCM,RPL,Madhya Pradesh,Katni,4407,4391,3730,3421,0
21-04-2022,PMKVY 2.0,CSCM,RPL,Madhya Pradesh,Khargone,4209,4078,3495,3171,0
21-04-2022,PMKVY 2.0,CSCM,RPL,Madhya Pradesh,Mandla,1988,1952,1784,1674,0
21-04-2022,PMKVY 2.0,CSCM,RPL,Madhya Pradesh,Mandsaur,2522,2491,2023,1897,0
21-04-2022,PMKVY 2.0,CSCM,RPL,Madhya Pradesh,Morena,5607,5524,4546,4290,0
21-04-2022,PMKVY 2.0,CSCM,RPL,Madhya Pradesh,Narsinghpur,2715,2598,1808,1606,0
21-04-2022,PMKVY 2.0,CSCM,RPL,Madhya Pradesh,Neemuch,5170,4870,4396,4295,0
21-04-2022,PMKVY 2.0,CSCM,RPL,Madhya Pradesh,Panna,1183,1179,1079,943,0
21-04-2022,PMKVY 2.0,CSCM,RPL,Madhya Pradesh,Raisen,8896,8853,7850,7252,0
21-04-2022,PMKVY 2.0,CSCM,RPL,Madhya Pradesh,Rajgarh,3700,3700,3474,3251,0
21-04-2022,PMKVY 2.0,CSCM,RPL,Madhya Pradesh,Ratlam,2454,2454,1908,1788,0
21-04-2022,PMKVY 2.0,CSCM,RPL,Madhya Pradesh,Rewa,4476,4366,3710,3055,0
21-04-2022,PMKVY 2.0,CSCM,RPL,Madhya Pradesh,Sagar,10406,10221,8913,7859,0
21-04-2022,PMKVY 2.0,CSCM,RPL,Madhya Pradesh,Satna,3517,3414,2494,2152,0
21-04-2022,PMKVY 2.0,CSCM,RPL,Madhya Pradesh,Sehore,4470,4360,3978,3681,0
21-04-2022,PMKVY 2.0,CSCM,RPL,Madhya Pradesh,Seoni,3134,3102,2522,2259,0
21-04-2022,PMKVY 2.0,CSCM,RPL,Madhya Pradesh,Shahdol,1256,1172,1064,986,0
21-04-2022,PMKVY 2.0,CSCM,RPL,Madhya Pradesh,Shajapur,2148,2148,1976,1777,0
21-04-2022,PMKVY 2.0,CSCM,RPL,Madhya Pradesh,Sheopur,1102,1102,969,898,0
21-04-2022,PMKVY 2.0,CSCM,RPL,Madhya Pradesh,Shivpuri,4942,4903,4521,4140,0
21-04-2022,PMKVY 2.0,CSCM,RPL,Madhya Pradesh,Sidhi,648,603,567,538,0
21-04-2022,PMKVY 2.0,CSCM,RPL,Madhya Pradesh,Singrauli,2769,2662,2062,1992,0
21-04-2022,PMKVY 2.0,CSCM,RPL,Madhya Pradesh,Tikamgarh,5054,5054,4498,4163,0
21-04-2022,PMKVY 2.0,CSCM,RPL,Madhya Pradesh,Ujjain,6115,5846,5166,4778,0
21-04-2022,PMKVY 2.0,CSCM,RPL,Madhya Pradesh,Umaria,3665,3665,3450,3440,0
21-04-2022,PMKVY 2.0,CSCM,RPL,Madhya Pradesh,Vidisha,15868,15571,14997,14313,0
21-04-2022,PMKVY 2.0,CSCM,SP,Madhya Pradesh,Anuppur,462,413,368,278,336
21-04-2022,PMKVY 2.0,CSCM,SP,Madhya Pradesh,Bhopal,1202,1076,995,874,605
21-04-2022,PMKVY 2.0,CSCM,SP,Madhya Pradesh,Chhatarpur,60,60,55,45,50
21-04-2022,PMKVY 2.0,CSCM,SP,Madhya Pradesh,Chhindwara,257,257,242,224,166
21-04-2022,PMKVY 2.0,CSCM,SP,Madhya Pradesh,Dewas,88,88,78,56,0
21-04-2022,PMKVY 2.0,CSCM,SP,Madhya Pradesh,Dhar,1004,1004,956,706,820
21-04-2022,PMKVY 2.0,CSCM,SP,Madhya Pradesh,Gwalior,1895,1840,1784,1339,762
21-04-2022,PMKVY 2.0,CSCM,SP,Madhya Pradesh,Indore,5748,5703,5509,4645,4302
21-04-2022,PMKVY 2.0,CSCM,SP,Madhya Pradesh,Jabalpur,403,403,359,330,0
21-04-2022,PMKVY 2.0,CSCM,SP,Madhya Pradesh,Neemuch,661,659,639,524,539
21-04-2022,PMKVY 2.0,CSCM,SP,Madhya Pradesh,Ratlam,1412,1402,1364,1130,1313
21-04-2022,PMKVY 2.0,CSCM,SP,Madhya Pradesh,Sagar,720,659,597,492,196
21-04-2022,PMKVY 2.0,CSCM,SP,Madhya Pradesh,Sehore,245,245,230,199,5
21-04-2022,PMKVY 2.0,CSCM,SP,Madhya Pradesh,Shajapur,88,88,76,64,0
21-04-2022,PMKVY 2.0,CSCM,SP,Madhya Pradesh,Singrauli,214,213,202,150,154
21-04-2022,PMKVY 2.0,CSCM,SP,Madhya Pradesh,Tikamgarh,30,30,30,26,28
21-04-2022,PMKVY 2.0,CSCM,SP,Madhya Pradesh,Ujjain,1379,1375,1289,994,1005
21-04-2022,PMKVY 2.0,CSCM,SP,Madhya Pradesh,Vidisha,30,30,30,29,29
21-04-2022,PMKVY 2.0,CSCM,STT,Madhya Pradesh,Agar Malwa,2052,1809,1608,1230,504
21-04-2022,PMKVY 2.0,CSCM,STT,Madhya Pradesh,Alirajpur,2006,1674,1593,1444,641
21-04-2022,PMKVY 2.0,CSSM,STT,Madhya Pradesh,Alirajpur,205,205,174,162,0
21-04-2022,PMKVY 2.0,CSSM,STT,Madhya Pradesh,Anuppur,327,327,266,232,207
21-04-2022,PMKVY 2.0,CSCM,STT,Madhya Pradesh,Anuppur,2465,2462,2184,1524,873
21-04-2022,PMKVY 2.0,CSSM,STT,Madhya Pradesh,Ashoknagar,150,150,145,136,78
21-04-2022,PMKVY 2.0,CSCM,STT,Madhya Pradesh,Ashoknagar,1539,1509,1294,1037,389
21-04-2022,PMKVY 2.0,CSSM,STT,Madhya Pradesh,Balaghat,485,444,437,359,52
21-04-2022,PMKVY 2.0,CSCM,STT,Madhya Pradesh,Balaghat,9191,8202,7797,6947,4064
21-04-2022,PMKVY 2.0,CSSM,STT,Madhya Pradesh,Barwani,330,329,279,240,0
21-04-2022,PMKVY 2.0,CSCM,STT,Madhya Pradesh,Barwani,2598,2180,2123,1877,579
21-04-2022,PMKVY 2.0,CSSM,STT,Madhya Pradesh,Betul,625,549,513,497,0
21-04-2022,PMKVY 2.0,CSCM,STT,Madhya Pradesh,Betul,11231,10547,9930,8574,5428
21-04-2022,PMKVY 2.0,CSCM,STT,Madhya Pradesh,Bhind,6036,5624,5371,4779,2785
21-04-2022,PMKVY 2.0,CSSM,STT,Madhya Pradesh,Bhind,540,540,336,189,0
21-04-2022,PMKVY 2.0,CSSM,STT,Madhya Pradesh,Bhopal,3794,3794,3069,2787,806
21-04-2022,PMKVY 2.0,CSCM,STT,Madhya Pradesh,Bhopal,26247,25705,24571,22656,11523
21-04-2022,PMKVY 2.0,CSSM,STT,Madhya Pradesh,Burhanpur,239,219,214,201,0
21-04-2022,PMKVY 2.0,CSCM,STT,Madhya Pradesh,Burhanpur,3306,3075,2906,2670,1809
21-04-2022,PMKVY 2.0,CSSM,STT,Madhya Pradesh,Chhatarpur,1322,1317,1036,907,44
21-04-2022,PMKVY 2.0,CSCM,STT,Madhya Pradesh,Chhatarpur,5824,5713,5549,4783,3311
21-04-2022,PMKVY 2.0,CSSM,STT,Madhya Pradesh,Chhindwara,2631,2584,2386,2063,330
21-04-2022,PMKVY 2.0,CSCM,STT,Madhya Pradesh,Chhindwara,20174,18976,18090,16185,10429
21-04-2022,PMKVY 2.0,CSSM,STT,Madhya Pradesh,Damoh,608,608,569,504,54
21-04-2022,PMKVY 2.0,CSCM,STT,Madhya Pradesh,Damoh,6854,6684,6422,5638,3332
21-04-2022,PMKVY 2.0,CSSM,STT,Madhya Pradesh,Datia,510,510,488,459,269
21-04-2022,PMKVY 2.0,CSCM,STT,Madhya Pradesh,Datia,4792,4567,4107,3607,2244
21-04-2022,PMKVY 2.0,CSCM,STT,Madhya Pradesh,Dewas,6791,6235,5957,5166,2888
21-04-2022,PMKVY 2.0,CSSM,STT,Madhya Pradesh,Dewas,744,688,435,271,159
21-04-2022,PMKVY 2.0,CSCM,STT,Madhya Pradesh,Dhar,6448,5970,5471,4787,2665
21-04-2022,PMKVY 2.0,CSSM,STT,Madhya Pradesh,Dhar,409,409,388,231,59
21-04-2022,PMKVY 2.0,CSCM,STT,Madhya Pradesh,Dindori,4335,3971,3942,3702,2813
21-04-2022,PMKVY 2.0,CSCM,STT,Madhya Pradesh,East Nimar,6311,6243,5918,5156,2951
21-04-2022,PMKVY 2.0,CSSM,STT,Madhya Pradesh,East Nimar,1191,1191,817,546,349
21-04-2022,PMKVY 2.0,CSCM,STT,Madhya Pradesh,Guna,7556,7310,6546,5642,3933
21-04-2022,PMKVY 2.0,CSSM,STT,Madhya Pradesh,Guna,547,545,457,385,47
21-04-2022,PMKVY 2.0,CSSM,STT,Madhya Pradesh,Gwalior,2165,2143,1693,1255,355
21-04-2022,PMKVY 2.0,CSCM,STT,Madhya Pradesh,Gwalior,13552,13054,12447,10992,5909
21-04-2022,PMKVY 2.0,CSCM,STT,Madhya Pradesh,Harda,3202,2835,2755,2467,1664
21-04-2022,PMKVY 2.0,CSCM,STT,Madhya Pradesh,Hoshangabad,6557,5992,5706,5051,3197
21-04-2022,PMKVY 2.0,CSSM,STT,Madhya Pradesh,Hoshangabad,240,240,232,159,126
21-04-2022,PMKVY 2.0,CSSM,STT,Madhya Pradesh,Indore,2211,2210,1615,1289,235
21-04-2022,PMKVY 2.0,CSCM,STT,Madhya Pradesh,Indore,18676,17793,16705,14920,8151
21-04-2022,PMKVY 2.0,CSCM,STT,Madhya Pradesh,Jabalpur,13771,13421,12745,11785,7362
21-04-2022,PMKVY 2.0,CSSM,STT,Madhya Pradesh,Jabalpur,694,694,507,386,110
21-04-2022,PMKVY 2.0,CSSM,STT,Madhya Pradesh,Jhabua,120,120,115,109,83
21-04-2022,PMKVY 2.0,CSCM,STT,Madhya Pradesh,Jhabua,4730,4458,4288,3688,1477
21-04-2022,PMKVY 2.0,CSSM,STT,Madhya Pradesh,Katni,60,60,0,0,0
21-04-2022,PMKVY 2.0,CSCM,STT,Madhya Pradesh,Katni,4035,3735,3547,2816,1239
21-04-2022,PMKVY 2.0,CSSM,STT,Madhya Pradesh,Khargone,626,626,598,258,251
21-04-2022,PMKVY 2.0,CSCM,STT,Madhya Pradesh,Khargone,7446,6571,6242,5590,2855
21-04-2022,PMKVY 2.0,CSCM,STT,Madhya Pradesh,Mandla,3209,2608,2518,2367,1225
21-04-2022,PMKVY 2.0,CSCM,STT,Madhya Pradesh,Mandsaur,6929,6454,6279,5680,2739
21-04-2022,PMKVY 2.0,CSSM,STT,Madhya Pradesh,Mandsaur,722,722,706,644,119
21-04-2022,PMKVY 2.0,CSSM,STT,Madhya Pradesh,Morena,483,483,441,421,0
21-04-2022,PMKVY 2.0,CSCM,STT,Madhya Pradesh,Morena,3688,3265,3231,2933,1115
21-04-2022,PMKVY 2.0,CSCM,STT,Madhya Pradesh,Narsinghpur,7394,7053,6988,6507,4088
21-04-2022,PMKVY 2.0,CSSM,STT,Madhya Pradesh,Narsinghpur,1008,968,897,831,243
21-04-2022,PMKVY 2.0,CSSM,STT,Madhya Pradesh,Neemuch,180,180,171,156,43
21-04-2022,PMKVY 2.0,CSCM,STT,Madhya Pradesh,Neemuch,3182,2942,2870,2518,762
21-04-2022,PMKVY 2.0,CSSM,STT,Madhya Pradesh,Panna,240,240,234,204,104
21-04-2022,PMKVY 2.0,CSCM,STT,Madhya Pradesh,Panna,4668,4522,4418,3724,2474
21-04-2022,PMKVY 2.0,CSSM,STT,Madhya Pradesh,Raisen,596,566,494,430,136
21-04-2022,PMKVY 2.0,CSCM,STT,Madhya Pradesh,Raisen,7832,7552,7214,6670,3607
21-04-2022,PMKVY 2.0,CSSM,STT,Madhya Pradesh,Rajgarh,760,730,571,522,94
21-04-2022,PMKVY 2.0,CSCM,STT,Madhya Pradesh,Rajgarh,7081,6482,6059,5199,3793
21-04-2022,PMKVY 2.0,CSCM,STT,Madhya Pradesh,Ratlam,5588,4600,4542,4250,2296
21-04-2022,PMKVY 2.0,CSSM,STT,Madhya Pradesh,Ratlam,387,386,215,168,39
21-04-2022,PMKVY 2.0,CSCM,STT,Madhya Pradesh,Rewa,9585,9359,8700,7604,5236
21-04-2022,PMKVY 2.0,CSSM,STT,Madhya Pradesh,Rewa,740,740,647,531,341
21-04-2022,PMKVY 2.0,CSCM,STT,Madhya Pradesh,Sagar,19159,18645,18164,16155,9951
21-04-2022,PMKVY 2.0,CSSM,STT,Madhya Pradesh,Sagar,2493,2318,2160,1663,1387
21-04-2022,PMKVY 2.0,CSCM,STT,Madhya Pradesh,Satna,10660,10024,9237,8072,5766
21-04-2022,PMKVY 2.0,CSSM,STT,Madhya Pradesh,Satna,570,548,504,406,299
21-04-2022,PMKVY 2.0,CSSM,STT,Madhya Pradesh,Sehore,409,315,271,175,21
21-04-2022,PMKVY 2.0,CSCM,STT,Madhya Pradesh,Sehore,8118,7624,7172,6047,3111
21-04-2022,PMKVY 2.0,CSSM,STT,Madhya Pradesh,Seoni,441,441,333,314,72
21-04-2022,PMKVY 2.0,CSCM,STT,Madhya Pradesh,Seoni,7563,7234,7057,6378,3562
21-04-2022,PMKVY 2.0,CSCM,STT,Madhya Pradesh,Shahdol,5519,5264,5062,4097,2375
21-04-2022,PMKVY 2.0,CSSM,STT,Madhya Pradesh,Shahdol,240,180,85,74,0
21-04-2022,PMKVY 2.0,CSSM,STT,Madhya Pradesh,Shajapur,216,216,201,187,56
21-04-2022,PMKVY 2.0,CSCM,STT,Madhya Pradesh,Shajapur,8010,7389,7226,6629,4088
21-04-2022,PMKVY 2.0,CSCM,STT,Madhya Pradesh,Sheopur,1960,1738,1715,1611,912
21-04-2022,PMKVY 2.0,CSSM,STT,Madhya Pradesh,Sheopur,120,120,114,77,77
21-04-2022,PMKVY 2.0,CSCM,STT,Madhya Pradesh,Shivpuri,5863,5073,4724,4259,2540
21-04-2022,PMKVY 2.0,CSSM,STT,Madhya Pradesh,Shivpuri,478,473,361,330,147
21-04-2022,PMKVY 2.0,CSCM,STT,Madhya Pradesh,Sidhi,4957,4888,4444,3766,2382
21-04-2022,PMKVY 2.0,CSSM,STT,Madhya Pradesh,Singrauli,446,385,299,259,91
21-04-2022,PMKVY 2.0,CSCM,STT,Madhya Pradesh,Singrauli,7394,7058,6667,5937,3983
21-04-2022,PMKVY 2.0,CSSM,STT,Madhya Pradesh,Tikamgarh,450,450,329,266,63
21-04-2022,PMKVY 2.0,CSCM,STT,Madhya Pradesh,Tikamgarh,8217,7736,7568,6376,3112
21-04-2022,PMKVY 2.0,CSSM,STT,Madhya Pradesh,Ujjain,1199,1199,1106,940,0
21-04-2022,PMKVY 2.0,CSCM,STT,Madhya Pradesh,Ujjain,9271,8700,8350,7677,4100
21-04-2022,PMKVY 2.0,CSSM,STT,Madhya Pradesh,Umaria,117,117,112,105,0
21-04-2022,PMKVY 2.0,CSCM,STT,Madhya Pradesh,Umaria,1938,1728,1372,934,246
21-04-2022,PMKVY 2.0,CSCM,STT,Madhya Pradesh,Vidisha,13975,13086,12293,11164,6825
21-04-2022,PMKVY 2.0,CSSM,STT,Madhya Pradesh,Vidisha,1661,1661,1533,1295,646
21-04-2022,PMKVY 3.0,CSCM,RPL,Madhya Pradesh,Agar Malwa,69,69,23,14,0
21-04-2022,PMKVY 3.0,CSCM,RPL,Madhya Pradesh,Alirajpur,250,250,220,166,0
21-04-2022,PMKVY 3.0,CSCM,RPL,Madhya Pradesh,Ashoknagar,30,30,0,0,0
21-04-2022,PMKVY 3.0,CSSM,RPL,Madhya Pradesh,Ashoknagar,208,180,118,118,0
21-04-2022,PMKVY 3.0,CSCM,RPL,Madhya Pradesh,Balaghat,308,308,289,206,0
21-04-2022,PMKVY 3.0,CSCM,RPL,Madhya Pradesh,Barwani,25,25,25,23,0
21-04-2022,PMKVY 3.0,CSCM,RPL,Madhya Pradesh,Betul,25,25,11,10,0
21-04-2022,PMKVY 3.0,CSSM,RPL,Madhya Pradesh,Betul,42,42,0,0,0
21-04-2022,PMKVY 3.0,CSCM,RPL,Madhya Pradesh,Bhind,1,1,0,0,0
21-04-2022,PMKVY 3.0,CSSM,RPL,Madhya Pradesh,Bhopal,404,404,282,282,0
21-04-2022,PMKVY 3.0,CSCM,RPL,Madhya Pradesh,Bhopal,711,711,559,254,0
21-04-2022,PMKVY 3.0,CSSM,RPL,Madhya Pradesh,Burhanpur,83,83,69,69,0
21-04-2022,PMKVY 3.0,CSCM,RPL,Madhya Pradesh,Burhanpur,275,275,228,217,0
21-04-2022,PMKVY 3.0,CSCM,RPL,Madhya Pradesh,Chhatarpur,12,12,7,7,0
21-04-2022,PMKVY 3.0,CSCM,RPL,Madhya Pradesh,Chhindwara,181,181,177,120,0
21-04-2022,PMKVY 3.0,CSSM,RPL,Madhya Pradesh,Chhindwara,150,150,149,143,0
21-04-2022,PMKVY 3.0,CSCM,RPL,Madhya Pradesh,Datia,295,275,263,178,0
21-04-2022,PMKVY 3.0,CSSM,RPL,Madhya Pradesh,Dewas,15,15,0,0,0
21-04-2022,PMKVY 3.0,CSCM,RPL,Madhya Pradesh,Dewas,200,200,178,165,0
21-04-2022,PMKVY 3.0,CSCM,RPL,Madhya Pradesh,Dhar,40,40,39,36,0
21-04-2022,PMKVY 3.0,CSSM,RPL,Madhya Pradesh,Dhar,169,169,20,20,0
21-04-2022,PMKVY 3.0,CSCM,RPL,Madhya Pradesh,Dindori,50,50,50,49,0
21-04-2022,PMKVY 3.0,CSCM,RPL,Madhya Pradesh,Guna,275,275,211,153,0
21-04-2022,PMKVY 3.0,CSCM,RPL,Madhya Pradesh,Gwalior,1451,1421,1371,1289,0
21-04-2022,PMKVY 3.0,CSCM,RPL,Madhya Pradesh,Harda,201,201,198,134,0
21-04-2022,PMKVY 3.0,CSCM,RPL,Madhya Pradesh,Hoshangabad,89,89,64,47,0
21-04-2022,PMKVY 3.0,CSSM,RPL,Madhya Pradesh,Indore,339,339,20,20,0
21-04-2022,PMKVY 3.0,CSCM,RPL,Madhya Pradesh,Indore,197,197,155,108,0
21-04-2022,PMKVY 3.0,CSCM,RPL,Madhya Pradesh,Jabalpur,15,15,0,0,0
21-04-2022,PMKVY 3.0,CSCM,RPL,Madhya Pradesh,Jhabua,224,224,186,157,0
21-04-2022,PMKVY 3.0,CSCM,RPL,Madhya Pradesh,Katni,3,3,2,2,0
21-04-2022,PMKVY 3.0,CSSM,RPL,Madhya Pradesh,Katni,27,27,0,0,0
21-04-2022,PMKVY 3.0,CSSM,RPL,Madhya Pradesh,Khargone,360,360,266,266,0
21-04-2022,PMKVY 3.0,CSCM,RPL,Madhya Pradesh,Khargone,84,67,67,64,0
21-04-2022,PMKVY 3.0,CSCM,RPL,Madhya Pradesh,Mandla,200,200,175,157,0
21-04-2022,PMKVY 3.0,CSCM,RPL,Madhya Pradesh,Mandsaur,118,118,92,82,0
21-04-2022,PMKVY 3.0,CSCM,RPL,Madhya Pradesh,Morena,2,2,0,0,0
21-04-2022,PMKVY 3.0,CSCM,RPL,Madhya Pradesh,Narsinghpur,53,53,46,21,0
21-04-2022,PMKVY 3.0,CSSM,RPL,Madhya Pradesh,Neemuch,20,20,0,0,0
21-04-2022,PMKVY 3.0,CSCM,RPL,Madhya Pradesh,Raisen,443,442,371,371,0
21-04-2022,PMKVY 3.0,CSSM,RPL,Madhya Pradesh,Raisen,20,20,0,0,0
21-04-2022,PMKVY 3.0,CSCM,RPL,Madhya Pradesh,Rajgarh,250,250,239,158,0
21-04-2022,PMKVY 3.0,CSCM,RPL,Madhya Pradesh,Ratlam,140,140,133,71,0
21-04-2022,PMKVY 3.0,CSCM,RPL,Madhya Pradesh,Rewa,317,287,283,209,0
21-04-2022,PMKVY 3.0,CSCM,RPL,Madhya Pradesh,Sagar,3,3,0,0,0
21-04-2022,PMKVY 3.0,CSCM,RPL,Madhya Pradesh,Satna,294,294,256,206,0
21-04-2022,PMKVY 3.0,CSCM,RPL,Madhya Pradesh,Sehore,2,2,0,0,0
21-04-2022,PMKVY 3.0,CSCM,RPL,Madhya Pradesh,Seoni,50,50,25,18,0
21-04-2022,PMKVY 3.0,CSCM,RPL,Madhya Pradesh,Shahdol,12,12,6,0,0
21-04-2022,PMKVY 3.0,CSCM,RPL,Madhya Pradesh,Sheopur,205,205,145,122,0
21-04-2022,PMKVY 3.0,CSCM,RPL,Madhya Pradesh,Shivpuri,291,91,77,53,0
21-04-2022,PMKVY 3.0,CSCM,RPL,Madhya Pradesh,Sidhi,275,275,213,146,0
21-04-2022,PMKVY 3.0,CSSM,RPL,Madhya Pradesh,Singrauli,29,29,0,0,0
21-04-2022,PMKVY 3.0,CSCM,RPL,Madhya Pradesh,Singrauli,349,349,259,214,0
21-04-2022,PMKVY 3.0,CSSM,RPL,Madhya Pradesh,Ujjain,48,48,0,0,0
21-04-2022,PMKVY 3.0,CSCM,RPL,Madhya Pradesh,Ujjain,206,206,157,122,0
21-04-2022,PMKVY 3.0,CSCM,RPL,Madhya Pradesh,Vidisha,291,291,263,217,0
21-04-2022,PMKVY 3.0,CSSM,RPL,Madhya Pradesh,Vidisha,156,156,65,65,0
21-04-2022,PMKVY 3.0,CSCM,SP,Madhya Pradesh,Agar Malwa,102,101,97,0,0
21-04-2022,PMKVY 3.0,CSCM,SP,Madhya Pradesh,Alirajpur,20,0,0,0,0
21-04-2022,PMKVY 3.0,CSCM,SP,Madhya Pradesh,Anuppur,40,40,39,0,0
21-04-2022,PMKVY 3.0,CSCM,SP,Madhya Pradesh,Ashoknagar,160,160,155,0,0
21-04-2022,PMKVY 3.0,CSCM,SP,Madhya Pradesh,Balaghat,182,178,169,36,0
21-04-2022,PMKVY 3.0,CSCM,SP,Madhya Pradesh,Barwani,100,100,82,0,0
21-04-2022,PMKVY 3.0,CSCM,SP,Madhya Pradesh,Betul,432,432,401,0,0
21-04-2022,PMKVY 3.0,CSCM,SP,Madhya Pradesh,Bhopal,1548,1548,1496,0,0
21-04-2022,PMKVY 3.0,CSCM,SP,Madhya Pradesh,Burhanpur,196,196,188,0,0
21-04-2022,PMKVY 3.0,CSCM,SP,Madhya Pradesh,Chhatarpur,336,336,305,106,0
21-04-2022,PMKVY 3.0,CSCM,SP,Madhya Pradesh,Chhindwara,1068,1068,928,95,0
21-04-2022,PMKVY 3.0,CSCM,SP,Madhya Pradesh,Damoh,60,60,60,0,0
21-04-2022,PMKVY 3.0,CSCM,SP,Madhya Pradesh,Datia,238,238,238,0,0
21-04-2022,PMKVY 3.0,CSCM,SP,Madhya Pradesh,Dewas,475,475,470,0,0
21-04-2022,PMKVY 3.0,CSCM,SP,Madhya Pradesh,Dhar,266,240,239,37,0
21-04-2022,PMKVY 3.0,CSCM,SP,Madhya Pradesh,East Nimar,131,131,122,0,0
21-04-2022,PMKVY 3.0,CSCM,SP,Madhya Pradesh,Guna,235,235,233,0,0
21-04-2022,PMKVY 3.0,CSCM,SP,Madhya Pradesh,Gwalior,119,119,119,0,0
21-04-2022,PMKVY 3.0,CSCM,SP,Madhya Pradesh,Hoshangabad,120,120,120,0,0
21-04-2022,PMKVY 3.0,CSSM,SP,Madhya Pradesh,Indore,30,30,0,0,0
21-04-2022,PMKVY 3.0,CSCM,SP,Madhya Pradesh,Indore,395,395,354,0,0
21-04-2022,PMKVY 3.0,CSSM,SP,Madhya Pradesh,Jabalpur,150,150,133,123,0
21-04-2022,PMKVY 3.0,CSCM,SP,Madhya Pradesh,Jabalpur,1012,979,869,10,0
21-04-2022,PMKVY 3.0,CSCM,SP,Madhya Pradesh,Jhabua,118,118,71,0,0
21-04-2022,PMKVY 3.0,CSCM,SP,Madhya Pradesh,Katni,80,80,79,0,0
21-04-2022,PMKVY 3.0,CSCM,SP,Madhya Pradesh,Khargone,644,644,470,55,0
21-04-2022,PMKVY 3.0,CSCM,SP,Madhya Pradesh,Mandla,345,320,299,90,0
21-04-2022,PMKVY 3.0,CSCM,SP,Madhya Pradesh,Mandsaur,160,160,160,0,0
21-04-2022,PMKVY 3.0,CSCM,SP,Madhya Pradesh,Morena,400,400,388,0,0
21-04-2022,PMKVY 3.0,CSCM,SP,Madhya Pradesh,Narsinghpur,205,185,181,0,0
21-04-2022,PMKVY 3.0,CSCM,SP,Madhya Pradesh,Raisen,219,219,216,0,0
21-04-2022,PMKVY 3.0,CSCM,SP,Madhya Pradesh,Rajgarh,256,256,219,0,0
21-04-2022,PMKVY 3.0,CSCM,SP,Madhya Pradesh,Ratlam,300,279,279,80,0
21-04-2022,PMKVY 3.0,CSCM,SP,Madhya Pradesh,Rewa,288,288,280,100,0
21-04-2022,PMKVY 3.0,CSCM,SP,Madhya Pradesh,Sagar,235,235,186,0,0
21-04-2022,PMKVY 3.0,CSCM,SP,Madhya Pradesh,Satna,200,200,158,0,0
21-04-2022,PMKVY 3.0,CSCM,SP,Madhya Pradesh,Sehore,160,159,137,0,0
21-04-2022,PMKVY 3.0,CSCM,SP,Madhya Pradesh,Seoni,874,848,830,259,0
21-04-2022,PMKVY 3.0,CSCM,SP,Madhya Pradesh,Shahdol,403,403,372,0,0
21-04-2022,PMKVY 3.0,CSCM,SP,Madhya Pradesh,Shajapur,275,275,272,0,0
21-04-2022,PMKVY 3.0,CSCM,SP,Madhya Pradesh,Sidhi,273,273,269,135,0
21-04-2022,PMKVY 3.0,CSCM,SP,Madhya Pradesh,Ujjain,779,771,755,19,0
21-04-2022,PMKVY 3.0,CSCM,SP,Madhya Pradesh,Umaria,39,39,35,0,0
21-04-2022,PMKVY 3.0,CSCM,SP,Madhya Pradesh,Vidisha,366,365,347,0,0
21-04-2022,PMKVY 3.0,CSSM,STT,Madhya Pradesh,Agar Malwa,120,120,109,86,34
21-04-2022,PMKVY 3.0,CSCM,STT,Madhya Pradesh,Agar Malwa,443,120,110,25,15
21-04-2022,PMKVY 3.0,CSCM,STT,Madhya Pradesh,Alirajpur,774,157,140,118,44
21-04-2022,PMKVY 3.0,CSSM,STT,Madhya Pradesh,Alirajpur,120,120,79,60,20
21-04-2022,PMKVY 3.0,CSCM,STT,Madhya Pradesh,Anuppur,565,166,140,71,19
21-04-2022,PMKVY 3.0,CSSM,STT,Madhya Pradesh,Anuppur,120,120,85,70,42
21-04-2022,PMKVY 3.0,CSSM,STT,Madhya Pradesh,Ashoknagar,120,120,74,67,35
21-04-2022,PMKVY 3.0,CSCM,STT,Madhya Pradesh,Ashoknagar,565,165,143,133,63
21-04-2022,PMKVY 3.0,CSCM,STT,Madhya Pradesh,Balaghat,688,120,118,117,0
21-04-2022,PMKVY 3.0,CSCM,STT,Madhya Pradesh,Barwani,899,330,104,73,34
21-04-2022,PMKVY 3.0,CSSM,STT,Madhya Pradesh,Barwani,120,120,106,77,51
21-04-2022,PMKVY 3.0,CSCM,STT,Madhya Pradesh,Betul,729,120,120,102,0
21-04-2022,PMKVY 3.0,CSSM,STT,Madhya Pradesh,Betul,120,120,118,101,0
21-04-2022,PMKVY 3.0,CSCM,STT,Madhya Pradesh,Bhind,294,120,106,87,0
21-04-2022,PMKVY 3.0,CSCM,STT,Madhya Pradesh,Bhopal,377,120,115,84,47
21-04-2022,PMKVY 3.0,CSSM,STT,Madhya Pradesh,Burhanpur,120,120,103,80,0
21-04-2022,PMKVY 3.0,CSCM,STT,Madhya Pradesh,Burhanpur,543,158,156,126,0
21-04-2022,PMKVY 3.0,CSCM,STT,Madhya Pradesh,Chhatarpur,847,360,277,189,0
21-04-2022,PMKVY 3.0,CSCM,STT,Madhya Pradesh,Chhindwara,771,120,118,75,0
21-04-2022,PMKVY 3.0,CSCM,STT,Madhya Pradesh,Damoh,923,400,267,173,4
21-04-2022,PMKVY 3.0,CSCM,STT,Madhya Pradesh,Datia,649,208,142,117,90
21-04-2022,PMKVY 3.0,CSSM,STT,Madhya Pradesh,Datia,30,30,27,25,18
21-04-2022,PMKVY 3.0,CSCM,STT,Madhya Pradesh,Dewas,373,120,119,76,0
21-04-2022,PMKVY 3.0,CSSM,STT,Madhya Pradesh,Dhar,120,120,113,107,0
21-04-2022,PMKVY 3.0,CSCM,STT,Madhya Pradesh,Dhar,185,120,115,99,9
21-04-2022,PMKVY 3.0,CSCM,STT,Madhya Pradesh,Dindori,474,167,166,156,122
21-04-2022,PMKVY 3.0,CSCM,STT,Madhya Pradesh,East Nimar,109,0,0,0,0
21-04-2022,PMKVY 3.0,CSSM,STT,Madhya Pradesh,Guna,120,120,115,96,75
21-04-2022,PMKVY 3.0,CSCM,STT,Madhya Pradesh,Guna,601,240,187,85,66
21-04-2022,PMKVY 3.0,CSCM,STT,Madhya Pradesh,Gwalior,684,300,293,130,69
21-04-2022,PMKVY 3.0,CSCM,STT,Madhya Pradesh,Harda,647,115,115,64,0
21-04-2022,PMKVY 3.0,CSSM,STT,Madhya Pradesh,Harda,120,120,89,84,0
21-04-2022,PMKVY 3.0,CSCM,STT,Madhya Pradesh,Hoshangabad,642,120,119,108,0
21-04-2022,PMKVY 3.0,CSSM,STT,Madhya Pradesh,Indore,60,60,0,0,0
21-04-2022,PMKVY 3.0,CSCM,STT,Madhya Pradesh,Indore,899,280,253,186,24
21-04-2022,PMKVY 3.0,CSCM,STT,Madhya Pradesh,Jabalpur,627,119,103,83,37
21-04-2022,PMKVY 3.0,CSCM,STT,Madhya Pradesh,Jhabua,643,300,116,107,24
21-04-2022,PMKVY 3.0,CSSM,STT,Madhya Pradesh,Jhabua,90,90,88,67,19
21-04-2022,PMKVY 3.0,CSCM,STT,Madhya Pradesh,Katni,884,180,113,92,51
21-04-2022,PMKVY 3.0,CSSM,STT,Madhya Pradesh,Khargone,179,179,153,138,0
21-04-2022,PMKVY 3.0,CSCM,STT,Madhya Pradesh,Khargone,688,240,234,187,30
21-04-2022,PMKVY 3.0,CSCM,STT,Madhya Pradesh,Mandla,423,120,119,117,0
21-04-2022,PMKVY 3.0,CSCM,STT,Madhya Pradesh,Mandsaur,596,120,109,107,1
21-04-2022,PMKVY 3.0,CSSM,STT,Madhya Pradesh,Mandsaur,120,120,119,110,0
21-04-2022,PMKVY 3.0,CSCM,STT,Madhya Pradesh,Morena,696,120,99,63,0
21-04-2022,PMKVY 3.0,CSCM,STT,Madhya Pradesh,Narsinghpur,420,120,118,113,0
21-04-2022,PMKVY 3.0,CSSM,STT,Madhya Pradesh,Neemuch,120,120,111,101,0
21-04-2022,PMKVY 3.0,CSCM,STT,Madhya Pradesh,Neemuch,486,120,116,104,1
21-04-2022,PMKVY 3.0,CSCM,STT,Madhya Pradesh,Panna,681,377,332,233,0
21-04-2022,PMKVY 3.0,CSCM,STT,Madhya Pradesh,Raisen,758,110,85,60,1
21-04-2022,PMKVY 3.0,CSCM,STT,Madhya Pradesh,Rajgarh,738,180,151,80,45
21-04-2022,PMKVY 3.0,CSSM,STT,Madhya Pradesh,Rajgarh,60,60,54,48,0
21-04-2022,PMKVY 3.0,CSCM,STT,Madhya Pradesh,Ratlam,900,140,120,105,0
21-04-2022,PMKVY 3.0,CSCM,STT,Madhya Pradesh,Rewa,622,210,117,103,89
21-04-2022,PMKVY 3.0,CSCM,STT,Madhya Pradesh,Sagar,840,400,185,99,0
21-04-2022,PMKVY 3.0,CSCM,STT,Madhya Pradesh,Satna,407,120,102,78,57
21-04-2022,PMKVY 3.0,CSCM,STT,Madhya Pradesh,Sehore,576,120,113,90,46
21-04-2022,PMKVY 3.0,CSSM,STT,Madhya Pradesh,Sehore,120,120,111,87,44
21-04-2022,PMKVY 3.0,CSCM,STT,Madhya Pradesh,Seoni,634,360,231,208,0
21-04-2022,PMKVY 3.0,CSSM,STT,Madhya Pradesh,Seoni,120,120,106,96,0
21-04-2022,PMKVY 3.0,CSCM,STT,Madhya Pradesh,Shahdol,607,120,75,59,50
21-04-2022,PMKVY 3.0,CSSM,STT,Madhya Pradesh,Shahdol,120,120,112,91,75
21-04-2022,PMKVY 3.0,CSCM,STT,Madhya Pradesh,Shajapur,601,119,96,54,0
21-04-2022,PMKVY 3.0,CSSM,STT,Madhya Pradesh,Sheopur,120,120,94,82,64
21-04-2022,PMKVY 3.0,CSCM,STT,Madhya Pradesh,Sheopur,616,169,164,143,28
21-04-2022,PMKVY 3.0,CSSM,STT,Madhya Pradesh,Shivpuri,120,120,120,113,0
21-04-2022,PMKVY 3.0,CSCM,STT,Madhya Pradesh,Shivpuri,135,120,89,51,0
21-04-2022,PMKVY 3.0,CSCM,STT,Madhya Pradesh,Sidhi,613,150,104,96,66
21-04-2022,PMKVY 3.0,CSCM,STT,Madhya Pradesh,Singrauli,960,210,169,142,74
21-04-2022,PMKVY 3.0,CSSM,STT,Madhya Pradesh,Singrauli,120,120,105,73,56
21-04-2022,PMKVY 3.0,CSCM,STT,Madhya Pradesh,Tikamgarh,588,360,280,136,0
21-04-2022,PMKVY 3.0,CSCM,STT,Madhya Pradesh,Ujjain,587,120,115,111,0
21-04-2022,PMKVY 3.0,CSCM,STT,Madhya Pradesh,Umaria,546,161,106,44,22
21-04-2022,PMKVY 3.0,CSSM,STT,Madhya Pradesh,Umaria,85,85,57,50,43
21-04-2022,PMKVY 3.0,CSSM,STT,Madhya Pradesh,Vidisha,120,120,105,96,73
21-04-2022,PMKVY 3.0,CSCM,STT,Madhya Pradesh,Vidisha,965,120,119,106,80
21-04-2022,PMKVY 2.0,CSCM,RPL,Maharashtra,Ahmednagar,26582,26201,22826,20466,0
21-04-2022,PMKVY 2.0,CSCM,RPL,Maharashtra,Akola,3381,3202,2905,2678,0
21-04-2022,PMKVY 2.0,CSCM,RPL,Maharashtra,Amravati,3505,3464,3025,2720,0
21-04-2022,PMKVY 2.0,CSCM,RPL,Maharashtra,Aurangabad,23342,22971,20647,19457,0
21-04-2022,PMKVY 2.0,CSCM,RPL,Maharashtra,Beed,13731,13631,10109,8204,0
21-04-2022,PMKVY 2.0,CSCM,RPL,Maharashtra,Bhandara,2922,2859,2547,2124,0
21-04-2022,PMKVY 2.0,CSCM,RPL,Maharashtra,Buldhana,5019,4975,4619,4081,0
21-04-2022,PMKVY 2.0,CSCM,RPL,Maharashtra,Chandrapur,13642,13346,10923,9855,0
21-04-2022,PMKVY 2.0,CSCM,RPL,Maharashtra,Dhule,15084,14981,14126,13441,0
21-04-2022,PMKVY 2.0,CSCM,RPL,Maharashtra,Gadchiroli,2426,2360,2313,2248,0
21-04-2022,PMKVY 2.0,CSCM,RPL,Maharashtra,Gondia,3443,3231,3119,3046,0
21-04-2022,PMKVY 2.0,CSCM,RPL,Maharashtra,Hingoli,13774,13764,12707,11654,0
21-04-2022,PMKVY 2.0,CSCM,RPL,Maharashtra,Jalgaon,41306,40923,38071,35353,0
21-04-2022,PMKVY 2.0,CSCM,RPL,Maharashtra,Jalna,14877,14877,13652,12912,0
21-04-2022,PMKVY 2.0,CSCM,RPL,Maharashtra,Kolhapur,49563,49469,45023,41928,0
21-04-2022,PMKVY 2.0,CSCM,RPL,Maharashtra,Latur,31428,31428,26488,23105,0
21-04-2022,PMKVY 2.0,CSCM,RPL,Maharashtra,Mumbai,171252,168349,155000,148641,0
21-04-2022,PMKVY 2.0,CSCM,RPL,Maharashtra,Mumbai Suburban,7294,7225,6827,6328,0
21-04-2022,PMKVY 2.0,CSCM,RPL,Maharashtra,Nagpur,34124,33791,27549,25781,0
21-04-2022,PMKVY 2.0,CSCM,RPL,Maharashtra,Nanded,19498,19490,15430,13647,0
21-04-2022,PMKVY 2.0,CSCM,RPL,Maharashtra,Nandurbar,9236,9236,7941,7471,0
21-04-2022,PMKVY 2.0,CSCM,RPL,Maharashtra,Nashik,57597,56776,50743,46811,0
21-04-2022,PMKVY 2.0,CSCM,RPL,Maharashtra,Osmanabad,11370,11365,9959,8869,0
21-04-2022,PMKVY 2.0,CSCM,RPL,Maharashtra,Palghar,324,324,272,255,0
21-04-2022,PMKVY 2.0,CSCM,RPL,Maharashtra,Parbhani,11784,11621,10339,9469,0
21-04-2022,PMKVY 2.0,CSCM,RPL,Maharashtra,Pune,104697,102583,91020,85434,0
21-04-2022,PMKVY 2.0,CSCM,RPL,Maharashtra,Raigad,7835,7598,6412,5714,0
21-04-2022,PMKVY 2.0,CSCM,RPL,Maharashtra,Ratnagiri,8134,8134,6663,5883,0
21-04-2022,PMKVY 2.0,CSCM,RPL,Maharashtra,Sangli,19077,18631,16241,14993,0
21-04-2022,PMKVY 2.0,CSCM,RPL,Maharashtra,Satara,16867,16828,14190,13257,0
21-04-2022,PMKVY 2.0,CSCM,RPL,Maharashtra,Sindhudurg,6343,6314,5439,4783,0
21-04-2022,PMKVY 2.0,CSCM,RPL,Maharashtra,Solapur,30547,30437,27540,25356,0
21-04-2022,PMKVY 2.0,CSCM,RPL,Maharashtra,Thane,29601,28823,25153,23523,0
21-04-2022,PMKVY 2.0,CSCM,RPL,Maharashtra,Wardha,11460,11277,9786,9177,0
21-04-2022,PMKVY 2.0,CSCM,RPL,Maharashtra,Washim,1372,1372,966,838,0
21-04-2022,PMKVY 2.0,CSCM,RPL,Maharashtra,Yavatmal,3397,3023,2641,2290,0
21-04-2022,PMKVY 2.0,CSCM,SP,Maharashtra,Ahmednagar,1736,1404,1032,764,156
21-04-2022,PMKVY 2.0,CSCM,SP,Maharashtra,Akola,365,365,249,162,1
21-04-2022,PMKVY 2.0,CSCM,SP,Maharashtra,Amravati,1208,1191,838,403,0
21-04-2022,PMKVY 2.0,CSCM,SP,Maharashtra,Aurangabad,1895,1719,746,437,22
21-04-2022,PMKVY 2.0,CSCM,SP,Maharashtra,Beed,978,838,744,683,237
21-04-2022,PMKVY 2.0,CSCM,SP,Maharashtra,Bhandara,173,173,84,33,0
21-04-2022,PMKVY 2.0,CSCM,SP,Maharashtra,Buldhana,614,605,483,329,0
21-04-2022,PMKVY 2.0,CSCM,SP,Maharashtra,Chandrapur,837,733,514,389,0
21-04-2022,PMKVY 2.0,CSCM,SP,Maharashtra,Dhule,232,231,180,141,0
21-04-2022,PMKVY 2.0,CSCM,SP,Maharashtra,Gadchiroli,150,150,146,124,0
21-04-2022,PMKVY 2.0,CSCM,SP,Maharashtra,Gondia,180,180,113,43,0
21-04-2022,PMKVY 2.0,CSCM,SP,Maharashtra,Hingoli,1476,1330,1043,800,213
21-04-2022,PMKVY 2.0,CSCM,SP,Maharashtra,Jalgaon,1028,1002,786,417,2
21-04-2022,PMKVY 2.0,CSCM,SP,Maharashtra,Jalna,116,86,38,24,0
21-04-2022,PMKVY 2.0,CSCM,SP,Maharashtra,Kolhapur,702,590,433,347,1
21-04-2022,PMKVY 2.0,CSCM,SP,Maharashtra,Latur,767,767,534,396,149
21-04-2022,PMKVY 2.0,CSCM,SP,Maharashtra,Mumbai,2950,2836,1703,1164,43
21-04-2022,PMKVY 2.0,CSCM,SP,Maharashtra,Nagpur,742,712,371,215,83
21-04-2022,PMKVY 2.0,CSCM,SP,Maharashtra,Nanded,2290,2022,1380,991,3
21-04-2022,PMKVY 2.0,CSCM,SP,Maharashtra,Nandurbar,137,137,83,48,0
21-04-2022,PMKVY 2.0,CSCM,SP,Maharashtra,Nashik,2025,1942,1410,976,9
21-04-2022,PMKVY 2.0,CSCM,SP,Maharashtra,Osmanabad,562,562,346,204,0
21-04-2022,PMKVY 2.0,CSCM,SP,Maharashtra,Parbhani,946,894,438,198,0
21-04-2022,PMKVY 2.0,CSCM,SP,Maharashtra,Pune,3297,3181,1931,1377,456
21-04-2022,PMKVY 2.0,CSCM,SP,Maharashtra,Raigad,879,867,617,413,0
21-04-2022,PMKVY 2.0,CSCM,SP,Maharashtra,Ratnagiri,109,109,48,36,0
21-04-2022,PMKVY 2.0,CSCM,SP,Maharashtra,Sangli,1617,1510,1009,669,7
21-04-2022,PMKVY 2.0,CSCM,SP,Maharashtra,Satara,661,559,320,169,0
21-04-2022,PMKVY 2.0,CSCM,SP,Maharashtra,Sindhudurg,507,260,204,169,0
21-04-2022,PMKVY 2.0,CSCM,SP,Maharashtra,Solapur,238,238,135,87,1
21-04-2022,PMKVY 2.0,CSCM,SP,Maharashtra,Thane,1383,1323,823,563,0
21-04-2022,PMKVY 2.0,CSCM,SP,Maharashtra,Wardha,141,141,101,63,0
21-04-2022,PMKVY 2.0,CSCM,SP,Maharashtra,Washim,120,120,106,65,0
21-04-2022,PMKVY 2.0,CSCM,SP,Maharashtra,Yavatmal,911,886,455,307,18
21-04-2022,PMKVY 2.0,CSSM,STT,Maharashtra,Ahmednagar,6368,6363,6177,5679,115
21-04-2022,PMKVY 2.0,CSCM,STT,Maharashtra,Ahmednagar,5356,4589,4497,4071,2162
21-04-2022,PMKVY 2.0,CSSM,STT,Maharashtra,Akola,30,30,29,25,0
21-04-2022,PMKVY 2.0,CSCM,STT,Maharashtra,Akola,2647,2467,2232,1858,904
21-04-2022,PMKVY 2.0,CSCM,STT,Maharashtra,Amravati,5390,5134,4643,4037,1736
21-04-2022,PMKVY 2.0,CSSM,STT,Maharashtra,Amravati,1012,998,932,879,165
21-04-2022,PMKVY 2.0,CSCM,STT,Maharashtra,Aurangabad,4318,3955,3560,2891,1329
21-04-2022,PMKVY 2.0,CSSM,STT,Maharashtra,Aurangabad,1505,1505,1442,1359,0
21-04-2022,PMKVY 2.0,CSCM,STT,Maharashtra,Beed,3876,3264,3147,2896,1529
21-04-2022,PMKVY 2.0,CSSM,STT,Maharashtra,Beed,1826,1826,1765,1404,23
21-04-2022,PMKVY 2.0,CSCM,STT,Maharashtra,Bhandara,3803,3773,3586,3008,1646
21-04-2022,PMKVY 2.0,CSSM,STT,Maharashtra,Bhandara,2943,2876,2763,2541,300
21-04-2022,PMKVY 2.0,CSCM,STT,Maharashtra,Buldhana,3030,2879,2733,2408,1581
21-04-2022,PMKVY 2.0,CSSM,STT,Maharashtra,Buldhana,930,930,806,617,0
21-04-2022,PMKVY 2.0,CSCM,STT,Maharashtra,Chandrapur,3110,2927,2752,2298,1285
21-04-2022,PMKVY 2.0,CSSM,STT,Maharashtra,Chandrapur,1540,1432,1386,1225,70
21-04-2022,PMKVY 2.0,CSSM,STT,Maharashtra,Dhule,150,150,107,103,1
21-04-2022,PMKVY 2.0,CSCM,STT,Maharashtra,Dhule,3265,3111,2918,2580,1831
21-04-2022,PMKVY 2.0,CSSM,STT,Maharashtra,Gadchiroli,4458,4208,4037,3699,362
21-04-2022,PMKVY 2.0,CSCM,STT,Maharashtra,Gadchiroli,3090,2796,2537,2214,1316
21-04-2022,PMKVY 2.0,CSCM,STT,Maharashtra,Gondia,5167,5137,5003,4455,2570
21-04-2022,PMKVY 2.0,CSSM,STT,Maharashtra,Gondia,4887,4782,4588,4040,1411
21-04-2022,PMKVY 2.0,CSCM,STT,Maharashtra,Hingoli,1143,990,937,812,488
21-04-2022,PMKVY 2.0,CSCM,STT,Maharashtra,Jalgaon,4883,4357,4160,3776,2446
21-04-2022,PMKVY 2.0,CSSM,STT,Maharashtra,Jalgaon,1795,1705,1607,1446,109
21-04-2022,PMKVY 2.0,CSSM,STT,Maharashtra,Jalna,1399,1383,1340,1171,0
21-04-2022,PMKVY 2.0,CSCM,STT,Maharashtra,Jalna,3252,2839,2523,1990,1059
21-04-2022,PMKVY 2.0,CSCM,STT,Maharashtra,Kolhapur,9245,7454,7269,6498,3051
21-04-2022,PMKVY 2.0,CSSM,STT,Maharashtra,Kolhapur,4437,4259,4111,3936,2105
21-04-2022,PMKVY 2.0,CSCM,STT,Maharashtra,Latur,7171,6716,6380,5686,3095
21-04-2022,PMKVY 2.0,CSSM,STT,Maharashtra,Latur,6347,6347,6196,5689,271
21-04-2022,PMKVY 2.0,CSCM,STT,Maharashtra,Mumbai,3522,3520,1932,1731,414
21-04-2022,PMKVY 2.0,CSSM,STT,Maharashtra,Mumbai,292,292,213,188,8
21-04-2022,PMKVY 2.0,CSSM,STT,Maharashtra,Mumbai Suburban,85,85,82,76,0
21-04-2022,PMKVY 2.0,CSCM,STT,Maharashtra,Mumbai Suburban,981,889,807,711,250
21-04-2022,PMKVY 2.0,CSSM,STT,Maharashtra,Nagpur,10101,9936,9370,8380,473
21-04-2022,PMKVY 2.0,CSCM,STT,Maharashtra,Nagpur,10653,10097,9712,8376,4575
21-04-2022,PMKVY 2.0,CSCM,STT,Maharashtra,Nanded,2640,2439,2293,1831,1204
21-04-2022,PMKVY 2.0,CSSM,STT,Maharashtra,Nanded,3108,3067,2990,2651,32
21-04-2022,PMKVY 2.0,CSSM,STT,Maharashtra,Nandurbar,390,390,369,339,9
21-04-2022,PMKVY 2.0,CSCM,STT,Maharashtra,Nandurbar,3405,2924,2788,2526,1407
21-04-2022,PMKVY 2.0,CSSM,STT,Maharashtra,Nashik,2197,2125,2078,1916,166
21-04-2022,PMKVY 2.0,CSCM,STT,Maharashtra,Nashik,7586,6674,6405,5671,3202
21-04-2022,PMKVY 2.0,CSCM,STT,Maharashtra,Osmanabad,6881,5353,5086,4509,1054
21-04-2022,PMKVY 2.0,CSSM,STT,Maharashtra,Osmanabad,629,590,560,489,0
21-04-2022,PMKVY 2.0,CSCM,STT,Maharashtra,Palghar,720,569,487,412,174
21-04-2022,PMKVY 2.0,CSSM,STT,Maharashtra,Palghar,120,120,101,91,17
21-04-2022,PMKVY 2.0,CSCM,STT,Maharashtra,Parbhani,1968,1783,1650,1420,680
21-04-2022,PMKVY 2.0,CSSM,STT,Maharashtra,Parbhani,1380,1350,1086,989,0
21-04-2022,PMKVY 2.0,CSSM,STT,Maharashtra,Pune,4884,4628,4191,3828,1184
21-04-2022,PMKVY 2.0,CSCM,STT,Maharashtra,Pune,22942,20708,18275,15690,8400
21-04-2022,PMKVY 2.0,CSSM,STT,Maharashtra,Raigad,180,180,169,144,0
21-04-2022,PMKVY 2.0,CSCM,STT,Maharashtra,Raigad,1670,1306,1243,1051,325
21-04-2022,PMKVY 2.0,CSCM,STT,Maharashtra,Ratnagiri,439,437,432,402,72
21-04-2022,PMKVY 2.0,CSSM,STT,Maharashtra,Ratnagiri,120,120,114,113,0
21-04-2022,PMKVY 2.0,CSCM,STT,Maharashtra,Sangli,3907,3397,3258,2824,1197
21-04-2022,PMKVY 2.0,CSSM,STT,Maharashtra,Sangli,389,364,276,236,0
21-04-2022,PMKVY 2.0,CSSM,STT,Maharashtra,Satara,510,504,468,307,26
21-04-2022,PMKVY 2.0,CSCM,STT,Maharashtra,Satara,4219,2491,2397,1885,1011
21-04-2022,PMKVY 2.0,CSCM,STT,Maharashtra,Sindhudurg,726,686,645,594,509
21-04-2022,PMKVY 2.0,CSSM,STT,Maharashtra,Solapur,420,412,390,366,108
21-04-2022,PMKVY 2.0,CSCM,STT,Maharashtra,Solapur,2686,2479,2342,2050,1299
21-04-2022,PMKVY 2.0,CSSM,STT,Maharashtra,Thane,528,519,402,306,0
21-04-2022,PMKVY 2.0,CSCM,STT,Maharashtra,Thane,5669,5239,4622,3769,2209
21-04-2022,PMKVY 2.0,CSCM,STT,Maharashtra,Wardha,2671,2455,2190,1806,1100
21-04-2022,PMKVY 2.0,CSSM,STT,Maharashtra,Wardha,1662,1480,1405,1230,130
21-04-2022,PMKVY 2.0,CSSM,STT,Maharashtra,Washim,90,73,49,44,22
21-04-2022,PMKVY 2.0,CSCM,STT,Maharashtra,Washim,2143,1985,1795,1408,915
21-04-2022,PMKVY 2.0,CSSM,STT,Maharashtra,Yavatmal,2799,2790,2664,2217,519
21-04-2022,PMKVY 2.0,CSCM,STT,Maharashtra,Yavatmal,2860,2800,2736,2289,1596
21-04-2022,PMKVY 3.0,CSSM,RPL,Maharashtra,Ahmednagar,420,420,333,320,0
21-04-2022,PMKVY 3.0,CSCM,RPL,Maharashtra,Ahmednagar,234,234,189,179,0
21-04-2022,PMKVY 3.0,CSSM,RPL,Maharashtra,Akola,106,106,29,26,0
21-04-2022,PMKVY 3.0,CSCM,RPL,Maharashtra,Akola,310,310,162,141,0
21-04-2022,PMKVY 3.0,CSSM,RPL,Maharashtra,Amravati,108,108,80,58,0
21-04-2022,PMKVY 3.0,CSCM,RPL,Maharashtra,Amravati,122,122,51,21,0
21-04-2022,PMKVY 3.0,CSSM,RPL,Maharashtra,Aurangabad,259,259,138,128,0
21-04-2022,PMKVY 3.0,CSCM,RPL,Maharashtra,Aurangabad,423,423,249,234,0
21-04-2022,PMKVY 3.0,CSSM,RPL,Maharashtra,Beed,90,90,78,74,0
21-04-2022,PMKVY 3.0,CSCM,RPL,Maharashtra,Beed,241,241,218,195,0
21-04-2022,PMKVY 3.0,CSCM,RPL,Maharashtra,Bhandara,205,205,204,204,0
21-04-2022,PMKVY 3.0,CSSM,RPL,Maharashtra,Bhandara,273,272,215,196,0
21-04-2022,PMKVY 3.0,CSSM,RPL,Maharashtra,Buldhana,139,139,137,137,0
21-04-2022,PMKVY 3.0,CSCM,RPL,Maharashtra,Buldhana,201,201,184,22,0
21-04-2022,PMKVY 3.0,CSCM,RPL,Maharashtra,Chandrapur,85,85,82,82,0
21-04-2022,PMKVY 3.0,CSSM,RPL,Maharashtra,Chandrapur,104,104,58,54,0
21-04-2022,PMKVY 3.0,CSSM,RPL,Maharashtra,Dhule,120,120,112,97,0
21-04-2022,PMKVY 3.0,CSCM,RPL,Maharashtra,Dhule,32,32,13,12,0
21-04-2022,PMKVY 3.0,CSSM,RPL,Maharashtra,Gadchiroli,59,56,39,36,0
21-04-2022,PMKVY 3.0,CSCM,RPL,Maharashtra,Gadchiroli,2249,2249,2242,2241,0
21-04-2022,PMKVY 3.0,CSCM,RPL,Maharashtra,Gondia,70,70,70,70,0
21-04-2022,PMKVY 3.0,CSSM,RPL,Maharashtra,Gondia,150,100,51,31,0
21-04-2022,PMKVY 3.0,CSCM,RPL,Maharashtra,Hingoli,244,225,147,101,0
21-04-2022,PMKVY 3.0,CSSM,RPL,Maharashtra,Hingoli,95,95,65,59,0
21-04-2022,PMKVY 3.0,CSSM,RPL,Maharashtra,Jalgaon,151,151,147,128,0
21-04-2022,PMKVY 3.0,CSCM,RPL,Maharashtra,Jalgaon,204,204,196,164,0
21-04-2022,PMKVY 3.0,CSCM,RPL,Maharashtra,Jalna,280,280,122,94,0
21-04-2022,PMKVY 3.0,CSSM,RPL,Maharashtra,Jalna,119,119,115,58,0
21-04-2022,PMKVY 3.0,CSSM,RPL,Maharashtra,Kolhapur,270,270,266,258,0
21-04-2022,PMKVY 3.0,CSCM,RPL,Maharashtra,Kolhapur,222,222,130,91,0
21-04-2022,PMKVY 3.0,CSSM,RPL,Maharashtra,Latur,81,81,30,27,0
21-04-2022,PMKVY 3.0,CSCM,RPL,Maharashtra,Latur,279,279,184,134,0
21-04-2022,PMKVY 3.0,CSCM,RPL,Maharashtra,Mumbai,1932,1899,1191,1138,0
21-04-2022,PMKVY 3.0,CSSM,RPL,Maharashtra,Mumbai,417,417,53,46,0
21-04-2022,PMKVY 3.0,CSCM,RPL,Maharashtra,Mumbai Suburban,735,735,629,331,0
21-04-2022,PMKVY 3.0,CSSM,RPL,Maharashtra,Mumbai Suburban,420,420,209,194,0
21-04-2022,PMKVY 3.0,CSCM,RPL,Maharashtra,Nagpur,450,439,374,313,0
21-04-2022,PMKVY 3.0,CSSM,RPL,Maharashtra,Nagpur,233,233,158,145,0
21-04-2022,PMKVY 3.0,CSSM,RPL,Maharashtra,Nanded,165,165,161,142,0
21-04-2022,PMKVY 3.0,CSCM,RPL,Maharashtra,Nanded,517,517,370,327,0
21-04-2022,PMKVY 3.0,CSSM,RPL,Maharashtra,Nandurbar,99,99,43,36,0
21-04-2022,PMKVY 3.0,CSCM,RPL,Maharashtra,Nashik,591,561,358,331,0
21-04-2022,PMKVY 3.0,CSSM,RPL,Maharashtra,Nashik,296,296,118,115,0
21-04-2022,PMKVY 3.0,CSSM,RPL,Maharashtra,Osmanabad,110,110,109,89,0
21-04-2022,PMKVY 3.0,CSCM,RPL,Maharashtra,Osmanabad,1,1,0,0,0
21-04-2022,PMKVY 3.0,CSCM,RPL,Maharashtra,Palghar,529,529,518,497,0
21-04-2022,PMKVY 3.0,CSSM,RPL,Maharashtra,Palghar,29,29,0,0,0
21-04-2022,PMKVY 3.0,CSCM,RPL,Maharashtra,Parbhani,250,250,202,149,0
21-04-2022,PMKVY 3.0,CSSM,RPL,Maharashtra,Parbhani,106,106,101,98,0
21-04-2022,PMKVY 3.0,CSSM,RPL,Maharashtra,Pune,845,845,548,452,0
21-04-2022,PMKVY 3.0,CSCM,RPL,Maharashtra,Pune,1622,1622,1031,878,0
21-04-2022,PMKVY 3.0,CSSM,RPL,Maharashtra,Raigad,86,86,66,45,0
21-04-2022,PMKVY 3.0,CSCM,RPL,Maharashtra,Raigad,181,181,102,93,0
21-04-2022,PMKVY 3.0,CSSM,RPL,Maharashtra,Ratnagiri,216,166,121,68,0
21-04-2022,PMKVY 3.0,CSCM,RPL,Maharashtra,Ratnagiri,30,30,17,17,0
21-04-2022,PMKVY 3.0,CSSM,RPL,Maharashtra,Sangli,200,200,180,173,0
21-04-2022,PMKVY 3.0,CSCM,RPL,Maharashtra,Sangli,181,181,127,111,0
21-04-2022,PMKVY 3.0,CSSM,RPL,Maharashtra,Satara,200,200,194,187,0
21-04-2022,PMKVY 3.0,CSCM,RPL,Maharashtra,Satara,282,282,227,158,0
21-04-2022,PMKVY 3.0,CSSM,RPL,Maharashtra,Sindhudurg,88,88,59,31,0
21-04-2022,PMKVY 3.0,CSCM,RPL,Maharashtra,Sindhudurg,1,1,0,0,0
21-04-2022,PMKVY 3.0,CSCM,RPL,Maharashtra,Solapur,173,165,118,24,0
21-04-2022,PMKVY 3.0,CSSM,RPL,Maharashtra,Solapur,282,282,249,219,0
21-04-2022,PMKVY 3.0,CSSM,RPL,Maharashtra,Thane,402,401,126,91,0
21-04-2022,PMKVY 3.0,CSCM,RPL,Maharashtra,Thane,937,937,648,570,0
21-04-2022,PMKVY 3.0,CSCM,RPL,Maharashtra,Wardha,666,666,597,585,0
21-04-2022,PMKVY 3.0,CSSM,RPL,Maharashtra,Wardha,128,128,0,0,0
21-04-2022,PMKVY 3.0,CSCM,RPL,Maharashtra,Washim,275,275,140,99,0
21-04-2022,PMKVY 3.0,CSSM,RPL,Maharashtra,Washim,96,96,78,76,0
21-04-2022,PMKVY 3.0,CSCM,RPL,Maharashtra,Yavatmal,680,680,508,433,0
21-04-2022,PMKVY 3.0,CSSM,RPL,Maharashtra,Yavatmal,149,149,144,129,0
21-04-2022,PMKVY 3.0,CSCM,SP,Maharashtra,Akola,240,240,171,41,0
21-04-2022,PMKVY 3.0,CSCM,SP,Maharashtra,Aurangabad,340,340,301,77,0
21-04-2022,PMKVY 3.0,CSCM,SP,Maharashtra,Dhule,60,60,52,23,0
21-04-2022,PMKVY 3.0,CSSM,SP,Maharashtra,Gondia,25,25,24,0,0
21-04-2022,PMKVY 3.0,CSCM,SP,Maharashtra,Gondia,112,100,100,67,0
21-04-2022,PMKVY 3.0,CSCM,SP,Maharashtra,Jalgaon,220,220,192,89,0
21-04-2022,PMKVY 3.0,CSSM,SP,Maharashtra,Kolhapur,120,120,113,0,0
21-04-2022,PMKVY 3.0,CSSM,SP,Maharashtra,Latur,20,20,0,0,0
21-04-2022,PMKVY 3.0,CSCM,SP,Maharashtra,Mumbai,114,112,100,0,0
21-04-2022,PMKVY 3.0,CSCM,SP,Maharashtra,Mumbai Suburban,60,50,49,26,0
21-04-2022,PMKVY 3.0,CSSM,SP,Maharashtra,Mumbai Suburban,20,18,16,0,0
21-04-2022,PMKVY 3.0,CSCM,SP,Maharashtra,Nagpur,219,173,166,72,0
21-04-2022,PMKVY 3.0,CSCM,SP,Maharashtra,Nashik,280,280,280,149,0
21-04-2022,PMKVY 3.0,CSCM,SP,Maharashtra,Pune,357,164,53,21,0
21-04-2022,PMKVY 3.0,CSCM,SP,Maharashtra,Raigad,55,0,0,0,0
21-04-2022,PMKVY 3.0,CSSM,SP,Maharashtra,Ratnagiri,40,40,40,0,0
21-04-2022,PMKVY 3.0,CSCM,SP,Maharashtra,Thane,100,97,97,12,0
21-04-2022,PMKVY 3.0,CSSM,SP,Maharashtra,Thane,60,60,48,0,0
21-04-2022,PMKVY 3.0,CSCM,SP,Maharashtra,Wardha,280,280,263,74,0
21-04-2022,PMKVY 3.0,CSSM,SP,Maharashtra,Yavatmal,20,20,14,0,0
21-04-2022,PMKVY 3.0,CSSM,STT,Maharashtra,Ahmednagar,255,255,204,202,0
21-04-2022,PMKVY 3.0,CSCM,STT,Maharashtra,Ahmednagar,1749,803,315,225,74
21-04-2022,PMKVY 3.0,CSCM,STT,Maharashtra,Akola,500,230,92,88,62
21-04-2022,PMKVY 3.0,CSSM,STT,Maharashtra,Akola,74,74,65,39,0
21-04-2022,PMKVY 3.0,CSCM,STT,Maharashtra,Amravati,640,330,114,106,49
21-04-2022,PMKVY 3.0,CSSM,STT,Maharashtra,Amravati,156,156,119,112,0
21-04-2022,PMKVY 3.0,CSSM,STT,Maharashtra,Aurangabad,224,224,80,56,0
21-04-2022,PMKVY 3.0,CSCM,STT,Maharashtra,Aurangabad,899,321,114,100,31
21-04-2022,PMKVY 3.0,CSCM,STT,Maharashtra,Beed,533,170,115,106,93
21-04-2022,PMKVY 3.0,CSSM,STT,Maharashtra,Beed,153,153,46,30,0
21-04-2022,PMKVY 3.0,CSCM,STT,Maharashtra,Bhandara,480,240,177,158,0
21-04-2022,PMKVY 3.0,CSSM,STT,Maharashtra,Bhandara,112,112,68,68,0
21-04-2022,PMKVY 3.0,CSSM,STT,Maharashtra,Buldhana,167,167,106,84,0
21-04-2022,PMKVY 3.0,CSCM,STT,Maharashtra,Buldhana,620,340,125,112,53
21-04-2022,PMKVY 3.0,CSCM,STT,Maharashtra,Chandrapur,663,220,115,97,12
21-04-2022,PMKVY 3.0,CSSM,STT,Maharashtra,Chandrapur,172,171,109,102,0
21-04-2022,PMKVY 3.0,CSSM,STT,Maharashtra,Dhule,167,137,124,107,0
21-04-2022,PMKVY 3.0,CSCM,STT,Maharashtra,Dhule,600,320,143,120,12
21-04-2022,PMKVY 3.0,CSSM,STT,Maharashtra,Gadchiroli,102,102,51,51,0
21-04-2022,PMKVY 3.0,CSCM,STT,Maharashtra,Gadchiroli,744,304,115,104,13
21-04-2022,PMKVY 3.0,CSCM,STT,Maharashtra,Gondia,732,305,186,168,14
21-04-2022,PMKVY 3.0,CSSM,STT,Maharashtra,Gondia,90,90,90,85,0
21-04-2022,PMKVY 3.0,CSCM,STT,Maharashtra,Hingoli,720,120,117,109,0
21-04-2022,PMKVY 3.0,CSSM,STT,Maharashtra,Hingoli,123,93,0,0,0
21-04-2022,PMKVY 3.0,CSCM,STT,Maharashtra,Jalgaon,1268,505,226,205,0
21-04-2022,PMKVY 3.0,CSSM,STT,Maharashtra,Jalgaon,149,149,83,22,0
21-04-2022,PMKVY 3.0,CSSM,STT,Maharashtra,Jalna,116,116,20,14,0
21-04-2022,PMKVY 3.0,CSCM,STT,Maharashtra,Jalna,509,160,77,40,27
21-04-2022,PMKVY 3.0,CSCM,STT,Maharashtra,Kolhapur,231,167,119,92,27
21-04-2022,PMKVY 3.0,CSSM,STT,Maharashtra,Kolhapur,252,252,197,182,0
21-04-2022,PMKVY 3.0,CSCM,STT,Maharashtra,Latur,670,414,277,241,0
21-04-2022,PMKVY 3.0,CSSM,STT,Maharashtra,Latur,164,134,105,72,21
21-04-2022,PMKVY 3.0,CSSM,STT,Maharashtra,Mumbai,251,251,84,74,0
21-04-2022,PMKVY 3.0,CSCM,STT,Maharashtra,Mumbai,389,149,0,0,0
21-04-2022,PMKVY 3.0,CSSM,STT,Maharashtra,Mumbai Suburban,270,210,186,115,39
21-04-2022,PMKVY 3.0,CSCM,STT,Maharashtra,Mumbai Suburban,134,14,0,0,0
21-04-2022,PMKVY 3.0,CSCM,STT,Maharashtra,Nagpur,1440,637,212,134,63
21-04-2022,PMKVY 3.0,CSSM,STT,Maharashtra,Nagpur,240,220,129,124,0
21-04-2022,PMKVY 3.0,CSCM,STT,Maharashtra,Nanded,273,220,105,96,0
21-04-2022,PMKVY 3.0,CSSM,STT,Maharashtra,Nanded,165,135,121,77,0
21-04-2022,PMKVY 3.0,CSSM,STT,Maharashtra,Nandurbar,130,99,98,87,0
21-04-2022,PMKVY 3.0,CSCM,STT,Maharashtra,Nandurbar,744,509,197,158,0
21-04-2022,PMKVY 3.0,CSCM,STT,Maharashtra,Nashik,1526,454,192,176,7
21-04-2022,PMKVY 3.0,CSSM,STT,Maharashtra,Nashik,323,323,224,207,0
21-04-2022,PMKVY 3.0,CSSM,STT,Maharashtra,Osmanabad,144,114,24,21,0
21-04-2022,PMKVY 3.0,CSCM,STT,Maharashtra,Osmanabad,630,354,144,102,2
21-04-2022,PMKVY 3.0,CSCM,STT,Maharashtra,Palghar,170,159,109,101,0
21-04-2022,PMKVY 3.0,CSSM,STT,Maharashtra,Palghar,24,24,0,0,0
21-04-2022,PMKVY 3.0,CSCM,STT,Maharashtra,Parbhani,687,167,110,88,0
21-04-2022,PMKVY 3.0,CSSM,STT,Maharashtra,Parbhani,134,134,0,0,0
21-04-2022,PMKVY 3.0,CSCM,STT,Maharashtra,Pune,1343,588,266,185,0
21-04-2022,PMKVY 3.0,CSSM,STT,Maharashtra,Pune,788,788,440,389,0
21-04-2022,PMKVY 3.0,CSCM,STT,Maharashtra,Raigad,953,221,190,151,0
21-04-2022,PMKVY 3.0,CSSM,STT,Maharashtra,Raigad,157,157,98,76,0
21-04-2022,PMKVY 3.0,CSCM,STT,Maharashtra,Ratnagiri,26,26,0,0,0
21-04-2022,PMKVY 3.0,CSSM,STT,Maharashtra,Ratnagiri,90,90,85,85,0
21-04-2022,PMKVY 3.0,CSSM,STT,Maharashtra,Sangli,207,207,172,160,5
21-04-2022,PMKVY 3.0,CSCM,STT,Maharashtra,Sangli,622,341,119,82,12
21-04-2022,PMKVY 3.0,CSSM,STT,Maharashtra,Satara,330,330,261,246,25
21-04-2022,PMKVY 3.0,CSCM,STT,Maharashtra,Satara,512,205,105,92,39
21-04-2022,PMKVY 3.0,CSSM,STT,Maharashtra,Sindhudurg,60,0,0,0,0
21-04-2022,PMKVY 3.0,CSSM,STT,Maharashtra,Solapur,307,307,256,199,41
21-04-2022,PMKVY 3.0,CSCM,STT,Maharashtra,Solapur,860,260,236,221,22
21-04-2022,PMKVY 3.0,CSSM,STT,Maharashtra,Thane,623,593,329,284,0
21-04-2022,PMKVY 3.0,CSCM,STT,Maharashtra,Thane,948,452,192,114,60
21-04-2022,PMKVY 3.0,CSCM,STT,Maharashtra,Wardha,666,186,104,97,69
21-04-2022,PMKVY 3.0,CSSM,STT,Maharashtra,Wardha,112,112,103,73,0
21-04-2022,PMKVY 3.0,CSSM,STT,Maharashtra,Washim,58,30,14,14,0
21-04-2022,PMKVY 3.0,CSCM,STT,Maharashtra,Washim,734,447,125,74,0
21-04-2022,PMKVY 3.0,CSSM,STT,Maharashtra,Yavatmal,177,177,25,25,0
21-04-2022,PMKVY 3.0,CSCM,STT,Maharashtra,Yavatmal,901,411,92,53,41
21-04-2022,PMKVY 2.0,CSCM,RPL,Manipur,Bishnupur,8065,7765,6376,6285,0
21-04-2022,PMKVY 2.0,CSCM,RPL,Manipur,Chandel,728,728,726,721,0
21-04-2022,PMKVY 2.0,CSCM,RPL,Manipur,Churachandpur,2073,1423,1399,1399,0
21-04-2022,PMKVY 2.0,CSCM,RPL,Manipur,Imphal East,10565,9015,7072,7015,0
21-04-2022,PMKVY 2.0,CSCM,RPL,Manipur,Imphal West,10835,9227,8108,8066,0
21-04-2022,PMKVY 2.0,CSCM,RPL,Manipur,Jiribam,995,995,934,897,0
21-04-2022,PMKVY 2.0,CSCM,RPL,Manipur,Kakching,874,874,720,710,0
21-04-2022,PMKVY 2.0,CSCM,RPL,Manipur,Kangpokpi,13,13,13,13,0
21-04-2022,PMKVY 2.0,CSCM,RPL,Manipur,Pherzawl,23,23,23,23,0
21-04-2022,PMKVY 2.0,CSCM,RPL,Manipur,Senapati,435,435,414,412,0
21-04-2022,PMKVY 2.0,CSCM,RPL,Manipur,Tamenglong,898,898,884,884,0
21-04-2022,PMKVY 2.0,CSCM,RPL,Manipur,Thoubal,5189,5189,4758,4716,0
21-04-2022,PMKVY 2.0,CSCM,RPL,Manipur,Ukhrul,817,667,662,660,0
21-04-2022,PMKVY 2.0,CSCM,SP,Manipur,Bishnupur,689,681,666,543,104
21-04-2022,PMKVY 2.0,CSCM,SP,Manipur,Imphal West,28,28,26,17,0
21-04-2022,PMKVY 2.0,CSCM,SP,Manipur,Kangpokpi,60,60,55,53,0
21-04-2022,PMKVY 2.0,CSCM,SP,Manipur,Senapati,101,101,75,70,0
21-04-2022,PMKVY 2.0,CSCM,SP,Manipur,Thoubal,120,120,119,91,0
21-04-2022,PMKVY 2.0,CSCM,STT,Manipur,Bishnupur,1898,1881,1806,1672,356
21-04-2022,PMKVY 2.0,CSSM,STT,Manipur,Bishnupur,746,746,740,625,484
21-04-2022,PMKVY 2.0,CSCM,STT,Manipur,Chandel,4224,4128,3965,3485,1130
21-04-2022,PMKVY 2.0,CSSM,STT,Manipur,Chandel,1259,1259,1255,1170,506
21-04-2022,PMKVY 2.0,CSCM,STT,Manipur,Churachandpur,1372,1274,1031,852,440
21-04-2022,PMKVY 2.0,CSSM,STT,Manipur,Churachandpur,1851,1850,1525,1295,620
21-04-2022,PMKVY 2.0,CSSM,STT,Manipur,Imphal East,4809,4809,4494,4265,2695
21-04-2022,PMKVY 2.0,CSCM,STT,Manipur,Imphal East,508,508,498,467,259
21-04-2022,PMKVY 2.0,CSSM,STT,Manipur,Imphal West,9698,9690,9117,8500,4791
21-04-2022,PMKVY 2.0,CSCM,STT,Manipur,Imphal West,6058,6014,5366,4452,1019
21-04-2022,PMKVY 2.0,CSCM,STT,Manipur,Jiribam,510,484,422,387,287
21-04-2022,PMKVY 2.0,CSSM,STT,Manipur,Jiribam,100,100,45,43,0
21-04-2022,PMKVY 2.0,CSSM,STT,Manipur,Kakching,240,240,180,175,84
21-04-2022,PMKVY 2.0,CSCM,STT,Manipur,Kakching,1228,1187,1166,1129,527
21-04-2022,PMKVY 2.0,CSCM,STT,Manipur,Kamjong,240,240,233,220,181
21-04-2022,PMKVY 2.0,CSCM,STT,Manipur,Kangpokpi,120,120,116,107,0
21-04-2022,PMKVY 2.0,CSCM,STT,Manipur,Noney,329,316,245,196,118
21-04-2022,PMKVY 2.0,CSCM,STT,Manipur,Pherzawl,300,300,252,216,42
21-04-2022,PMKVY 2.0,CSSM,STT,Manipur,Senapati,420,420,415,393,0
21-04-2022,PMKVY 2.0,CSCM,STT,Manipur,Senapati,135,125,111,75,66
21-04-2022,PMKVY 2.0,CSCM,STT,Manipur,Tamenglong,150,148,148,129,41
21-04-2022,PMKVY 2.0,CSSM,STT,Manipur,Tamenglong,60,60,60,60,60
21-04-2022,PMKVY 2.0,CSCM,STT,Manipur,Tengnoupal,1448,1444,1424,1287,137
21-04-2022,PMKVY 2.0,CSCM,STT,Manipur,Thoubal,2550,2550,2532,2112,565
21-04-2022,PMKVY 2.0,CSSM,STT,Manipur,Thoubal,1268,1268,1245,1153,463
21-04-2022,PMKVY 2.0,CSSM,STT,Manipur,Ukhrul,1006,1006,961,854,80
21-04-2022,PMKVY 2.0,CSCM,STT,Manipur,Ukhrul,330,90,0,0,0
21-04-2022,PMKVY 3.0,CSSM,RPL,Manipur,Bishnupur,170,170,123,123,0
21-04-2022,PMKVY 3.0,CSCM,RPL,Manipur,Bishnupur,200,200,52,21,0
21-04-2022,PMKVY 3.0,CSSM,RPL,Manipur,Chandel,195,195,173,166,0
21-04-2022,PMKVY 3.0,CSCM,RPL,Manipur,Chandel,1,1,0,0,0
21-04-2022,PMKVY 3.0,CSCM,RPL,Manipur,Churachandpur,109,109,0,0,0
21-04-2022,PMKVY 3.0,CSSM,RPL,Manipur,Churachandpur,171,171,70,68,0
21-04-2022,PMKVY 3.0,CSSM,RPL,Manipur,Imphal East,134,134,82,80,0
21-04-2022,PMKVY 3.0,CSCM,RPL,Manipur,Imphal West,226,226,199,0,0
21-04-2022,PMKVY 3.0,CSSM,RPL,Manipur,Imphal West,183,183,100,100,0
21-04-2022,PMKVY 3.0,CSCM,RPL,Manipur,Jiribam,1,1,0,0,0
21-04-2022,PMKVY 3.0,CSSM,RPL,Manipur,Jiribam,185,185,162,141,0
21-04-2022,PMKVY 3.0,CSSM,RPL,Manipur,Kakching,178,178,134,133,0
21-04-2022,PMKVY 3.0,CSCM,RPL,Manipur,Kakching,230,200,50,48,0
21-04-2022,PMKVY 3.0,CSSM,RPL,Manipur,Kamjong,200,200,188,179,0
21-04-2022,PMKVY 3.0,CSSM,RPL,Manipur,Kangpokpi,200,200,166,161,0
21-04-2022,PMKVY 3.0,CSSM,RPL,Manipur,Noney,100,100,75,71,0
21-04-2022,PMKVY 3.0,CSSM,RPL,Manipur,Senapati,170,170,148,144,0
21-04-2022,PMKVY 3.0,CSSM,RPL,Manipur,Tamenglong,200,200,127,111,0
21-04-2022,PMKVY 3.0,CSSM,RPL,Manipur,Tengnoupal,145,145,88,85,0
21-04-2022,PMKVY 3.0,CSCM,RPL,Manipur,Tengnoupal,1,1,0,0,0
21-04-2022,PMKVY 3.0,CSSM,RPL,Manipur,Thoubal,200,200,118,111,0
21-04-2022,PMKVY 3.0,CSCM,RPL,Manipur,Thoubal,250,250,203,0,0
21-04-2022,PMKVY 3.0,CSSM,RPL,Manipur,Ukhrul,140,140,131,118,0
21-04-2022,PMKVY 3.0,CSCM,SP,Manipur,Bishnupur,360,319,197,0,0
21-04-2022,PMKVY 3.0,CSCM,SP,Manipur,Churachandpur,300,300,259,33,0
21-04-2022,PMKVY 3.0,CSCM,SP,Manipur,Imphal East,320,319,257,0,0
21-04-2022,PMKVY 3.0,CSCM,SP,Manipur,Imphal West,60,48,37,0,0
21-04-2022,PMKVY 3.0,CSCM,SP,Manipur,Jiribam,80,80,48,9,0
21-04-2022,PMKVY 3.0,CSCM,SP,Manipur,Noney,80,80,75,0,0
21-04-2022,PMKVY 3.0,CSSM,STT,Manipur,Bishnupur,90,90,59,53,0
21-04-2022,PMKVY 3.0,CSCM,STT,Manipur,Bishnupur,519,159,82,50,0
21-04-2022,PMKVY 3.0,CSCM,STT,Manipur,Chandel,150,150,0,0,0
21-04-2022,PMKVY 3.0,CSSM,STT,Manipur,Chandel,30,30,30,27,0
21-04-2022,PMKVY 3.0,CSCM,STT,Manipur,Churachandpur,400,160,156,148,0
21-04-2022,PMKVY 3.0,CSSM,STT,Manipur,Churachandpur,115,115,45,39,0
21-04-2022,PMKVY 3.0,CSSM,STT,Manipur,Imphal East,90,78,63,58,0
21-04-2022,PMKVY 3.0,CSSM,STT,Manipur,Imphal West,30,30,29,25,0
21-04-2022,PMKVY 3.0,CSCM,STT,Manipur,Imphal West,509,120,28,6,0
21-04-2022,PMKVY 3.0,CSSM,STT,Manipur,Jiribam,82,82,28,24,0
21-04-2022,PMKVY 3.0,CSCM,STT,Manipur,Jiribam,200,120,44,29,0
21-04-2022,PMKVY 3.0,CSSM,STT,Manipur,Kakching,37,37,0,0,0
21-04-2022,PMKVY 3.0,CSCM,STT,Manipur,Kakching,120,120,81,21,0
21-04-2022,PMKVY 3.0,CSCM,STT,Manipur,Kamjong,120,120,90,88,0
21-04-2022,PMKVY 3.0,CSCM,STT,Manipur,Kangpokpi,420,120,57,29,0
21-04-2022,PMKVY 3.0,CSSM,STT,Manipur,Noney,30,30,30,30,0
21-04-2022,PMKVY 3.0,CSCM,STT,Manipur,Noney,280,120,120,108,0
21-04-2022,PMKVY 3.0,CSCM,STT,Manipur,Pherzawl,120,120,60,58,0
21-04-2022,PMKVY 3.0,CSCM,STT,Manipur,Senapati,145,63,58,56,0
21-04-2022,PMKVY 3.0,CSCM,STT,Manipur,Tengnoupal,360,120,90,86,0
21-04-2022,PMKVY 3.0,CSSM,STT,Manipur,Thoubal,60,60,60,59,0
21-04-2022,PMKVY 3.0,CSCM,STT,Manipur,Thoubal,353,169,106,0,0
21-04-2022,PMKVY 3.0,CSCM,STT,Manipur,Ukhrul,488,168,114,84,0
21-04-2022,PMKVY 3.0,CSSM,STT,Manipur,Ukhrul,113,113,101,92,0
21-04-2022,PMKVY 2.0,CSCM,RPL,Meghalaya,East Garo Hills,1260,1260,1258,1254,0
21-04-2022,PMKVY 2.0,CSCM,RPL,Meghalaya,East Khasi Hills,8215,8093,7995,7071,0
21-04-2022,PMKVY 2.0,CSCM,RPL,Meghalaya,North Garo Hills,61,61,61,61,0
21-04-2022,PMKVY 2.0,CSCM,RPL,Meghalaya,Ri Bhoi,110,110,44,38,0
21-04-2022,PMKVY 2.0,CSCM,RPL,Meghalaya,South Garo Hills,72,72,72,72,0
21-04-2022,PMKVY 2.0,CSCM,RPL,Meghalaya,South West Garo Hills,200,200,197,192,0
21-04-2022,PMKVY 2.0,CSCM,RPL,Meghalaya,West Garo Hills,3526,3396,3324,3250,0
21-04-2022,PMKVY 2.0,CSCM,SP,Meghalaya,East Jaintia Hills,120,120,120,104,72
21-04-2022,PMKVY 2.0,CSCM,SP,Meghalaya,East Khasi Hills,80,80,79,78,64
21-04-2022,PMKVY 2.0,CSCM,SP,Meghalaya,North Garo Hills,60,60,60,50,39
21-04-2022,PMKVY 2.0,CSCM,SP,Meghalaya,South Garo Hills,30,30,24,24,24
21-04-2022,PMKVY 2.0,CSSM,STT,Meghalaya,East Garo Hills,1726,1726,1570,1132,926
21-04-2022,PMKVY 2.0,CSCM,STT,Meghalaya,East Garo Hills,1643,1523,1389,1273,670
21-04-2022,PMKVY 2.0,CSCM,STT,Meghalaya,East Jaintia Hills,218,180,178,174,156
21-04-2022,PMKVY 2.0,CSSM,STT,Meghalaya,East Jaintia Hills,240,240,240,234,0
21-04-2022,PMKVY 2.0,CSSM,STT,Meghalaya,East Khasi Hills,5899,5869,5062,4494,2075
21-04-2022,PMKVY 2.0,CSCM,STT,Meghalaya,East Khasi Hills,2077,2020,1744,1544,849
21-04-2022,PMKVY 2.0,CSCM,STT,Meghalaya,North Garo Hills,1520,1520,1467,1303,709
21-04-2022,PMKVY 2.0,CSSM,STT,Meghalaya,North Garo Hills,598,598,543,466,368
21-04-2022,PMKVY 2.0,CSSM,STT,Meghalaya,Ri Bhoi,1903,1871,1619,1292,327
21-04-2022,PMKVY 2.0,CSCM,STT,Meghalaya,Ri Bhoi,3549,3549,3414,3111,1708
21-04-2022,PMKVY 2.0,CSSM,STT,Meghalaya,South West Garo Hills,729,729,729,660,445
21-04-2022,PMKVY 2.0,CSCM,STT,Meghalaya,South West Garo Hills,240,239,239,237,187
21-04-2022,PMKVY 2.0,CSCM,STT,Meghalaya,South West Khasi Hills,607,480,471,428,79
21-04-2022,PMKVY 2.0,CSSM,STT,Meghalaya,South West Khasi Hills,283,283,238,218,168
21-04-2022,PMKVY 2.0,CSCM,STT,Meghalaya,West Garo Hills,3365,3256,3009,2848,1200
21-04-2022,PMKVY 2.0,CSSM,STT,Meghalaya,West Garo Hills,2097,2066,2024,1617,1195
21-04-2022,PMKVY 2.0,CSSM,STT,Meghalaya,West Jaintia Hills,92,92,92,82,28
21-04-2022,PMKVY 2.0,CSCM,STT,Meghalaya,West Jaintia Hills,388,388,379,323,85
21-04-2022,PMKVY 2.0,CSCM,STT,Meghalaya,West Khasi Hills,754,664,645,537,0
21-04-2022,PMKVY 2.0,CSSM,STT,Meghalaya,West Khasi Hills,580,580,577,499,244
21-04-2022,PMKVY 3.0,CSSM,RPL,Meghalaya,East Garo Hills,200,200,176,163,0
21-04-2022,PMKVY 3.0,CSSM,RPL,Meghalaya,East Jaintia Hills,380,380,300,213,0
21-04-2022,PMKVY 3.0,CSCM,RPL,Meghalaya,East Khasi Hills,2,2,0,0,0
21-04-2022,PMKVY 3.0,CSSM,RPL,Meghalaya,East Khasi Hills,200,200,146,131,0
21-04-2022,PMKVY 3.0,CSSM,RPL,Meghalaya,North Garo Hills,200,200,178,170,0
21-04-2022,PMKVY 3.0,CSCM,RPL,Meghalaya,Ri Bhoi,60,60,60,60,0
21-04-2022,PMKVY 3.0,CSSM,RPL,Meghalaya,Ri Bhoi,325,325,161,125,0
21-04-2022,PMKVY 3.0,CSSM,RPL,Meghalaya,South Garo Hills,200,200,199,198,0
21-04-2022,PMKVY 3.0,CSSM,RPL,Meghalaya,South West Khasi Hills,200,200,179,177,0
21-04-2022,PMKVY 3.0,CSSM,RPL,Meghalaya,West Garo Hills,200,200,97,97,0
21-04-2022,PMKVY 3.0,CSSM,RPL,Meghalaya,West Jaintia Hills,125,125,0,0,0
21-04-2022,PMKVY 3.0,CSSM,RPL,Meghalaya,West Khasi Hills,130,130,94,94,0
21-04-2022,PMKVY 3.0,CSSM,SP,Meghalaya,North Garo Hills,40,40,36,0,0
21-04-2022,PMKVY 3.0,CSCM,SP,Meghalaya,West Garo Hills,313,293,186,0,0
21-04-2022,PMKVY 3.0,CSSM,STT,Meghalaya,East Garo Hills,60,60,29,28,0
21-04-2022,PMKVY 3.0,CSCM,STT,Meghalaya,East Jaintia Hills,120,30,0,0,0
21-04-2022,PMKVY 3.0,CSCM,STT,Meghalaya,East Khasi Hills,646,119,69,66,0
21-04-2022,PMKVY 3.0,CSSM,STT,Meghalaya,East Khasi Hills,60,60,52,30,0
21-04-2022,PMKVY 3.0,CSSM,STT,Meghalaya,North Garo Hills,60,60,49,48,0
21-04-2022,PMKVY 3.0,CSCM,STT,Meghalaya,Ri Bhoi,210,150,119,112,0
21-04-2022,PMKVY 3.0,CSSM,STT,Meghalaya,Ri Bhoi,82,82,28,26,0
21-04-2022,PMKVY 3.0,CSCM,STT,Meghalaya,South Garo Hills,440,0,0,0,0
21-04-2022,PMKVY 3.0,CSCM,STT,Meghalaya,South West Garo Hills,15,0,0,0,0
21-04-2022,PMKVY 3.0,CSSM,STT,Meghalaya,South West Khasi Hills,30,30,13,12,0
21-04-2022,PMKVY 3.0,CSCM,STT,Meghalaya,West Garo Hills,209,90,0,0,0
21-04-2022,PMKVY 3.0,CSSM,STT,Meghalaya,West Garo Hills,110,107,76,71,0
21-04-2022,PMKVY 3.0,CSSM,STT,Meghalaya,West Jaintia Hills,30,30,8,6,0
21-04-2022,PMKVY 3.0,CSCM,STT,Meghalaya,West Jaintia Hills,93,73,67,57,0
21-04-2022,PMKVY 3.0,CSCM,STT,Meghalaya,West Khasi Hills,169,150,30,22,0
21-04-2022,PMKVY 3.0,CSSM,STT,Meghalaya,West Khasi Hills,60,60,60,60,24
21-04-2022,PMKVY 2.0,CSCM,RPL,Mizoram,Aizawl,1531,1531,1317,1278,0
21-04-2022,PMKVY 2.0,CSCM,RPL,Mizoram,Kolasib,699,699,693,664,0
21-04-2022,PMKVY 2.0,CSCM,RPL,Mizoram,Lunglei,900,900,893,881,0
21-04-2022,PMKVY 2.0,CSCM,RPL,Mizoram,Mamit,300,300,292,291,0
21-04-2022,PMKVY 2.0,CSCM,SP,Mizoram,Aizawl,90,90,56,51,0
21-04-2022,PMKVY 2.0,CSCM,SP,Mizoram,Champhai,355,353,349,318,238
21-04-2022,PMKVY 2.0,CSCM,SP,Mizoram,Mamit,739,739,694,617,180
21-04-2022,PMKVY 2.0,CSCM,STT,Mizoram,Aizawl,1136,894,759,693,408
21-04-2022,PMKVY 2.0,CSSM,STT,Mizoram,Aizawl,9723,9702,8329,7492,4966
21-04-2022,PMKVY 2.0,CSSM,STT,Mizoram,Champhai,418,418,365,338,91
21-04-2022,PMKVY 2.0,CSCM,STT,Mizoram,Champhai,2304,1767,1589,1406,657
21-04-2022,PMKVY 2.0,CSCM,STT,Mizoram,Kolasib,1080,1080,1006,920,501
21-04-2022,PMKVY 2.0,CSSM,STT,Mizoram,Kolasib,120,120,118,112,92
21-04-2022,PMKVY 2.0,CSCM,STT,Mizoram,Lawngtlai,1594,1325,1142,856,237
21-04-2022,PMKVY 2.0,CSSM,STT,Mizoram,Lawngtlai,320,320,311,289,276
21-04-2022,PMKVY 2.0,CSCM,STT,Mizoram,Lunglei,713,664,656,573,0
21-04-2022,PMKVY 2.0,CSSM,STT,Mizoram,Lunglei,634,634,520,464,361
21-04-2022,PMKVY 2.0,CSCM,STT,Mizoram,Mamit,2100,1906,1751,1638,530
21-04-2022,PMKVY 2.0,CSSM,STT,Mizoram,Mamit,312,312,289,261,227
21-04-2022,PMKVY 2.0,CSCM,STT,Mizoram,Saiha,240,240,239,208,0
21-04-2022,PMKVY 2.0,CSSM,STT,Mizoram,Saiha,551,551,456,434,391
21-04-2022,PMKVY 2.0,CSSM,STT,Mizoram,Serchhip,418,418,387,362,136
21-04-2022,PMKVY 2.0,CSCM,STT,Mizoram,Serchhip,480,479,478,448,0
21-04-2022,PMKVY 3.0,CSSM,RPL,Mizoram,Aizawl,1288,1288,432,391,0
21-04-2022,PMKVY 3.0,CSCM,RPL,Mizoram,Aizawl,256,256,220,140,0
21-04-2022,PMKVY 3.0,CSCM,RPL,Mizoram,Kolasib,107,107,0,0,0
21-04-2022,PMKVY 3.0,CSSM,RPL,Mizoram,Kolasib,256,256,247,212,0
21-04-2022,PMKVY 3.0,CSSM,RPL,Mizoram,Mamit,120,120,90,84,0
21-04-2022,PMKVY 3.0,CSSM,RPL,Mizoram,Saiha,120,120,60,60,0
21-04-2022,PMKVY 3.0,CSSM,RPL,Mizoram,Serchhip,124,124,89,59,0
21-04-2022,PMKVY 3.0,CSCM,SP,Mizoram,Aizawl,1121,961,360,17,0
21-04-2022,PMKVY 3.0,CSCM,SP,Mizoram,Champhai,649,629,122,17,0
21-04-2022,PMKVY 3.0,CSCM,SP,Mizoram,Kolasib,55,15,0,0,0
21-04-2022,PMKVY 3.0,CSCM,SP,Mizoram,Lunglei,60,40,38,0,0
21-04-2022,PMKVY 3.0,CSSM,STT,Mizoram,Aizawl,257,257,151,137,26
21-04-2022,PMKVY 3.0,CSCM,STT,Mizoram,Aizawl,962,200,95,68,54
21-04-2022,PMKVY 3.0,CSCM,STT,Mizoram,Champhai,412,132,122,118,0
21-04-2022,PMKVY 3.0,CSCM,STT,Mizoram,Kolasib,297,147,93,56,0
21-04-2022,PMKVY 3.0,CSSM,STT,Mizoram,Kolasib,20,20,20,20,17
21-04-2022,PMKVY 3.0,CSSM,STT,Mizoram,Lawngtlai,20,20,0,0,0
21-04-2022,PMKVY 3.0,CSCM,STT,Mizoram,Lunglei,15,0,0,0,0
21-04-2022,PMKVY 3.0,CSSM,STT,Mizoram,Lunglei,30,30,23,8,8
21-04-2022,PMKVY 3.0,CSSM,STT,Mizoram,Mamit,30,30,30,30,30
21-04-2022,PMKVY 3.0,CSCM,STT,Mizoram,Saiha,105,0,0,0,0
21-04-2022,PMKVY 3.0,CSSM,STT,Mizoram,Saiha,60,60,60,56,47
21-04-2022,PMKVY 2.0,CSCM,RPL,Nagaland,Dimapur,11303,10946,10036,9930,0
21-04-2022,PMKVY 2.0,CSCM,RPL,Nagaland,Kohima,1822,1822,1207,1163,0
21-04-2022,PMKVY 2.0,CSCM,RPL,Nagaland,Zunheboto,198,198,141,141,0
21-04-2022,PMKVY 2.0,CSSM,SP,Nagaland,Dimapur,682,682,466,400,0
21-04-2022,PMKVY 2.0,CSCM,SP,Nagaland,Dimapur,133,91,65,15,0
21-04-2022,PMKVY 2.0,CSCM,SP,Nagaland,Kiphire,839,839,612,547,0
21-04-2022,PMKVY 2.0,CSCM,SP,Nagaland,Kohima,78,78,67,65,2
21-04-2022,PMKVY 2.0,CSSM,SP,Nagaland,Kohima,240,240,240,231,0
21-04-2022,PMKVY 2.0,CSCM,SP,Nagaland,Mokokchung,23,23,12,9,0
21-04-2022,PMKVY 2.0,CSSM,SP,Nagaland,Mokokchung,240,240,215,160,0
21-04-2022,PMKVY 2.0,CSSM,SP,Nagaland,Mon,600,600,480,453,0
21-04-2022,PMKVY 2.0,CSCM,SP,Nagaland,Mon,43,19,19,19,0
21-04-2022,PMKVY 2.0,CSSM,SP,Nagaland,Peren,240,240,237,226,0
21-04-2022,PMKVY 2.0,CSSM,SP,Nagaland,Tuensang,180,180,151,150,0
21-04-2022,PMKVY 2.0,CSCM,STT,Nagaland,Dimapur,4226,4192,3540,3200,1566
21-04-2022,PMKVY 2.0,CSSM,STT,Nagaland,Dimapur,8722,8701,8003,7158,3052
21-04-2022,PMKVY 2.0,CSCM,STT,Nagaland,Kohima,224,224,187,132,0
21-04-2022,PMKVY 2.0,CSSM,STT,Nagaland,Kohima,699,699,485,380,226
21-04-2022,PMKVY 2.0,CSCM,STT,Nagaland,Mokokchung,694,692,537,435,193
21-04-2022,PMKVY 2.0,CSSM,STT,Nagaland,Mokokchung,1017,982,966,922,0
21-04-2022,PMKVY 2.0,CSCM,STT,Nagaland,Peren,960,894,760,658,44
21-04-2022,PMKVY 2.0,CSSM,STT,Nagaland,Phek,900,900,606,482,295
21-04-2022,PMKVY 2.0,CSCM,STT,Nagaland,Phek,90,90,74,71,0
21-04-2022,PMKVY 2.0,CSSM,STT,Nagaland,Tuensang,60,60,59,58,0
21-04-2022,PMKVY 2.0,CSSM,STT,Nagaland,Wokha,520,520,514,476,234
21-04-2022,PMKVY 2.0,CSCM,STT,Nagaland,Wokha,863,828,713,614,71
21-04-2022,PMKVY 3.0,CSCM,RPL,Nagaland,Dimapur,3888,3888,2507,770,0
21-04-2022,PMKVY 3.0,CSCM,RPL,Nagaland,Kohima,1,1,0,0,0
21-04-2022,PMKVY 3.0,CSCM,RPL,Nagaland,Mokokchung,50,50,17,15,0
21-04-2022,PMKVY 3.0,CSCM,SP,Nagaland,Mon,234,234,179,0,0
21-04-2022,PMKVY 3.0,CSCM,SP,Nagaland,Tuensang,120,120,116,0,0
21-04-2022,PMKVY 3.0,CSCM,STT,Nagaland,Dimapur,954,139,111,109,62
21-04-2022,PMKVY 3.0,CSSM,STT,Nagaland,Dimapur,210,210,158,151,21
21-04-2022,PMKVY 3.0,CSCM,STT,Nagaland,Kohima,27,0,0,0,0
21-04-2022,PMKVY 3.0,CSSM,STT,Nagaland,Kohima,30,30,15,13,0
21-04-2022,PMKVY 3.0,CSCM,STT,Nagaland,Longleng,38,0,0,0,0
21-04-2022,PMKVY 3.0,CSCM,STT,Nagaland,Mokokchung,423,138,59,55,0
21-04-2022,PMKVY 3.0,CSCM,STT,Nagaland,Peren,144,0,0,0,0
21-04-2022,PMKVY 2.0,CSCM,RPL,Odisha,Anugul,13156,12388,11401,10424,0
21-04-2022,PMKVY 2.0,CSCM,RPL,Odisha,Balangir,4431,3876,3360,3032,0
21-04-2022,PMKVY 2.0,CSCM,RPL,Odisha,Baleshwar,15247,14893,13573,12633,0
21-04-2022,PMKVY 2.0,CSCM,RPL,Odisha,Bargarh,14771,14528,13586,12288,0
21-04-2022,PMKVY 2.0,CSCM,RPL,Odisha,Bhadrak,5546,5439,3961,3648,0
21-04-2022,PMKVY 2.0,CSCM,RPL,Odisha,Boudh,342,342,277,233,0
21-04-2022,PMKVY 2.0,CSCM,RPL,Odisha,Cuttack,48381,47673,40895,38788,0
21-04-2022,PMKVY 2.0,CSCM,RPL,Odisha,Deogarh,5212,5212,4596,4556,0
21-04-2022,PMKVY 2.0,CSCM,RPL,Odisha,Dhenkanal,14498,14050,13169,12580,0
21-04-2022,PMKVY 2.0,CSCM,RPL,Odisha,Gajapati,12153,11756,10032,8739,0
21-04-2022,PMKVY 2.0,CSCM,RPL,Odisha,Ganjam,11799,11413,9961,9130,0
21-04-2022,PMKVY 2.0,CSCM,RPL,Odisha,Jagatsinghapur,13479,13299,10310,9672,0
21-04-2022,PMKVY 2.0,CSCM,RPL,Odisha,Jajapur,16381,16101,11805,10607,0
21-04-2022,PMKVY 2.0,CSCM,RPL,Odisha,Jharsuguda,3073,2976,2568,2428,0
21-04-2022,PMKVY 2.0,CSCM,RPL,Odisha,Kalahandi,11131,10800,9427,8563,0
21-04-2022,PMKVY 2.0,CSCM,RPL,Odisha,Kandhamal,4018,3906,3283,2637,0
21-04-2022,PMKVY 2.0,CSCM,RPL,Odisha,Kendrapara,8806,8510,7004,6165,0
21-04-2022,PMKVY 2.0,CSCM,RPL,Odisha,Kendujhar,6117,6086,4330,4027,0
21-04-2022,PMKVY 2.0,CSCM,RPL,Odisha,Khordha,45933,44812,39944,38639,0
21-04-2022,PMKVY 2.0,CSCM,RPL,Odisha,Koraput,4716,4716,3700,3338,0
21-04-2022,PMKVY 2.0,CSCM,RPL,Odisha,Malkangiri,381,381,106,101,0
21-04-2022,PMKVY 2.0,CSCM,RPL,Odisha,Mayurbhanj,10178,9770,8710,7804,0
21-04-2022,PMKVY 2.0,CSCM,RPL,Odisha,Nabarangpur,4428,4220,3392,2875,0
21-04-2022,PMKVY 2.0,CSCM,RPL,Odisha,Nayagarh,11143,10977,8871,8476,0
21-04-2022,PMKVY 2.0,CSCM,RPL,Odisha,Nuapada,1619,1569,1419,1289,0
21-04-2022,PMKVY 2.0,CSCM,RPL,Odisha,Puri,29409,29010,26704,24582,0
21-04-2022,PMKVY 2.0,CSCM,RPL,Odisha,Rayagada,5960,5630,4327,3841,0
21-04-2022,PMKVY 2.0,CSCM,RPL,Odisha,Sambalpur,3979,3848,3146,3043,0
21-04-2022,PMKVY 2.0,CSCM,RPL,Odisha,Sonepur,2433,2383,2167,1923,0
21-04-2022,PMKVY 2.0,CSCM,RPL,Odisha,Sundargarh,6458,6428,5313,4978,0
21-04-2022,PMKVY 2.0,CSCM,SP,Odisha,Balangir,150,139,106,83,0
21-04-2022,PMKVY 2.0,CSCM,SP,Odisha,Baleshwar,347,336,304,261,0
21-04-2022,PMKVY 2.0,CSCM,SP,Odisha,Cuttack,2038,1785,1447,1212,593
21-04-2022,PMKVY 2.0,CSCM,SP,Odisha,Ganjam,43,43,42,35,31
21-04-2022,PMKVY 2.0,CSCM,SP,Odisha,Jajapur,334,299,298,257,22
21-04-2022,PMKVY 2.0,CSCM,SP,Odisha,Kandhamal,75,75,8,7,0
21-04-2022,PMKVY 2.0,CSCM,SP,Odisha,Khordha,2012,1777,1627,1420,84
21-04-2022,PMKVY 2.0,CSCM,SP,Odisha,Koraput,29,29,29,29,0
21-04-2022,PMKVY 2.0,CSCM,SP,Odisha,Malkangiri,42,30,30,27,0
21-04-2022,PMKVY 2.0,CSCM,SP,Odisha,Nayagarh,75,75,56,40,0
21-04-2022,PMKVY 2.0,CSCM,SP,Odisha,Rayagada,70,60,60,54,0
21-04-2022,PMKVY 2.0,CSSM,STT,Odisha,Anugul,179,179,163,161,0
21-04-2022,PMKVY 2.0,CSCM,STT,Odisha,Anugul,2121,1947,1867,1684,774
21-04-2022,PMKVY 2.0,CSSM,STT,Odisha,Balangir,180,147,84,55,0
21-04-2022,PMKVY 2.0,CSCM,STT,Odisha,Balangir,6894,6533,6453,6112,3385
21-04-2022,PMKVY 2.0,CSSM,STT,Odisha,Baleshwar,870,870,739,623,51
21-04-2022,PMKVY 2.0,CSCM,STT,Odisha,Baleshwar,7229,6347,5931,5125,1963
21-04-2022,PMKVY 2.0,CSCM,STT,Odisha,Bargarh,2080,1532,1521,1293,797
21-04-2022,PMKVY 2.0,CSCM,STT,Odisha,Bhadrak,2720,2585,2448,2239,1589
21-04-2022,PMKVY 2.0,CSSM,STT,Odisha,Bhadrak,449,444,362,327,0
21-04-2022,PMKVY 2.0,CSCM,STT,Odisha,Boudh,3341,3217,3215,3132,2312
21-04-2022,PMKVY 2.0,CSCM,STT,Odisha,Cuttack,14448,14027,13648,12682,8414
21-04-2022,PMKVY 2.0,CSSM,STT,Odisha,Cuttack,1824,1617,1336,1132,148
21-04-2022,PMKVY 2.0,CSCM,STT,Odisha,Deogarh,525,429,328,290,124
21-04-2022,PMKVY 2.0,CSSM,STT,Odisha,Deogarh,177,150,115,104,38
21-04-2022,PMKVY 2.0,CSCM,STT,Odisha,Dhenkanal,4946,4683,4212,3676,1759
21-04-2022,PMKVY 2.0,CSCM,STT,Odisha,Gajapati,3199,2677,2389,2044,1101
21-04-2022,PMKVY 2.0,CSCM,STT,Odisha,Ganjam,17782,15591,15031,13272,7489
21-04-2022,PMKVY 2.0,CSSM,STT,Odisha,Ganjam,390,381,315,275,14
21-04-2022,PMKVY 2.0,CSCM,STT,Odisha,Jagatsinghapur,4174,3688,3425,3090,1643
21-04-2022,PMKVY 2.0,CSSM,STT,Odisha,Jagatsinghapur,533,526,495,439,9
21-04-2022,PMKVY 2.0,CSCM,STT,Odisha,Jajapur,4353,4083,3370,2828,1102
21-04-2022,PMKVY 2.0,CSSM,STT,Odisha,Jajapur,772,772,641,587,85
21-04-2022,PMKVY 2.0,CSCM,STT,Odisha,Jharsuguda,1550,1298,1015,793,430
21-04-2022,PMKVY 2.0,CSSM,STT,Odisha,Kalahandi,90,90,47,43,0
21-04-2022,PMKVY 2.0,CSCM,STT,Odisha,Kalahandi,2298,1672,1660,1527,984
21-04-2022,PMKVY 2.0,CSCM,STT,Odisha,Kandhamal,2599,2071,1999,1806,908
21-04-2022,PMKVY 2.0,CSCM,STT,Odisha,Kendrapara,4387,3225,2660,2220,961
21-04-2022,PMKVY 2.0,CSSM,STT,Odisha,Kendrapara,200,200,193,186,11
21-04-2022,PMKVY 2.0,CSCM,STT,Odisha,Kendujhar,3508,3253,2909,2508,1170
21-04-2022,PMKVY 2.0,CSSM,STT,Odisha,Kendujhar,24,23,23,23,0
21-04-2022,PMKVY 2.0,CSSM,STT,Odisha,Khordha,1386,1267,1032,915,45
21-04-2022,PMKVY 2.0,CSCM,STT,Odisha,Khordha,13795,13718,12825,11210,7038
21-04-2022,PMKVY 2.0,CSCM,STT,Odisha,Koraput,4729,3775,3417,3052,1493
21-04-2022,PMKVY 2.0,CSCM,STT,Odisha,Malkangiri,2822,2153,1916,1705,979
21-04-2022,PMKVY 2.0,CSSM,STT,Odisha,Mayurbhanj,667,648,544,509,0
21-04-2022,PMKVY 2.0,CSCM,STT,Odisha,Mayurbhanj,3878,3671,3433,2885,885
21-04-2022,PMKVY 2.0,CSCM,STT,Odisha,Nabarangpur,1990,1301,1294,1206,682
21-04-2022,PMKVY 2.0,CSSM,STT,Odisha,Nabarangpur,180,180,180,172,17
21-04-2022,PMKVY 2.0,CSCM,STT,Odisha,Nayagarh,4596,4573,4421,3893,2707
21-04-2022,PMKVY 2.0,CSCM,STT,Odisha,Nuapada,1851,1080,1079,1042,807
21-04-2022,PMKVY 2.0,CSCM,STT,Odisha,Puri,5292,4363,4064,3392,1441
21-04-2022,PMKVY 2.0,CSSM,STT,Odisha,Puri,240,240,183,168,50
21-04-2022,PMKVY 2.0,CSCM,STT,Odisha,Rayagada,3891,3435,3117,2694,1549
21-04-2022,PMKVY 2.0,CSSM,STT,Odisha,Rayagada,210,210,193,182,0
21-04-2022,PMKVY 2.0,CSCM,STT,Odisha,Sambalpur,1801,1720,1613,1439,470
21-04-2022,PMKVY 2.0,CSSM,STT,Odisha,Sambalpur,150,30,0,0,0
21-04-2022,PMKVY 2.0,CSCM,STT,Odisha,Sonepur,3232,2805,2739,2468,1425
21-04-2022,PMKVY 2.0,CSCM,STT,Odisha,Sundargarh,6005,4672,4074,3611,1964
21-04-2022,PMKVY 2.0,CSSM,STT,Odisha,Sundargarh,270,228,196,174,39
21-04-2022,PMKVY 3.0,CSCM,RPL,Odisha,Anugul,4,4,0,0,0
21-04-2022,PMKVY 3.0,CSSM,RPL,Odisha,Anugul,100,100,99,90,0
21-04-2022,PMKVY 3.0,CSCM,RPL,Odisha,Balangir,200,200,200,193,0
21-04-2022,PMKVY 3.0,CSCM,RPL,Odisha,Baleshwar,287,286,225,206,0
21-04-2022,PMKVY 3.0,CSSM,RPL,Odisha,Bargarh,100,100,87,85,0
21-04-2022,PMKVY 3.0,CSCM,RPL,Odisha,Bargarh,201,201,163,67,0
21-04-2022,PMKVY 3.0,CSCM,RPL,Odisha,Bhadrak,234,234,189,189,0
21-04-2022,PMKVY 3.0,CSSM,RPL,Odisha,Boudh,95,95,76,74,0
21-04-2022,PMKVY 3.0,CSCM,RPL,Odisha,Boudh,200,200,171,164,0
21-04-2022,PMKVY 3.0,CSSM,RPL,Odisha,Cuttack,100,100,65,65,0
21-04-2022,PMKVY 3.0,CSCM,RPL,Odisha,Cuttack,546,546,401,359,0
21-04-2022,PMKVY 3.0,CSSM,RPL,Odisha,Deogarh,176,156,85,73,0
21-04-2022,PMKVY 3.0,CSCM,RPL,Odisha,Dhenkanal,90,90,23,22,0
21-04-2022,PMKVY 3.0,CSSM,RPL,Odisha,Dhenkanal,60,60,9,8,0
21-04-2022,PMKVY 3.0,CSCM,RPL,Odisha,Gajapati,200,200,183,101,0
21-04-2022,PMKVY 3.0,CSSM,RPL,Odisha,Gajapati,60,60,26,24,0
21-04-2022,PMKVY 3.0,CSSM,RPL,Odisha,Ganjam,180,180,89,84,0
21-04-2022,PMKVY 3.0,CSCM,RPL,Odisha,Ganjam,433,433,360,321,0
21-04-2022,PMKVY 3.0,CSCM,RPL,Odisha,Jagatsinghapur,38,38,34,34,0
21-04-2022,PMKVY 3.0,CSSM,RPL,Odisha,Jagatsinghapur,198,198,197,191,0
21-04-2022,PMKVY 3.0,CSSM,RPL,Odisha,Jajapur,200,200,68,61,0
21-04-2022,PMKVY 3.0,CSCM,RPL,Odisha,Jajapur,27,27,26,26,0
21-04-2022,PMKVY 3.0,CSCM,RPL,Odisha,Jharsuguda,1,1,0,0,0
21-04-2022,PMKVY 3.0,CSCM,RPL,Odisha,Kalahandi,274,274,223,191,0
21-04-2022,PMKVY 3.0,CSSM,RPL,Odisha,Kalahandi,174,174,152,128,0
21-04-2022,PMKVY 3.0,CSSM,RPL,Odisha,Kandhamal,150,150,115,92,0
21-04-2022,PMKVY 3.0,CSCM,RPL,Odisha,Kandhamal,200,200,200,197,0
21-04-2022,PMKVY 3.0,CSCM,RPL,Odisha,Kendrapara,93,93,87,87,0
21-04-2022,PMKVY 3.0,CSCM,RPL,Odisha,Kendujhar,20,20,20,20,0
21-04-2022,PMKVY 3.0,CSSM,RPL,Odisha,Khordha,60,60,53,50,0
21-04-2022,PMKVY 3.0,CSCM,RPL,Odisha,Khordha,198,198,68,68,0
21-04-2022,PMKVY 3.0,CSCM,RPL,Odisha,Koraput,250,250,112,87,0
21-04-2022,PMKVY 3.0,CSSM,RPL,Odisha,Koraput,130,130,100,0,0
21-04-2022,PMKVY 3.0,CSSM,RPL,Odisha,Malkangiri,97,97,92,85,0
21-04-2022,PMKVY 3.0,CSCM,RPL,Odisha,Mayurbhanj,1,1,0,0,0
21-04-2022,PMKVY 3.0,CSSM,RPL,Odisha,Mayurbhanj,150,150,104,104,0
21-04-2022,PMKVY 3.0,CSCM,RPL,Odisha,Nabarangpur,201,201,163,118,0
21-04-2022,PMKVY 3.0,CSSM,RPL,Odisha,Nabarangpur,200,200,194,174,0
21-04-2022,PMKVY 3.0,CSCM,RPL,Odisha,Nayagarh,202,202,200,181,0
21-04-2022,PMKVY 3.0,CSSM,RPL,Odisha,Nayagarh,200,200,170,157,0
21-04-2022,PMKVY 3.0,CSSM,RPL,Odisha,Nuapada,199,199,109,3,0
21-04-2022,PMKVY 3.0,CSCM,RPL,Odisha,Nuapada,200,200,113,6,0
21-04-2022,PMKVY 3.0,CSCM,RPL,Odisha,Puri,252,252,234,227,0
21-04-2022,PMKVY 3.0,CSSM,RPL,Odisha,Puri,30,30,30,26,0
21-04-2022,PMKVY 3.0,CSCM,RPL,Odisha,Rayagada,200,200,121,90,0
21-04-2022,PMKVY 3.0,CSSM,RPL,Odisha,Rayagada,198,198,190,175,0
21-04-2022,PMKVY 3.0,CSCM,RPL,Odisha,Sambalpur,13,13,9,9,0
21-04-2022,PMKVY 3.0,CSSM,RPL,Odisha,Sambalpur,86,86,0,0,0
21-04-2022,PMKVY 3.0,CSCM,RPL,Odisha,Sonepur,1,1,0,0,0
21-04-2022,PMKVY 3.0,CSSM,RPL,Odisha,Sonepur,102,102,91,62,0
21-04-2022,PMKVY 3.0,CSSM,RPL,Odisha,Sundargarh,140,140,120,115,0
21-04-2022,PMKVY 3.0,CSCM,RPL,Odisha,Sundargarh,180,180,105,100,0
21-04-2022,PMKVY 3.0,CSCM,SP,Odisha,Anugul,20,20,18,0,0
21-04-2022,PMKVY 3.0,CSCM,SP,Odisha,Baleshwar,554,254,222,47,0
21-04-2022,PMKVY 3.0,CSCM,SP,Odisha,Cuttack,160,160,114,0,0
21-04-2022,PMKVY 3.0,CSCM,SP,Odisha,Dhenkanal,120,96,30,0,0
21-04-2022,PMKVY 3.0,CSCM,SP,Odisha,Gajapati,109,109,89,16,0
21-04-2022,PMKVY 3.0,CSCM,SP,Odisha,Jajapur,35,35,35,0,0
21-04-2022,PMKVY 3.0,CSSM,SP,Odisha,Khordha,38,38,25,1,0
21-04-2022,PMKVY 3.0,CSCM,SP,Odisha,Khordha,19,17,16,1,0
21-04-2022,PMKVY 3.0,CSCM,SP,Odisha,Koraput,115,115,112,0,0
21-04-2022,PMKVY 3.0,CSSM,SP,Odisha,Nabarangpur,40,40,0,0,0
21-04-2022,PMKVY 3.0,CSCM,SP,Odisha,Sambalpur,20,20,20,0,0
21-04-2022,PMKVY 3.0,CSCM,STT,Odisha,Anugul,162,0,0,0,0
21-04-2022,PMKVY 3.0,CSSM,STT,Odisha,Balangir,90,90,30,29,0
21-04-2022,PMKVY 3.0,CSCM,STT,Odisha,Balangir,594,120,120,118,92
21-04-2022,PMKVY 3.0,CSSM,STT,Odisha,Baleshwar,170,120,112,88,0
21-04-2022,PMKVY 3.0,CSCM,STT,Odisha,Baleshwar,956,170,69,61,0
21-04-2022,PMKVY 3.0,CSCM,STT,Odisha,Bargarh,603,120,120,64,43
21-04-2022,PMKVY 3.0,CSSM,STT,Odisha,Bargarh,60,58,49,42,0
21-04-2022,PMKVY 3.0,CSCM,STT,Odisha,Bhadrak,30,0,0,0,0
21-04-2022,PMKVY 3.0,CSSM,STT,Odisha,Bhadrak,120,120,105,79,0
21-04-2022,PMKVY 3.0,CSSM,STT,Odisha,Boudh,120,120,110,102,0
21-04-2022,PMKVY 3.0,CSCM,STT,Odisha,Boudh,419,156,155,134,86
21-04-2022,PMKVY 3.0,CSCM,STT,Odisha,Cuttack,1567,295,236,225,145
21-04-2022,PMKVY 3.0,CSSM,STT,Odisha,Cuttack,150,149,68,57,0
21-04-2022,PMKVY 3.0,CSCM,STT,Odisha,Deogarh,41,0,0,0,0
21-04-2022,PMKVY 3.0,CSCM,STT,Odisha,Dhenkanal,823,0,0,0,0
21-04-2022,PMKVY 3.0,CSSM,STT,Odisha,Dhenkanal,60,60,0,0,0
21-04-2022,PMKVY 3.0,CSSM,STT,Odisha,Gajapati,60,60,48,48,0
21-04-2022,PMKVY 3.0,CSCM,STT,Odisha,Gajapati,836,350,173,158,0
21-04-2022,PMKVY 3.0,CSCM,STT,Odisha,Ganjam,1146,300,226,206,65
21-04-2022,PMKVY 3.0,CSSM,STT,Odisha,Ganjam,120,120,120,111,88
21-04-2022,PMKVY 3.0,CSCM,STT,Odisha,Jagatsinghapur,100,0,0,0,0
21-04-2022,PMKVY 3.0,CSCM,STT,Odisha,Jajapur,322,90,30,0,0
21-04-2022,PMKVY 3.0,CSSM,STT,Odisha,Jajapur,102,102,35,29,0
21-04-2022,PMKVY 3.0,CSCM,STT,Odisha,Jharsuguda,45,0,0,0,0
21-04-2022,PMKVY 3.0,CSCM,STT,Odisha,Kalahandi,396,58,53,49,3
21-04-2022,PMKVY 3.0,CSCM,STT,Odisha,Kandhamal,1156,284,164,104,76
21-04-2022,PMKVY 3.0,CSSM,STT,Odisha,Kandhamal,60,60,37,33,0
21-04-2022,PMKVY 3.0,CSCM,STT,Odisha,Kendrapara,587,115,69,46,0
21-04-2022,PMKVY 3.0,CSSM,STT,Odisha,Kendrapara,90,80,78,74,0
21-04-2022,PMKVY 3.0,CSCM,STT,Odisha,Kendujhar,55,0,0,0,0
21-04-2022,PMKVY 3.0,CSSM,STT,Odisha,Kendujhar,90,84,84,42,0
21-04-2022,PMKVY 3.0,CSCM,STT,Odisha,Khordha,596,40,0,0,0
21-04-2022,PMKVY 3.0,CSSM,STT,Odisha,Khordha,150,150,114,111,0
21-04-2022,PMKVY 3.0,CSCM,STT,Odisha,Koraput,736,130,50,42,0
21-04-2022,PMKVY 3.0,CSSM,STT,Odisha,Koraput,90,90,34,10,0
21-04-2022,PMKVY 3.0,CSCM,STT,Odisha,Malkangiri,120,21,0,0,0
21-04-2022,PMKVY 3.0,CSCM,STT,Odisha,Mayurbhanj,324,60,51,43,0
21-04-2022,PMKVY 3.0,CSSM,STT,Odisha,Mayurbhanj,120,120,60,56,0
21-04-2022,PMKVY 3.0,CSCM,STT,Odisha,Nabarangpur,780,120,115,54,33
21-04-2022,PMKVY 3.0,CSSM,STT,Odisha,Nabarangpur,60,60,46,43,25
21-04-2022,PMKVY 3.0,CSCM,STT,Odisha,Nayagarh,742,150,120,115,77
21-04-2022,PMKVY 3.0,CSSM,STT,Odisha,Nayagarh,90,60,39,35,0
21-04-2022,PMKVY 3.0,CSSM,STT,Odisha,Nuapada,167,150,117,86,36
21-04-2022,PMKVY 3.0,CSCM,STT,Odisha,Nuapada,474,155,155,83,27
21-04-2022,PMKVY 3.0,CSCM,STT,Odisha,Puri,481,125,115,106,0
21-04-2022,PMKVY 3.0,CSSM,STT,Odisha,Puri,85,85,56,55,0
21-04-2022,PMKVY 3.0,CSCM,STT,Odisha,Rayagada,638,120,71,61,0
21-04-2022,PMKVY 3.0,CSSM,STT,Odisha,Rayagada,62,60,39,32,0
21-04-2022,PMKVY 3.0,CSCM,STT,Odisha,Sambalpur,183,0,0,0,0
21-04-2022,PMKVY 3.0,CSSM,STT,Odisha,Sonepur,30,0,0,0,0
21-04-2022,PMKVY 3.0,CSCM,STT,Odisha,Sonepur,840,0,0,0,0
21-04-2022,PMKVY 3.0,CSCM,STT,Odisha,Sundargarh,232,120,93,80,0
21-04-2022,PMKVY 3.0,CSSM,STT,Odisha,Sundargarh,210,178,170,151,0
21-04-2022,PMKVY 2.0,CSCM,RPL,Puducherry,Karaikal,555,547,442,421,0
21-04-2022,PMKVY 2.0,CSCM,RPL,Puducherry,Mahe,100,100,93,88,0
21-04-2022,PMKVY 2.0,CSCM,RPL,Puducherry,Pondicherry,4272,4157,3568,3391,0
21-04-2022,PMKVY 2.0,CSCM,RPL,Puducherry,Yanam,500,500,500,495,0
21-04-2022,PMKVY 2.0,CSCM,SP,Puducherry,Pondicherry,315,312,257,214,202
21-04-2022,PMKVY 2.0,CSCM,SP,Puducherry,Yanam,222,222,211,180,180
21-04-2022,PMKVY 2.0,CSSM,STT,Puducherry,Karaikal,308,308,303,290,264
21-04-2022,PMKVY 2.0,CSCM,STT,Puducherry,Karaikal,920,889,837,761,252
21-04-2022,PMKVY 2.0,CSSM,STT,Puducherry,Mahe,60,0,0,0,0
21-04-2022,PMKVY 2.0,CSCM,STT,Puducherry,Mahe,518,394,392,369,258
21-04-2022,PMKVY 2.0,CSSM,STT,Puducherry,Pondicherry,7099,6987,6730,6316,4421
21-04-2022,PMKVY 2.0,CSCM,STT,Puducherry,Pondicherry,4392,4242,4038,3660,2792
21-04-2022,PMKVY 2.0,CSCM,STT,Puducherry,Yanam,1455,1365,1356,1301,923
21-04-2022,PMKVY 3.0,CSCM,RPL,Puducherry,Karaikal,275,275,263,228,0
21-04-2022,PMKVY 3.0,CSCM,RPL,Puducherry,Pondicherry,40,40,22,22,0
21-04-2022,PMKVY 3.0,CSSM,RPL,Puducherry,Pondicherry,800,800,740,727,0
21-04-2022,PMKVY 3.0,CSCM,RPL,Puducherry,Yanam,200,200,113,95,0
21-04-2022,PMKVY 3.0,CSSM,SP,Puducherry,Pondicherry,80,80,38,0,0
21-04-2022,PMKVY 3.0,CSCM,SP,Puducherry,Pondicherry,95,95,84,38,0
21-04-2022,PMKVY 3.0,CSCM,STT,Puducherry,Karaikal,562,441,161,139,46
21-04-2022,PMKVY 3.0,CSCM,STT,Puducherry,Mahe,360,120,120,100,0
21-04-2022,PMKVY 3.0,CSSM,STT,Puducherry,Pondicherry,206,206,203,188,160
21-04-2022,PMKVY 3.0,CSCM,STT,Puducherry,Pondicherry,120,60,60,60,0
21-04-2022,PMKVY 3.0,CSCM,STT,Puducherry,Yanam,366,156,124,63,33
21-04-2022,PMKVY 2.0,CSCM,RPL,Punjab,Amritsar,3706,3636,3112,2968,0
21-04-2022,PMKVY 2.0,CSCM,RPL,Punjab,Barnala,2044,1976,1042,1020,0
21-04-2022,PMKVY 2.0,CSCM,RPL,Punjab,Bathinda,11194,10865,9839,9342,0
21-04-2022,PMKVY 2.0,CSCM,RPL,Punjab,Faridkot,868,868,610,588,0
21-04-2022,PMKVY 2.0,CSCM,RPL,Punjab,Fatehgarh Sahib,1067,1067,860,829,0
21-04-2022,PMKVY 2.0,CSCM,RPL,Punjab,Fazilka,2727,2601,2294,2105,0
21-04-2022,PMKVY 2.0,CSCM,RPL,Punjab,Firozepur,3420,3416,2898,2772,0
21-04-2022,PMKVY 2.0,CSCM,RPL,Punjab,Gurdaspur,1135,1076,903,824,0
21-04-2022,PMKVY 2.0,CSCM,RPL,Punjab,Hoshiarpur,2041,1804,1435,1359,0
21-04-2022,PMKVY 2.0,CSCM,RPL,Punjab,Jalandhar,6050,5854,5182,4950,0
21-04-2022,PMKVY 2.0,CSCM,RPL,Punjab,Kapurthala,1361,1361,1191,1182,0
21-04-2022,PMKVY 2.0,CSCM,RPL,Punjab,Ludhiana,23747,23433,20428,18560,0
21-04-2022,PMKVY 2.0,CSCM,RPL,Punjab,Mansa,1931,1929,1668,1617,0
21-04-2022,PMKVY 2.0,CSCM,RPL,Punjab,Moga,1811,1646,1371,1244,0
21-04-2022,PMKVY 2.0,CSCM,RPL,Punjab,Pathankot,1244,1232,1085,1004,0
21-04-2022,PMKVY 2.0,CSCM,RPL,Punjab,Patiala,9205,9014,7781,7308,0
21-04-2022,PMKVY 2.0,CSCM,RPL,Punjab,Rupnagar,2920,2455,2096,1989,0
21-04-2022,PMKVY 2.0,CSCM,RPL,Punjab,S.A.S Nagar,6587,6538,5990,5765,0
21-04-2022,PMKVY 2.0,CSCM,RPL,Punjab,Sangrur,4726,4571,3487,3194,0
21-04-2022,PMKVY 2.0,CSCM,RPL,Punjab,Shahid Bhagat Singh Nagar,562,536,426,413,0
21-04-2022,PMKVY 2.0,CSCM,RPL,Punjab,Sri Muktsar Sahib,2725,2689,2494,2374,0
21-04-2022,PMKVY 2.0,CSCM,RPL,Punjab,Tarn Taran,761,761,480,458,0
21-04-2022,PMKVY 2.0,CSCM,SP,Punjab,Amritsar,3315,3190,3114,2819,1551
21-04-2022,PMKVY 2.0,CSCM,SP,Punjab,Barnala,210,180,178,148,0
21-04-2022,PMKVY 2.0,CSSM,SP,Punjab,Bathinda,52,52,0,0,0
21-04-2022,PMKVY 2.0,CSSM,SP,Punjab,Faridkot,420,420,419,354,307
21-04-2022,PMKVY 2.0,CSCM,SP,Punjab,Faridkot,640,640,482,408,0
21-04-2022,PMKVY 2.0,CSCM,SP,Punjab,Fatehgarh Sahib,443,416,369,296,399
21-04-2022,PMKVY 2.0,CSCM,SP,Punjab,Fazilka,60,0,0,0,0
21-04-2022,PMKVY 2.0,CSSM,SP,Punjab,Fazilka,170,170,149,131,125
21-04-2022,PMKVY 2.0,CSSM,SP,Punjab,Firozepur,319,319,311,290,241
21-04-2022,PMKVY 2.0,CSCM,SP,Punjab,Firozepur,270,240,218,187,0
21-04-2022,PMKVY 2.0,CSCM,SP,Punjab,Gurdaspur,87,57,41,30,0
21-04-2022,PMKVY 2.0,CSCM,SP,Punjab,Hoshiarpur,88,88,58,58,0
21-04-2022,PMKVY 2.0,CSCM,SP,Punjab,Jalandhar,60,60,49,38,0
21-04-2022,PMKVY 2.0,CSCM,SP,Punjab,Kapurthala,90,89,57,50,0
21-04-2022,PMKVY 2.0,CSCM,SP,Punjab,Ludhiana,253,245,187,181,0
21-04-2022,PMKVY 2.0,CSSM,SP,Punjab,Ludhiana,359,354,346,326,220
21-04-2022,PMKVY 2.0,CSCM,SP,Punjab,Mansa,30,30,24,0,0
21-04-2022,PMKVY 2.0,CSCM,SP,Punjab,Moga,580,565,512,444,24
21-04-2022,PMKVY 2.0,CSSM,SP,Punjab,Moga,140,140,136,125,78
21-04-2022,PMKVY 2.0,CSCM,SP,Punjab,Patiala,588,588,521,422,0
21-04-2022,PMKVY 2.0,CSCM,SP,Punjab,Rupnagar,210,180,150,98,5
21-04-2022,PMKVY 2.0,CSCM,SP,Punjab,S.A.S Nagar,121,117,104,81,79
21-04-2022,PMKVY 2.0,CSCM,SP,Punjab,Sangrur,90,90,66,37,0
21-04-2022,PMKVY 2.0,CSCM,SP,Punjab,Shahid Bhagat Singh Nagar,102,101,50,47,0
21-04-2022,PMKVY 2.0,CSSM,SP,Punjab,Tarn Taran,120,30,0,0,0
21-04-2022,PMKVY 2.0,CSCM,SP,Punjab,Tarn Taran,150,150,143,136,0
21-04-2022,PMKVY 2.0,CSCM,STT,Punjab,Amritsar,11229,10437,10203,9378,5328
21-04-2022,PMKVY 2.0,CSSM,STT,Punjab,Amritsar,2932,2867,2660,2313,755
21-04-2022,PMKVY 2.0,CSSM,STT,Punjab,Barnala,1593,1464,1391,1312,903
21-04-2022,PMKVY 2.0,CSCM,STT,Punjab,Barnala,7792,7004,6951,6494,3467
21-04-2022,PMKVY 2.0,CSCM,STT,Punjab,Bathinda,11974,10804,10086,9119,5114
21-04-2022,PMKVY 2.0,CSSM,STT,Punjab,Bathinda,2076,1954,1893,1573,854
21-04-2022,PMKVY 2.0,CSSM,STT,Punjab,Faridkot,1560,1524,1486,1354,911
21-04-2022,PMKVY 2.0,CSCM,STT,Punjab,Faridkot,5390,4720,4575,4219,2536
21-04-2022,PMKVY 2.0,CSCM,STT,Punjab,Fatehgarh Sahib,4134,3422,3297,3053,1611
21-04-2022,PMKVY 2.0,CSSM,STT,Punjab,Fatehgarh Sahib,1293,1226,1180,1047,671
21-04-2022,PMKVY 2.0,CSCM,STT,Punjab,Fazilka,20095,19790,19508,18446,12630
21-04-2022,PMKVY 2.0,CSSM,STT,Punjab,Fazilka,4236,4207,4125,3697,2368
21-04-2022,PMKVY 2.0,CSSM,STT,Punjab,Firozepur,3590,3571,3533,3267,2481
21-04-2022,PMKVY 2.0,CSCM,STT,Punjab,Firozepur,7847,7426,7236,6696,3145
21-04-2022,PMKVY 2.0,CSCM,STT,Punjab,Gurdaspur,7559,7081,6886,6344,2808
21-04-2022,PMKVY 2.0,CSSM,STT,Punjab,Gurdaspur,2000,1982,1937,1697,1105
21-04-2022,PMKVY 2.0,CSSM,STT,Punjab,Hoshiarpur,704,668,564,511,265
21-04-2022,PMKVY 2.0,CSCM,STT,Punjab,Hoshiarpur,6354,5782,5304,4716,2580
21-04-2022,PMKVY 2.0,CSSM,STT,Punjab,Jalandhar,1465,1450,1252,1022,642
21-04-2022,PMKVY 2.0,CSCM,STT,Punjab,Jalandhar,7853,6901,6555,5880,3010
21-04-2022,PMKVY 2.0,CSCM,STT,Punjab,Kapurthala,2342,2312,2131,1848,1061
21-04-2022,PMKVY 2.0,CSSM,STT,Punjab,Kapurthala,517,492,386,344,269
21-04-2022,PMKVY 2.0,CSCM,STT,Punjab,Ludhiana,18380,16885,16359,15009,9445
21-04-2022,PMKVY 2.0,CSSM,STT,Punjab,Ludhiana,3479,3391,3061,2660,1569
21-04-2022,PMKVY 2.0,CSCM,STT,Punjab,Mansa,13791,12714,12371,11270,6498
21-04-2022,PMKVY 2.0,CSSM,STT,Punjab,Mansa,1605,1447,1430,1330,835
21-04-2022,PMKVY 2.0,CSCM,STT,Punjab,Moga,5991,5345,5171,4781,3024
21-04-2022,PMKVY 2.0,CSSM,STT,Punjab,Moga,2552,2544,2516,2326,1703
21-04-2022,PMKVY 2.0,CSSM,STT,Punjab,Pathankot,1420,1382,1318,1223,607
21-04-2022,PMKVY 2.0,CSCM,STT,Punjab,Pathankot,4963,4107,3730,3231,1386
21-04-2022,PMKVY 2.0,CSSM,STT,Punjab,Patiala,3396,3211,2904,2450,1236
21-04-2022,PMKVY 2.0,CSCM,STT,Punjab,Patiala,13268,12792,12459,11453,4355
21-04-2022,PMKVY 2.0,CSCM,STT,Punjab,Rupnagar,10034,9628,9216,8297,5297
21-04-2022,PMKVY 2.0,CSSM,STT,Punjab,Rupnagar,3097,2985,2891,2541,2021
21-04-2022,PMKVY 2.0,CSSM,STT,Punjab,S.A.S Nagar,1755,1599,1306,1024,666
21-04-2022,PMKVY 2.0,CSCM,STT,Punjab,S.A.S Nagar,5421,5011,4599,3970,2057
21-04-2022,PMKVY 2.0,CSCM,STT,Punjab,Sangrur,13273,12777,12323,11210,5640
21-04-2022,PMKVY 2.0,CSSM,STT,Punjab,Sangrur,1907,1771,1697,1447,862
21-04-2022,PMKVY 2.0,CSSM,STT,Punjab,Shahid Bhagat Singh Nagar,830,820,801,741,438
21-04-2022,PMKVY 2.0,CSCM,STT,Punjab,Shahid Bhagat Singh Nagar,1831,1515,1476,1349,797
21-04-2022,PMKVY 2.0,CSSM,STT,Punjab,Sri Muktsar Sahib,2312,2312,2227,2031,1398
21-04-2022,PMKVY 2.0,CSCM,STT,Punjab,Sri Muktsar Sahib,10579,9742,9576,8754,5559
21-04-2022,PMKVY 2.0,CSCM,STT,Punjab,Tarn Taran,3862,3696,3661,3380,2333
21-04-2022,PMKVY 2.0,CSSM,STT,Punjab,Tarn Taran,1356,1224,1212,1074,432
21-04-2022,PMKVY 3.0,CSSM,RPL,Punjab,Amritsar,200,200,148,133,0
21-04-2022,PMKVY 3.0,CSCM,RPL,Punjab,Amritsar,286,286,256,222,0
21-04-2022,PMKVY 3.0,CSCM,RPL,Punjab,Barnala,225,225,219,175,0
21-04-2022,PMKVY 3.0,CSSM,RPL,Punjab,Barnala,200,200,93,78,0
21-04-2022,PMKVY 3.0,CSCM,RPL,Punjab,Bathinda,260,260,194,168,0
21-04-2022,PMKVY 3.0,CSSM,RPL,Punjab,Bathinda,200,200,51,50,0
21-04-2022,PMKVY 3.0,CSSM,RPL,Punjab,Faridkot,200,200,200,193,0
21-04-2022,PMKVY 3.0,CSCM,RPL,Punjab,Faridkot,150,150,137,118,0
21-04-2022,PMKVY 3.0,CSSM,RPL,Punjab,Fatehgarh Sahib,200,200,200,187,0
21-04-2022,PMKVY 3.0,CSCM,RPL,Punjab,Fatehgarh Sahib,61,61,49,31,0
21-04-2022,PMKVY 3.0,CSCM,RPL,Punjab,Fazilka,1,1,0,0,0
21-04-2022,PMKVY 3.0,CSSM,RPL,Punjab,Fazilka,200,200,200,186,0
21-04-2022,PMKVY 3.0,CSCM,RPL,Punjab,Firozepur,5,5,3,0,0
21-04-2022,PMKVY 3.0,CSSM,RPL,Punjab,Firozepur,200,200,198,192,0
21-04-2022,PMKVY 3.0,CSSM,RPL,Punjab,Gurdaspur,250,200,120,95,0
21-04-2022,PMKVY 3.0,CSCM,RPL,Punjab,Gurdaspur,31,31,30,23,0
21-04-2022,PMKVY 3.0,CSCM,RPL,Punjab,Hoshiarpur,403,403,333,307,0
21-04-2022,PMKVY 3.0,CSSM,RPL,Punjab,Hoshiarpur,200,200,196,166,0
21-04-2022,PMKVY 3.0,CSSM,RPL,Punjab,Jalandhar,200,200,190,178,0
21-04-2022,PMKVY 3.0,CSCM,RPL,Punjab,Jalandhar,2143,2143,7,7,0
21-04-2022,PMKVY 3.0,CSSM,RPL,Punjab,Kapurthala,200,200,192,159,0
21-04-2022,PMKVY 3.0,CSCM,RPL,Punjab,Kapurthala,352,352,320,286,0
21-04-2022,PMKVY 3.0,CSSM,RPL,Punjab,Ludhiana,200,200,189,188,0
21-04-2022,PMKVY 3.0,CSCM,RPL,Punjab,Ludhiana,448,448,423,412,0
21-04-2022,PMKVY 3.0,CSSM,RPL,Punjab,Mansa,200,200,188,181,0
21-04-2022,PMKVY 3.0,CSCM,RPL,Punjab,Mansa,351,351,258,189,0
21-04-2022,PMKVY 3.0,CSSM,RPL,Punjab,Moga,200,200,198,188,0
21-04-2022,PMKVY 3.0,CSCM,RPL,Punjab,Moga,25,25,25,25,0
21-04-2022,PMKVY 3.0,CSCM,RPL,Punjab,Pathankot,270,270,246,171,0
21-04-2022,PMKVY 3.0,CSSM,RPL,Punjab,Pathankot,200,200,197,173,0
21-04-2022,PMKVY 3.0,CSCM,RPL,Punjab,Patiala,364,364,346,251,0
21-04-2022,PMKVY 3.0,CSSM,RPL,Punjab,Patiala,200,200,196,175,0
21-04-2022,PMKVY 3.0,CSSM,RPL,Punjab,Rupnagar,197,197,14,1,0
21-04-2022,PMKVY 3.0,CSCM,RPL,Punjab,Rupnagar,17,17,0,0,0
21-04-2022,PMKVY 3.0,CSSM,RPL,Punjab,S.A.S Nagar,200,200,196,169,0
21-04-2022,PMKVY 3.0,CSCM,RPL,Punjab,S.A.S Nagar,2750,2750,577,577,0
21-04-2022,PMKVY 3.0,CSSM,RPL,Punjab,Sangrur,195,195,179,158,0
21-04-2022,PMKVY 3.0,CSCM,RPL,Punjab,Sangrur,276,276,210,166,0
21-04-2022,PMKVY 3.0,CSSM,RPL,Punjab,Shahid Bhagat Singh Nagar,200,200,193,181,0
21-04-2022,PMKVY 3.0,CSCM,RPL,Punjab,Shahid Bhagat Singh Nagar,117,117,0,0,0
21-04-2022,PMKVY 3.0,CSCM,RPL,Punjab,Sri Muktsar Sahib,90,90,86,78,0
21-04-2022,PMKVY 3.0,CSSM,RPL,Punjab,Sri Muktsar Sahib,200,200,200,190,0
21-04-2022,PMKVY 3.0,CSSM,RPL,Punjab,Tarn Taran,200,200,174,167,0
21-04-2022,PMKVY 3.0,CSCM,SP,Punjab,Amritsar,569,209,203,35,0
21-04-2022,PMKVY 3.0,CSSM,SP,Punjab,Amritsar,40,40,32,0,0
21-04-2022,PMKVY 3.0,CSCM,SP,Punjab,Bathinda,80,80,69,0,0
21-04-2022,PMKVY 3.0,CSCM,SP,Punjab,Faridkot,72,72,72,0,0
21-04-2022,PMKVY 3.0,CSCM,SP,Punjab,Firozepur,111,111,110,0,0
21-04-2022,PMKVY 3.0,CSCM,SP,Punjab,Gurdaspur,47,0,0,0,0
21-04-2022,PMKVY 3.0,CSCM,SP,Punjab,Hoshiarpur,778,760,660,277,0
21-04-2022,PMKVY 3.0,CSSM,SP,Punjab,Hoshiarpur,40,40,40,0,0
21-04-2022,PMKVY 3.0,CSCM,SP,Punjab,Jalandhar,188,188,142,37,0
21-04-2022,PMKVY 3.0,CSCM,SP,Punjab,Kapurthala,202,202,196,106,0
21-04-2022,PMKVY 3.0,CSCM,SP,Punjab,Ludhiana,180,180,180,120,0
21-04-2022,PMKVY 3.0,CSSM,SP,Punjab,Mansa,60,60,60,0,0
21-04-2022,PMKVY 3.0,CSCM,SP,Punjab,Mansa,342,342,340,130,0
21-04-2022,PMKVY 3.0,CSCM,SP,Punjab,Pathankot,150,150,138,61,0
21-04-2022,PMKVY 3.0,CSCM,SP,Punjab,Patiala,20,0,0,0,0
21-04-2022,PMKVY 3.0,CSSM,SP,Punjab,Patiala,80,80,72,0,0
21-04-2022,PMKVY 3.0,CSCM,SP,Punjab,Rupnagar,20,19,18,0,0
21-04-2022,PMKVY 3.0,CSSM,SP,Punjab,S.A.S Nagar,40,40,40,0,0
21-04-2022,PMKVY 3.0,CSCM,SP,Punjab,S.A.S Nagar,60,60,60,0,0
21-04-2022,PMKVY 3.0,CSCM,SP,Punjab,Sangrur,100,80,60,25,0
21-04-2022,PMKVY 3.0,CSCM,SP,Punjab,Shahid Bhagat Singh Nagar,100,100,97,41,0
21-04-2022,PMKVY 3.0,CSSM,STT,Punjab,Amritsar,150,150,118,109,48
21-04-2022,PMKVY 3.0,CSCM,STT,Punjab,Amritsar,812,120,120,103,74
21-04-2022,PMKVY 3.0,CSCM,STT,Punjab,Barnala,618,252,165,149,7
21-04-2022,PMKVY 3.0,CSSM,STT,Punjab,Barnala,60,60,59,57,41
21-04-2022,PMKVY 3.0,CSCM,STT,Punjab,Bathinda,552,280,147,71,18
21-04-2022,PMKVY 3.0,CSSM,STT,Punjab,Bathinda,60,60,0,0,0
21-04-2022,PMKVY 3.0,CSCM,STT,Punjab,Faridkot,1071,333,319,267,41
21-04-2022,PMKVY 3.0,CSSM,STT,Punjab,Faridkot,60,59,56,51,35
21-04-2022,PMKVY 3.0,CSCM,STT,Punjab,Fatehgarh Sahib,591,177,177,159,141
21-04-2022,PMKVY 3.0,CSSM,STT,Punjab,Fatehgarh Sahib,60,60,60,59,45
21-04-2022,PMKVY 3.0,CSCM,STT,Punjab,Fazilka,586,237,141,138,103
21-04-2022,PMKVY 3.0,CSSM,STT,Punjab,Fazilka,60,60,60,58,48
21-04-2022,PMKVY 3.0,CSSM,STT,Punjab,Firozepur,60,60,57,54,37
21-04-2022,PMKVY 3.0,CSCM,STT,Punjab,Firozepur,210,120,86,84,20
21-04-2022,PMKVY 3.0,CSSM,STT,Punjab,Gurdaspur,120,120,120,113,65
21-04-2022,PMKVY 3.0,CSCM,STT,Punjab,Gurdaspur,219,120,113,100,0
21-04-2022,PMKVY 3.0,CSSM,STT,Punjab,Hoshiarpur,60,55,48,48,33
21-04-2022,PMKVY 3.0,CSCM,STT,Punjab,Hoshiarpur,555,200,119,109,0
21-04-2022,PMKVY 3.0,CSCM,STT,Punjab,Jalandhar,369,120,116,108,56
21-04-2022,PMKVY 3.0,CSSM,STT,Punjab,Jalandhar,60,60,47,31,27
21-04-2022,PMKVY 3.0,CSSM,STT,Punjab,Kapurthala,60,60,60,56,49
21-04-2022,PMKVY 3.0,CSCM,STT,Punjab,Kapurthala,533,200,120,111,0
21-04-2022,PMKVY 3.0,CSSM,STT,Punjab,Ludhiana,150,120,120,114,81
21-04-2022,PMKVY 3.0,CSCM,STT,Punjab,Ludhiana,661,246,190,168,0
21-04-2022,PMKVY 3.0,CSCM,STT,Punjab,Mansa,523,240,231,94,63
21-04-2022,PMKVY 3.0,CSSM,STT,Punjab,Mansa,60,60,60,54,44
21-04-2022,PMKVY 3.0,CSSM,STT,Punjab,Moga,120,120,119,93,67
21-04-2022,PMKVY 3.0,CSCM,STT,Punjab,Moga,480,120,117,107,0
21-04-2022,PMKVY 3.0,CSSM,STT,Punjab,Pathankot,60,60,60,58,36
21-04-2022,PMKVY 3.0,CSCM,STT,Punjab,Pathankot,480,160,110,101,0
21-04-2022,PMKVY 3.0,CSSM,STT,Punjab,Patiala,150,90,81,76,69
21-04-2022,PMKVY 3.0,CSCM,STT,Punjab,Patiala,792,157,110,93,16
21-04-2022,PMKVY 3.0,CSCM,STT,Punjab,Rupnagar,300,120,112,106,34
21-04-2022,PMKVY 3.0,CSSM,STT,Punjab,Rupnagar,120,120,120,111,103
21-04-2022,PMKVY 3.0,CSSM,STT,Punjab,S.A.S Nagar,120,120,119,113,94
21-04-2022,PMKVY 3.0,CSCM,STT,Punjab,S.A.S Nagar,210,147,109,101,72
21-04-2022,PMKVY 3.0,CSSM,STT,Punjab,Sangrur,60,60,60,59,49
21-04-2022,PMKVY 3.0,CSCM,STT,Punjab,Sangrur,526,240,140,70,14
21-04-2022,PMKVY 3.0,CSCM,STT,Punjab,Shahid Bhagat Singh Nagar,343,170,139,134,0
21-04-2022,PMKVY 3.0,CSSM,STT,Punjab,Shahid Bhagat Singh Nagar,60,60,60,60,48
21-04-2022,PMKVY 3.0,CSSM,STT,Punjab,Sri Muktsar Sahib,120,120,120,115,101
21-04-2022,PMKVY 3.0,CSCM,STT,Punjab,Sri Muktsar Sahib,233,120,117,113,23
21-04-2022,PMKVY 3.0,CSSM,STT,Punjab,Tarn Taran,60,60,60,48,20
21-04-2022,PMKVY 3.0,CSCM,STT,Punjab,Tarn Taran,253,119,119,107,17
21-04-2022,PMKVY 2.0,CSCM,RPL,Rajasthan,Ajmer,18402,18085,17498,17292,0
21-04-2022,PMKVY 2.0,CSCM,RPL,Rajasthan,Alwar,36282,34840,31153,30254,0
21-04-2022,PMKVY 2.0,CSCM,RPL,Rajasthan,Banswara,9327,9244,9106,9069,0
21-04-2022,PMKVY 2.0,CSCM,RPL,Rajasthan,Baran,3142,3142,2754,2416,0
21-04-2022,PMKVY 2.0,CSCM,RPL,Rajasthan,Barmer,17371,17325,16855,16489,0
21-04-2022,PMKVY 2.0,CSCM,RPL,Rajasthan,Bharatpur,15856,15484,14227,13413,0
21-04-2022,PMKVY 2.0,CSCM,RPL,Rajasthan,Bhilwara,28078,28032,26271,25555,0
21-04-2022,PMKVY 2.0,CSCM,RPL,Rajasthan,Bikaner,10506,10482,10112,10054,0
21-04-2022,PMKVY 2.0,CSCM,RPL,Rajasthan,Bundi,7376,7376,6522,5996,0
21-04-2022,PMKVY 2.0,CSCM,RPL,Rajasthan,Chittorgarh,18363,18314,17479,17164,0
21-04-2022,PMKVY 2.0,CSCM,RPL,Rajasthan,Churu,18705,18654,17713,17158,0
21-04-2022,PMKVY 2.0,CSCM,RPL,Rajasthan,Dausa,21792,21661,20869,19989,0
21-04-2022,PMKVY 2.0,CSCM,RPL,Rajasthan,Dholpur,3993,3993,3514,3109,0
21-04-2022,PMKVY 2.0,CSCM,RPL,Rajasthan,Dungarpur,3253,3253,3149,3080,0
21-04-2022,PMKVY 2.0,CSCM,RPL,Rajasthan,Ganganagar,34340,34270,34031,33789,0
21-04-2022,PMKVY 2.0,CSCM,RPL,Rajasthan,Hanumangarh,14678,14601,13968,13681,0
21-04-2022,PMKVY 2.0,CSCM,RPL,Rajasthan,Jaipur,132875,129853,124143,120940,0
21-04-2022,PMKVY 2.0,CSCM,RPL,Rajasthan,Jaisalmer,5498,5498,5456,5406,0
21-04-2022,PMKVY 2.0,CSCM,RPL,Rajasthan,Jalore,2375,2344,2221,2195,0
21-04-2022,PMKVY 2.0,CSCM,RPL,Rajasthan,Jhalawar,12988,12837,11688,10542,0
21-04-2022,PMKVY 2.0,CSCM,RPL,Rajasthan,Jhunjhunu,24705,24677,24096,23953,0
21-04-2022,PMKVY 2.0,CSCM,RPL,Rajasthan,Jodhpur,25943,25806,24512,24146,0
21-04-2022,PMKVY 2.0,CSCM,RPL,Rajasthan,Karauli,1805,1805,1596,1377,0
21-04-2022,PMKVY 2.0,CSCM,RPL,Rajasthan,Kota,11652,11363,10881,10653,0
21-04-2022,PMKVY 2.0,CSCM,RPL,Rajasthan,Nagaur,9675,9488,9093,8829,0
21-04-2022,PMKVY 2.0,CSCM,RPL,Rajasthan,Pali,11908,11705,9726,8230,0
21-04-2022,PMKVY 2.0,CSCM,RPL,Rajasthan,Pratapgarh,810,810,722,708,0
21-04-2022,PMKVY 2.0,CSCM,RPL,Rajasthan,Rajsamand,8406,8387,6614,5929,0
21-04-2022,PMKVY 2.0,CSCM,RPL,Rajasthan,Sawai Madhopur,18683,18621,18378,17961,0
21-04-2022,PMKVY 2.0,CSCM,RPL,Rajasthan,Sikar,18610,17608,16439,15897,0
21-04-2022,PMKVY 2.0,CSCM,RPL,Rajasthan,Sirohi,4863,4851,4586,4121,0
21-04-2022,PMKVY 2.0,CSCM,RPL,Rajasthan,Tonk,7374,7339,6742,6687,0
21-04-2022,PMKVY 2.0,CSCM,RPL,Rajasthan,Udaipur,13786,13471,11854,11279,0
21-04-2022,PMKVY 2.0,CSCM,SP,Rajasthan,Ajmer,49,31,31,28,5
21-04-2022,PMKVY 2.0,CSCM,SP,Rajasthan,Bharatpur,1246,660,497,410,321
21-04-2022,PMKVY 2.0,CSCM,SP,Rajasthan,Ganganagar,347,325,289,275,182
21-04-2022,PMKVY 2.0,CSCM,SP,Rajasthan,Hanumangarh,480,480,476,409,240
21-04-2022,PMKVY 2.0,CSCM,SP,Rajasthan,Jaipur,25,25,23,16,0
21-04-2022,PMKVY 2.0,CSCM,SP,Rajasthan,Jaisalmer,30,29,26,26,10
21-04-2022,PMKVY 2.0,CSCM,SP,Rajasthan,Jalore,120,120,120,117,104
21-04-2022,PMKVY 2.0,CSCM,SP,Rajasthan,Udaipur,718,718,685,572,573
21-04-2022,PMKVY 2.0,CSSM,STT,Rajasthan,Ajmer,1434,1418,967,881,3
21-04-2022,PMKVY 2.0,CSCM,STT,Rajasthan,Ajmer,9373,9020,8347,7553,4339
21-04-2022,PMKVY 2.0,CSCM,STT,Rajasthan,Alwar,26377,25190,24029,21293,11679
21-04-2022,PMKVY 2.0,CSSM,STT,Rajasthan,Alwar,1947,1906,1538,1325,1
21-04-2022,PMKVY 2.0,CSSM,STT,Rajasthan,Banswara,160,160,160,154,0
21-04-2022,PMKVY 2.0,CSCM,STT,Rajasthan,Banswara,3180,3111,2916,2614,1920
21-04-2022,PMKVY 2.0,CSCM,STT,Rajasthan,Baran,4607,3965,3856,3498,2191
21-04-2022,PMKVY 2.0,CSSM,STT,Rajasthan,Baran,285,285,270,244,0
21-04-2022,PMKVY 2.0,CSSM,STT,Rajasthan,Barmer,495,495,354,327,0
21-04-2022,PMKVY 2.0,CSCM,STT,Rajasthan,Barmer,3263,3038,2972,2617,1753
21-04-2022,PMKVY 2.0,CSSM,STT,Rajasthan,Bharatpur,1749,1652,1411,1239,3
21-04-2022,PMKVY 2.0,CSCM,STT,Rajasthan,Bharatpur,16437,15918,14895,13245,6428
21-04-2022,PMKVY 2.0,CSSM,STT,Rajasthan,Bhilwara,590,558,161,151,0
21-04-2022,PMKVY 2.0,CSCM,STT,Rajasthan,Bhilwara,7427,7128,6821,6279,4346
21-04-2022,PMKVY 2.0,CSCM,STT,Rajasthan,Bikaner,5898,5233,4940,4630,2792
21-04-2022,PMKVY 2.0,CSSM,STT,Rajasthan,Bikaner,270,267,156,152,0
21-04-2022,PMKVY 2.0,CSSM,STT,Rajasthan,Bundi,579,567,503,475,0
21-04-2022,PMKVY 2.0,CSCM,STT,Rajasthan,Bundi,3478,3252,3208,2991,2093
21-04-2022,PMKVY 2.0,CSCM,STT,Rajasthan,Chittorgarh,6835,6254,6076,5563,4347
21-04-2022,PMKVY 2.0,CSSM,STT,Rajasthan,Chittorgarh,269,264,160,152,0
21-04-2022,PMKVY 2.0,CSSM,STT,Rajasthan,Churu,1104,1104,964,815,0
21-04-2022,PMKVY 2.0,CSCM,STT,Rajasthan,Churu,14769,13705,13502,12598,8677
21-04-2022,PMKVY 2.0,CSCM,STT,Rajasthan,Dausa,8573,7893,7657,6931,4217
21-04-2022,PMKVY 2.0,CSSM,STT,Rajasthan,Dausa,1628,1610,1202,1100,0
21-04-2022,PMKVY 2.0,CSSM,STT,Rajasthan,Dholpur,1180,1178,1013,918,0
21-04-2022,PMKVY 2.0,CSCM,STT,Rajasthan,Dholpur,6059,5777,5581,4897,2777
21-04-2022,PMKVY 2.0,CSSM,STT,Rajasthan,Dungarpur,110,63,63,42,0
21-04-2022,PMKVY 2.0,CSCM,STT,Rajasthan,Dungarpur,3717,3633,3442,3105,2122
21-04-2022,PMKVY 2.0,CSSM,STT,Rajasthan,Ganganagar,822,754,615,548,0
21-04-2022,PMKVY 2.0,CSCM,STT,Rajasthan,Ganganagar,16168,15836,15639,14891,8822
21-04-2022,PMKVY 2.0,CSSM,STT,Rajasthan,Hanumangarh,719,685,539,459,0
21-04-2022,PMKVY 2.0,CSCM,STT,Rajasthan,Hanumangarh,26957,25872,25405,23870,13026
21-04-2022,PMKVY 2.0,CSSM,STT,Rajasthan,Jaipur,4775,4622,3547,3232,0
21-04-2022,PMKVY 2.0,CSCM,STT,Rajasthan,Jaipur,43222,41513,39774,36597,21682
21-04-2022,PMKVY 2.0,CSSM,STT,Rajasthan,Jaisalmer,60,60,60,58,0
21-04-2022,PMKVY 2.0,CSCM,STT,Rajasthan,Jaisalmer,3330,3090,3078,2960,2126
21-04-2022,PMKVY 2.0,CSCM,STT,Rajasthan,Jalore,4200,3420,3273,2957,1865
21-04-2022,PMKVY 2.0,CSSM,STT,Rajasthan,Jalore,250,248,244,201,0
21-04-2022,PMKVY 2.0,CSCM,STT,Rajasthan,Jhalawar,2082,2026,1972,1833,1258
21-04-2022,PMKVY 2.0,CSSM,STT,Rajasthan,Jhalawar,313,295,285,249,0
21-04-2022,PMKVY 2.0,CSCM,STT,Rajasthan,Jhunjhunu,43216,41635,40667,38250,21029
21-04-2022,PMKVY 2.0,CSSM,STT,Rajasthan,Jhunjhunu,1933,1889,1692,1533,98
21-04-2022,PMKVY 2.0,CSSM,STT,Rajasthan,Jodhpur,629,620,441,419,0
21-04-2022,PMKVY 2.0,CSCM,STT,Rajasthan,Jodhpur,6182,5573,5270,4599,2555
21-04-2022,PMKVY 2.0,CSCM,STT,Rajasthan,Karauli,5906,5610,5315,4707,1898
21-04-2022,PMKVY 2.0,CSSM,STT,Rajasthan,Karauli,701,674,585,536,0
21-04-2022,PMKVY 2.0,CSSM,STT,Rajasthan,Kota,643,643,620,599,0
21-04-2022,PMKVY 2.0,CSCM,STT,Rajasthan,Kota,4888,4576,4271,3720,2627
21-04-2022,PMKVY 2.0,CSSM,STT,Rajasthan,Nagaur,1249,1189,717,646,0
21-04-2022,PMKVY 2.0,CSCM,STT,Rajasthan,Nagaur,11958,11461,11306,10517,6621
21-04-2022,PMKVY 2.0,CSSM,STT,Rajasthan,Pali,296,296,262,236,0
21-04-2022,PMKVY 2.0,CSCM,STT,Rajasthan,Pali,3940,3408,3019,2605,1725
21-04-2022,PMKVY 2.0,CSCM,STT,Rajasthan,Pratapgarh,1931,1760,1582,1316,950
21-04-2022,PMKVY 2.0,CSSM,STT,Rajasthan,Pratapgarh,193,168,159,133,0
21-04-2022,PMKVY 2.0,CSSM,STT,Rajasthan,Rajsamand,180,180,160,128,0
21-04-2022,PMKVY 2.0,CSCM,STT,Rajasthan,Rajsamand,2961,2778,2497,2345,1766
21-04-2022,PMKVY 2.0,CSCM,STT,Rajasthan,Sawai Madhopur,2177,1945,1760,1576,1103
21-04-2022,PMKVY 2.0,CSSM,STT,Rajasthan,Sawai Madhopur,596,590,544,527,0
21-04-2022,PMKVY 2.0,CSCM,STT,Rajasthan,Sikar,20853,19574,19068,17760,9341
21-04-2022,PMKVY 2.0,CSSM,STT,Rajasthan,Sikar,3172,3131,2521,2299,39
21-04-2022,PMKVY 2.0,CSSM,STT,Rajasthan,Sirohi,593,398,310,255,0
21-04-2022,PMKVY 2.0,CSCM,STT,Rajasthan,Sirohi,3226,2695,2638,2416,1769
21-04-2022,PMKVY 2.0,CSSM,STT,Rajasthan,Tonk,940,940,845,811,0
21-04-2022,PMKVY 2.0,CSCM,STT,Rajasthan,Tonk,8419,8009,7597,6833,3648
21-04-2022,PMKVY 2.0,CSCM,STT,Rajasthan,Udaipur,7279,6821,6411,5810,4285
21-04-2022,PMKVY 2.0,CSSM,STT,Rajasthan,Udaipur,327,327,151,129,0
21-04-2022,PMKVY 3.0,CSCM,RPL,Rajasthan,Ajmer,27,27,20,17,0
21-04-2022,PMKVY 3.0,CSSM,RPL,Rajasthan,Ajmer,180,180,143,100,0
21-04-2022,PMKVY 3.0,CSSM,RPL,Rajasthan,Alwar,200,200,169,158,0
21-04-2022,PMKVY 3.0,CSCM,RPL,Rajasthan,Alwar,348,348,280,166,0
21-04-2022,PMKVY 3.0,CSSM,RPL,Rajasthan,Banswara,225,225,120,41,0
21-04-2022,PMKVY 3.0,CSCM,RPL,Rajasthan,Banswara,739,739,605,600,0
21-04-2022,PMKVY 3.0,CSSM,RPL,Rajasthan,Baran,200,200,197,123,0
21-04-2022,PMKVY 3.0,CSSM,RPL,Rajasthan,Barmer,110,110,66,62,0
21-04-2022,PMKVY 3.0,CSCM,RPL,Rajasthan,Barmer,200,200,197,187,0
21-04-2022,PMKVY 3.0,CSCM,RPL,Rajasthan,Bharatpur,326,296,265,210,0
21-04-2022,PMKVY 3.0,CSSM,RPL,Rajasthan,Bharatpur,240,240,181,158,0
21-04-2022,PMKVY 3.0,CSSM,RPL,Rajasthan,Bhilwara,100,100,52,48,0
21-04-2022,PMKVY 3.0,CSCM,RPL,Rajasthan,Bhilwara,1307,1285,1053,1015,0
21-04-2022,PMKVY 3.0,CSSM,RPL,Rajasthan,Bikaner,240,240,20,18,0
21-04-2022,PMKVY 3.0,CSCM,RPL,Rajasthan,Bikaner,232,232,166,149,0
21-04-2022,PMKVY 3.0,CSCM,RPL,Rajasthan,Bundi,200,200,160,127,0
21-04-2022,PMKVY 3.0,CSSM,RPL,Rajasthan,Bundi,200,200,200,189,0
21-04-2022,PMKVY 3.0,CSCM,RPL,Rajasthan,Chittorgarh,446,446,439,433,0
21-04-2022,PMKVY 3.0,CSSM,RPL,Rajasthan,Chittorgarh,200,200,154,121,0
21-04-2022,PMKVY 3.0,CSSM,RPL,Rajasthan,Churu,200,200,186,173,0
21-04-2022,PMKVY 3.0,CSCM,RPL,Rajasthan,Dausa,204,200,51,27,0
21-04-2022,PMKVY 3.0,CSSM,RPL,Rajasthan,Dausa,170,170,162,118,0
21-04-2022,PMKVY 3.0,CSCM,RPL,Rajasthan,Dholpur,246,246,233,193,0
21-04-2022,PMKVY 3.0,CSSM,RPL,Rajasthan,Dholpur,90,90,88,79,0
21-04-2022,PMKVY 3.0,CSSM,RPL,Rajasthan,Dungarpur,110,110,30,30,0
21-04-2022,PMKVY 3.0,CSCM,RPL,Rajasthan,Ganganagar,217,217,207,179,0
21-04-2022,PMKVY 3.0,CSCM,RPL,Rajasthan,Hanumangarh,255,255,227,219,0
21-04-2022,PMKVY 3.0,CSSM,RPL,Rajasthan,Hanumangarh,200,200,145,100,0
21-04-2022,PMKVY 3.0,CSCM,RPL,Rajasthan,Jaipur,3426,3426,3337,3282,0
21-04-2022,PMKVY 3.0,CSSM,RPL,Rajasthan,Jaipur,200,200,140,132,0
21-04-2022,PMKVY 3.0,CSSM,RPL,Rajasthan,Jaisalmer,200,200,173,104,0
21-04-2022,PMKVY 3.0,CSSM,RPL,Rajasthan,Jalore,138,138,121,103,0
21-04-2022,PMKVY 3.0,CSSM,RPL,Rajasthan,Jhalawar,200,200,133,128,0
21-04-2022,PMKVY 3.0,CSCM,RPL,Rajasthan,Jhalawar,471,449,422,413,0
21-04-2022,PMKVY 3.0,CSSM,RPL,Rajasthan,Jhunjhunu,200,200,200,181,0
21-04-2022,PMKVY 3.0,CSCM,RPL,Rajasthan,Jhunjhunu,279,264,91,88,0
21-04-2022,PMKVY 3.0,CSSM,RPL,Rajasthan,Jodhpur,200,200,140,133,0
21-04-2022,PMKVY 3.0,CSCM,RPL,Rajasthan,Jodhpur,621,621,534,500,0
21-04-2022,PMKVY 3.0,CSSM,RPL,Rajasthan,Karauli,170,170,101,81,0
21-04-2022,PMKVY 3.0,CSCM,RPL,Rajasthan,Karauli,275,275,265,168,0
21-04-2022,PMKVY 3.0,CSCM,RPL,Rajasthan,Kota,257,257,210,173,0
21-04-2022,PMKVY 3.0,CSSM,RPL,Rajasthan,Kota,267,225,187,171,0
21-04-2022,PMKVY 3.0,CSCM,RPL,Rajasthan,Nagaur,237,237,225,202,0
21-04-2022,PMKVY 3.0,CSSM,RPL,Rajasthan,Nagaur,200,200,177,156,0
21-04-2022,PMKVY 3.0,CSCM,RPL,Rajasthan,Pali,441,441,367,338,0
21-04-2022,PMKVY 3.0,CSSM,RPL,Rajasthan,Pali,180,180,134,127,0
21-04-2022,PMKVY 3.0,CSCM,RPL,Rajasthan,Pratapgarh,180,180,133,117,0
21-04-2022,PMKVY 3.0,CSSM,RPL,Rajasthan,Pratapgarh,140,140,0,0,0
21-04-2022,PMKVY 3.0,CSSM,RPL,Rajasthan,Rajsamand,196,196,109,99,0
21-04-2022,PMKVY 3.0,CSCM,RPL,Rajasthan,Sawai Madhopur,3,3,0,0,0
21-04-2022,PMKVY 3.0,CSSM,RPL,Rajasthan,Sawai Madhopur,200,200,199,190,0
21-04-2022,PMKVY 3.0,CSSM,RPL,Rajasthan,Sikar,590,590,527,482,0
21-04-2022,PMKVY 3.0,CSCM,RPL,Rajasthan,Sikar,140,140,53,53,0
21-04-2022,PMKVY 3.0,CSCM,RPL,Rajasthan,Sirohi,448,448,371,355,0
21-04-2022,PMKVY 3.0,CSSM,RPL,Rajasthan,Sirohi,198,198,183,171,0
21-04-2022,PMKVY 3.0,CSSM,RPL,Rajasthan,Tonk,285,285,218,208,0
21-04-2022,PMKVY 3.0,CSCM,RPL,Rajasthan,Tonk,101,101,85,82,0
21-04-2022,PMKVY 3.0,CSCM,RPL,Rajasthan,Udaipur,346,346,322,296,0
21-04-2022,PMKVY 3.0,CSSM,RPL,Rajasthan,Udaipur,196,196,148,141,0
21-04-2022,PMKVY 3.0,CSCM,SP,Rajasthan,Alwar,521,521,487,0,0
21-04-2022,PMKVY 3.0,CSCM,SP,Rajasthan,Baran,129,129,125,0,0
21-04-2022,PMKVY 3.0,CSCM,SP,Rajasthan,Barmer,146,146,144,0,0
21-04-2022,PMKVY 3.0,CSCM,SP,Rajasthan,Bharatpur,140,136,134,0,0
21-04-2022,PMKVY 3.0,CSCM,SP,Rajasthan,Bikaner,118,118,118,0,0
21-04-2022,PMKVY 3.0,CSCM,SP,Rajasthan,Chittorgarh,58,58,58,0,0
21-04-2022,PMKVY 3.0,CSCM,SP,Rajasthan,Churu,677,637,630,0,0
21-04-2022,PMKVY 3.0,CSCM,SP,Rajasthan,Dholpur,80,80,80,0,0
21-04-2022,PMKVY 3.0,CSCM,SP,Rajasthan,Hanumangarh,300,300,299,0,0
21-04-2022,PMKVY 3.0,CSCM,SP,Rajasthan,Jaipur,1526,1526,1483,59,0
21-04-2022,PMKVY 3.0,CSCM,SP,Rajasthan,Jalore,80,80,73,0,0
21-04-2022,PMKVY 3.0,CSCM,SP,Rajasthan,Jhunjhunu,1413,1383,1376,0,0
21-04-2022,PMKVY 3.0,CSCM,SP,Rajasthan,Jodhpur,252,252,248,0,0
21-04-2022,PMKVY 3.0,CSCM,SP,Rajasthan,Kota,180,180,174,44,0
21-04-2022,PMKVY 3.0,CSCM,SP,Rajasthan,Nagaur,260,260,256,0,0
21-04-2022,PMKVY 3.0,CSCM,SP,Rajasthan,Pali,640,640,612,39,0
21-04-2022,PMKVY 3.0,CSCM,SP,Rajasthan,Sikar,572,508,508,0,0
21-04-2022,PMKVY 3.0,CSCM,SP,Rajasthan,Sirohi,80,80,80,0,0
21-04-2022,PMKVY 3.0,CSCM,SP,Rajasthan,Tonk,79,79,79,0,0
21-04-2022,PMKVY 3.0,CSCM,SP,Rajasthan,Udaipur,20,20,20,0,0
21-04-2022,PMKVY 3.0,CSCM,STT,Rajasthan,Ajmer,523,149,97,68,12
21-04-2022,PMKVY 3.0,CSSM,STT,Rajasthan,Ajmer,120,120,117,116,0
21-04-2022,PMKVY 3.0,CSSM,STT,Rajasthan,Alwar,120,120,110,108,0
21-04-2022,PMKVY 3.0,CSCM,STT,Rajasthan,Alwar,520,240,159,105,30
21-04-2022,PMKVY 3.0,CSCM,STT,Rajasthan,Banswara,480,240,155,69,4
21-04-2022,PMKVY 3.0,CSSM,STT,Rajasthan,Banswara,80,80,72,50,0
21-04-2022,PMKVY 3.0,CSCM,STT,Rajasthan,Baran,386,146,103,89,6
21-04-2022,PMKVY 3.0,CSSM,STT,Rajasthan,Baran,90,90,90,85,0
21-04-2022,PMKVY 3.0,CSCM,STT,Rajasthan,Barmer,409,330,270,232,91
21-04-2022,PMKVY 3.0,CSSM,STT,Rajasthan,Barmer,120,120,120,111,0
21-04-2022,PMKVY 3.0,CSSM,STT,Rajasthan,Bharatpur,375,375,162,141,0
21-04-2022,PMKVY 3.0,CSCM,STT,Rajasthan,Bharatpur,480,120,119,99,37
21-04-2022,PMKVY 3.0,CSCM,STT,Rajasthan,Bhilwara,565,210,138,103,0
21-04-2022,PMKVY 3.0,CSSM,STT,Rajasthan,Bhilwara,90,90,0,0,0
21-04-2022,PMKVY 3.0,CSSM,STT,Rajasthan,Bikaner,60,60,0,0,0
21-04-2022,PMKVY 3.0,CSCM,STT,Rajasthan,Bikaner,515,160,120,104,0
21-04-2022,PMKVY 3.0,CSCM,STT,Rajasthan,Bundi,520,205,120,105,0
21-04-2022,PMKVY 3.0,CSSM,STT,Rajasthan,Bundi,119,119,119,113,0
21-04-2022,PMKVY 3.0,CSCM,STT,Rajasthan,Chittorgarh,379,120,100,92,0
21-04-2022,PMKVY 3.0,CSCM,STT,Rajasthan,Churu,143,102,0,0,0
21-04-2022,PMKVY 3.0,CSCM,STT,Rajasthan,Dausa,120,120,117,104,74
21-04-2022,PMKVY 3.0,CSSM,STT,Rajasthan,Dausa,360,360,352,319,0
21-04-2022,PMKVY 3.0,CSSM,STT,Rajasthan,Dholpur,77,77,77,72,0
21-04-2022,PMKVY 3.0,CSCM,STT,Rajasthan,Dholpur,120,120,120,108,0
21-04-2022,PMKVY 3.0,CSSM,STT,Rajasthan,Dungarpur,50,50,0,0,0
21-04-2022,PMKVY 3.0,CSCM,STT,Rajasthan,Dungarpur,496,120,79,71,0
21-04-2022,PMKVY 3.0,CSSM,STT,Rajasthan,Ganganagar,120,120,118,113,0
21-04-2022,PMKVY 3.0,CSCM,STT,Rajasthan,Ganganagar,487,120,118,81,0
21-04-2022,PMKVY 3.0,CSSM,STT,Rajasthan,Hanumangarh,120,119,119,117,0
21-04-2022,PMKVY 3.0,CSCM,STT,Rajasthan,Hanumangarh,360,240,151,137,0
21-04-2022,PMKVY 3.0,CSCM,STT,Rajasthan,Jaipur,704,350,301,255,149
21-04-2022,PMKVY 3.0,CSSM,STT,Rajasthan,Jaipur,655,535,415,376,0
21-04-2022,PMKVY 3.0,CSCM,STT,Rajasthan,Jaisalmer,120,120,120,106,0
21-04-2022,PMKVY 3.0,CSCM,STT,Rajasthan,Jalore,739,200,88,79,0
21-04-2022,PMKVY 3.0,CSSM,STT,Rajasthan,Jhalawar,95,85,15,11,0
21-04-2022,PMKVY 3.0,CSCM,STT,Rajasthan,Jhalawar,509,119,107,98,0
21-04-2022,PMKVY 3.0,CSCM,STT,Rajasthan,Jhunjhunu,291,160,103,67,64
21-04-2022,PMKVY 3.0,CSSM,STT,Rajasthan,Jhunjhunu,330,240,147,139,0
21-04-2022,PMKVY 3.0,CSCM,STT,Rajasthan,Jodhpur,517,120,118,79,65
21-04-2022,PMKVY 3.0,CSCM,STT,Rajasthan,Karauli,626,345,199,181,9
21-04-2022,PMKVY 3.0,CSSM,STT,Rajasthan,Karauli,84,84,82,78,0
21-04-2022,PMKVY 3.0,CSSM,STT,Rajasthan,Kota,240,240,119,116,0
21-04-2022,PMKVY 3.0,CSCM,STT,Rajasthan,Kota,560,120,120,53,0
21-04-2022,PMKVY 3.0,CSSM,STT,Rajasthan,Nagaur,60,60,0,0,0
21-04-2022,PMKVY 3.0,CSCM,STT,Rajasthan,Nagaur,390,200,180,166,0
21-04-2022,PMKVY 3.0,CSCM,STT,Rajasthan,Pali,637,120,102,96,0
21-04-2022,PMKVY 3.0,CSCM,STT,Rajasthan,Pratapgarh,480,150,79,64,10
21-04-2022,PMKVY 3.0,CSCM,STT,Rajasthan,Rajsamand,25,0,0,0,0
21-04-2022,PMKVY 3.0,CSCM,STT,Rajasthan,Sawai Madhopur,23,0,0,0,0
21-04-2022,PMKVY 3.0,CSSM,STT,Rajasthan,Sikar,381,291,291,282,0
21-04-2022,PMKVY 3.0,CSCM,STT,Rajasthan,Sikar,185,120,113,113,66
21-04-2022,PMKVY 3.0,CSSM,STT,Rajasthan,Sirohi,90,90,86,82,0
21-04-2022,PMKVY 3.0,CSCM,STT,Rajasthan,Sirohi,520,120,119,117,47
21-04-2022,PMKVY 3.0,CSCM,STT,Rajasthan,Tonk,240,116,112,101,59
21-04-2022,PMKVY 3.0,CSSM,STT,Rajasthan,Tonk,344,224,224,180,0
21-04-2022,PMKVY 3.0,CSCM,STT,Rajasthan,Udaipur,160,0,0,0,0
21-04-2022,PMKVY 2.0,CSCM,RPL,Sikkim,East District,680,680,570,539,0
21-04-2022,PMKVY 2.0,CSCM,RPL,Sikkim,North District,269,269,221,217,0
21-04-2022,PMKVY 2.0,CSCM,RPL,Sikkim,South District,583,583,573,556,0
21-04-2022,PMKVY 2.0,CSCM,RPL,Sikkim,West District,172,172,170,170,0
21-04-2022,PMKVY 2.0,CSCM,SP,Sikkim,East District,228,228,166,162,116
21-04-2022,PMKVY 2.0,CSCM,STT,Sikkim,East District,500,500,424,408,0
21-04-2022,PMKVY 2.0,CSSM,STT,Sikkim,East District,2625,2616,2289,1900,864
21-04-2022,PMKVY 2.0,CSSM,STT,Sikkim,North District,120,120,116,112,0
21-04-2022,PMKVY 2.0,CSCM,STT,Sikkim,North District,2652,2380,2371,2254,1387
21-04-2022,PMKVY 2.0,CSCM,STT,Sikkim,South District,525,525,514,472,79
21-04-2022,PMKVY 2.0,CSSM,STT,Sikkim,South District,54,40,40,34,0
21-04-2022,PMKVY 2.0,CSSM,STT,Sikkim,West District,657,657,641,620,36
21-04-2022,PMKVY 2.0,CSCM,STT,Sikkim,West District,2491,2329,2020,1851,1020
21-04-2022,PMKVY 3.0,CSCM,RPL,Sikkim,East District,195,195,175,175,0
21-04-2022,PMKVY 3.0,CSCM,RPL,Sikkim,North District,1,1,0,0,0
21-04-2022,PMKVY 3.0,CSCM,SP,Sikkim,East District,330,200,198,0,0
21-04-2022,PMKVY 3.0,CSCM,SP,Sikkim,West District,240,240,237,0,0
21-04-2022,PMKVY 3.0,CSCM,STT,Sikkim,East District,725,120,105,101,80
21-04-2022,PMKVY 3.0,CSSM,STT,Sikkim,East District,172,172,120,118,85
21-04-2022,PMKVY 3.0,CSSM,STT,Sikkim,North District,90,90,0,0,0
21-04-2022,PMKVY 3.0,CSCM,STT,Sikkim,South District,240,150,110,97,0
21-04-2022,PMKVY 3.0,CSSM,STT,Sikkim,West District,120,120,120,97,97
21-04-2022,PMKVY 3.0,CSCM,STT,Sikkim,West District,149,149,71,70,0
21-04-2022,PMKVY 2.0,CSCM,RPL,Tamil Nadu,Ariyalur,4159,4159,4134,4101,0
21-04-2022,PMKVY 2.0,CSCM,RPL,Tamil Nadu,Chennai,68021,67137,59171,58257,0
21-04-2022,PMKVY 2.0,CSCM,RPL,Tamil Nadu,Coimbatore,19768,19260,16279,15903,0
21-04-2022,PMKVY 2.0,CSCM,RPL,Tamil Nadu,Cuddalore,1911,1893,1720,1602,0
21-04-2022,PMKVY 2.0,CSCM,RPL,Tamil Nadu,Dharmapuri,2799,2633,2260,2112,0
21-04-2022,PMKVY 2.0,CSCM,RPL,Tamil Nadu,Dindigul,2193,2175,2057,2050,0
21-04-2022,PMKVY 2.0,CSCM,RPL,Tamil Nadu,Erode,4662,4529,3841,3664,0
21-04-2022,PMKVY 2.0,CSCM,RPL,Tamil Nadu,Kanchipuram,39447,38931,36571,31140,0
21-04-2022,PMKVY 2.0,CSCM,RPL,Tamil Nadu,Kanniyakumari,12039,11853,11088,10373,0
21-04-2022,PMKVY 2.0,CSCM,RPL,Tamil Nadu,Karur,1412,1331,1096,1055,0
21-04-2022,PMKVY 2.0,CSCM,RPL,Tamil Nadu,Krishnagiri,13931,13769,12136,11817,0
21-04-2022,PMKVY 2.0,CSCM,RPL,Tamil Nadu,Madurai,11096,10891,9917,9745,0
21-04-2022,PMKVY 2.0,CSCM,RPL,Tamil Nadu,Nagapattinam,1418,1395,1227,1130,0
21-04-2022,PMKVY 2.0,CSCM,RPL,Tamil Nadu,Namakkal,5276,4951,4132,3836,0
21-04-2022,PMKVY 2.0,CSCM,RPL,Tamil Nadu,Perambalur,395,395,367,337,0
21-04-2022,PMKVY 2.0,CSCM,RPL,Tamil Nadu,Pudukkottai,1245,1245,1194,1149,0
21-04-2022,PMKVY 2.0,CSCM,RPL,Tamil Nadu,Ramanathapuram,353,347,304,281,0
21-04-2022,PMKVY 2.0,CSCM,RPL,Tamil Nadu,Salem,14111,13676,11737,11041,0
21-04-2022,PMKVY 2.0,CSCM,RPL,Tamil Nadu,Sivaganga,674,668,627,585,0
21-04-2022,PMKVY 2.0,CSCM,RPL,Tamil Nadu,Thanjavur,1445,1431,1114,1021,0
21-04-2022,PMKVY 2.0,CSCM,RPL,Tamil Nadu,The Nilgiris,3555,3382,3136,2656,0
21-04-2022,PMKVY 2.0,CSCM,RPL,Tamil Nadu,Theni,2349,2299,1999,1867,0
21-04-2022,PMKVY 2.0,CSCM,RPL,Tamil Nadu,Thiruvallur,10199,10141,9481,9125,0
21-04-2022,PMKVY 2.0,CSCM,RPL,Tamil Nadu,Thiruvarur,569,568,487,465,0
21-04-2022,PMKVY 2.0,CSCM,RPL,Tamil Nadu,Tiruchirappalli,18597,17821,16247,15705,0
21-04-2022,PMKVY 2.0,CSCM,RPL,Tamil Nadu,Tirunelveli,5567,5329,4853,4549,0
21-04-2022,PMKVY 2.0,CSCM,RPL,Tamil Nadu,Tiruppur,8321,8257,7287,7243,0
21-04-2022,PMKVY 2.0,CSCM,RPL,Tamil Nadu,Tiruvannamalai,15632,15570,14281,14220,0
21-04-2022,PMKVY 2.0,CSCM,RPL,Tamil Nadu,Tuticorin,1677,1625,1423,1368,0
21-04-2022,PMKVY 2.0,CSCM,RPL,Tamil Nadu,Vellore,45315,45041,40949,39256,0
21-04-2022,PMKVY 2.0,CSCM,RPL,Tamil Nadu,Villupuram,1869,1866,1652,1601,0
21-04-2022,PMKVY 2.0,CSCM,RPL,Tamil Nadu,Virudhunagar,3562,3488,2917,2721,0
21-04-2022,PMKVY 2.0,CSCM,SP,Tamil Nadu,Ariyalur,24,24,21,21,19
21-04-2022,PMKVY 2.0,CSCM,SP,Tamil Nadu,Chennai,157,145,114,101,28
21-04-2022,PMKVY 2.0,CSCM,SP,Tamil Nadu,Coimbatore,2828,2583,2029,1959,1650
21-04-2022,PMKVY 2.0,CSCM,SP,Tamil Nadu,Dharmapuri,215,35,22,22,8
21-04-2022,PMKVY 2.0,CSCM,SP,Tamil Nadu,Dindigul,2248,1967,1513,1479,1396
21-04-2022,PMKVY 2.0,CSCM,SP,Tamil Nadu,Erode,1023,965,747,741,677
21-04-2022,PMKVY 2.0,CSCM,SP,Tamil Nadu,Kanchipuram,638,594,398,317,248
21-04-2022,PMKVY 2.0,CSCM,SP,Tamil Nadu,Kanniyakumari,24,24,20,14,14
21-04-2022,PMKVY 2.0,CSCM,SP,Tamil Nadu,Krishnagiri,738,554,477,438,409
21-04-2022,PMKVY 2.0,CSCM,SP,Tamil Nadu,Madurai,302,260,242,214,205
21-04-2022,PMKVY 2.0,CSCM,SP,Tamil Nadu,Namakkal,973,955,837,808,820
21-04-2022,PMKVY 2.0,CSCM,SP,Tamil Nadu,Pudukkottai,96,96,89,86,89
21-04-2022,PMKVY 2.0,CSCM,SP,Tamil Nadu,Ramanathapuram,360,360,349,317,0
21-04-2022,PMKVY 2.0,CSCM,SP,Tamil Nadu,Salem,598,542,515,472,386
21-04-2022,PMKVY 2.0,CSCM,SP,Tamil Nadu,Sivaganga,23,0,0,0,0
21-04-2022,PMKVY 2.0,CSCM,SP,Tamil Nadu,Thanjavur,40,30,30,28,11
21-04-2022,PMKVY 2.0,CSCM,SP,Tamil Nadu,Theni,181,174,162,143,134
21-04-2022,PMKVY 2.0,CSCM,SP,Tamil Nadu,Thiruvallur,365,365,346,312,261
21-04-2022,PMKVY 2.0,CSCM,SP,Tamil Nadu,Tiruchirappalli,27,27,23,20,11
21-04-2022,PMKVY 2.0,CSCM,SP,Tamil Nadu,Tirunelveli,74,67,64,63,46
21-04-2022,PMKVY 2.0,CSCM,SP,Tamil Nadu,Tiruppur,2186,1980,1608,1568,1534
21-04-2022,PMKVY 2.0,CSCM,SP,Tamil Nadu,Tuticorin,298,268,225,209,208
21-04-2022,PMKVY 2.0,CSCM,SP,Tamil Nadu,Vellore,872,823,690,563,523
21-04-2022,PMKVY 2.0,CSCM,SP,Tamil Nadu,Villupuram,318,317,294,256,66
21-04-2022,PMKVY 2.0,CSCM,SP,Tamil Nadu,Virudhunagar,843,808,701,701,687
21-04-2022,PMKVY 2.0,CSSM,STT,Tamil Nadu,Ariyalur,1730,1610,1583,1502,732
21-04-2022,PMKVY 2.0,CSCM,STT,Tamil Nadu,Ariyalur,1961,1796,1784,1756,1476
21-04-2022,PMKVY 2.0,CSSM,STT,Tamil Nadu,Chennai,2987,2748,2525,2391,1044
21-04-2022,PMKVY 2.0,CSCM,STT,Tamil Nadu,Chennai,13413,10779,9537,8814,4985
21-04-2022,PMKVY 2.0,CSCM,STT,Tamil Nadu,Coimbatore,9972,8725,8225,7261,4152
21-04-2022,PMKVY 2.0,CSSM,STT,Tamil Nadu,Coimbatore,1633,1554,1206,913,423
21-04-2022,PMKVY 2.0,CSCM,STT,Tamil Nadu,Cuddalore,6405,5593,5245,4645,3408
21-04-2022,PMKVY 2.0,CSSM,STT,Tamil Nadu,Cuddalore,2158,1935,1716,1610,792
21-04-2022,PMKVY 2.0,CSCM,STT,Tamil Nadu,Dharmapuri,3389,3214,2981,2577,2255
21-04-2022,PMKVY 2.0,CSSM,STT,Tamil Nadu,Dharmapuri,1873,1778,1599,1413,188
21-04-2022,PMKVY 2.0,CSCM,STT,Tamil Nadu,Dindigul,3588,3401,3059,2709,1514
21-04-2022,PMKVY 2.0,CSSM,STT,Tamil Nadu,Dindigul,1440,1420,1389,1316,618
21-04-2022,PMKVY 2.0,CSSM,STT,Tamil Nadu,Erode,2128,1793,1750,1629,924
21-04-2022,PMKVY 2.0,CSCM,STT,Tamil Nadu,Erode,11196,9708,8800,7696,5627
21-04-2022,PMKVY 2.0,CSSM,STT,Tamil Nadu,Kanchipuram,2261,2065,1818,1603,1131
21-04-2022,PMKVY 2.0,CSCM,STT,Tamil Nadu,Kanchipuram,7972,7744,7092,6409,2989
21-04-2022,PMKVY 2.0,CSCM,STT,Tamil Nadu,Kanniyakumari,5561,5493,4805,4265,2651
21-04-2022,PMKVY 2.0,CSSM,STT,Tamil Nadu,Kanniyakumari,793,724,674,588,169
21-04-2022,PMKVY 2.0,CSCM,STT,Tamil Nadu,Karur,5512,4956,4604,4180,2872
21-04-2022,PMKVY 2.0,CSSM,STT,Tamil Nadu,Karur,390,389,387,367,116
21-04-2022,PMKVY 2.0,CSSM,STT,Tamil Nadu,Krishnagiri,1518,1461,1287,1033,535
21-04-2022,PMKVY 2.0,CSCM,STT,Tamil Nadu,Krishnagiri,2342,1472,1316,1138,884
21-04-2022,PMKVY 2.0,CSCM,STT,Tamil Nadu,Madurai,7135,7076,6725,6212,3859
21-04-2022,PMKVY 2.0,CSSM,STT,Tamil Nadu,Madurai,870,818,776,746,406
21-04-2022,PMKVY 2.0,CSCM,STT,Tamil Nadu,Nagapattinam,3180,2575,2126,1901,974
21-04-2022,PMKVY 2.0,CSSM,STT,Tamil Nadu,Nagapattinam,390,377,377,362,203
21-04-2022,PMKVY 2.0,CSSM,STT,Tamil Nadu,Namakkal,942,914,796,698,304
21-04-2022,PMKVY 2.0,CSCM,STT,Tamil Nadu,Namakkal,15590,14256,13331,12225,8658
21-04-2022,PMKVY 2.0,CSSM,STT,Tamil Nadu,Perambalur,716,682,631,560,379
21-04-2022,PMKVY 2.0,CSCM,STT,Tamil Nadu,Perambalur,5072,4532,4370,4094,3458
21-04-2022,PMKVY 2.0,CSSM,STT,Tamil Nadu,Pudukkottai,1068,1011,935,824,418
21-04-2022,PMKVY 2.0,CSCM,STT,Tamil Nadu,Pudukkottai,1583,1583,1494,1377,1206
21-04-2022,PMKVY 2.0,CSSM,STT,Tamil Nadu,Ramanathapuram,899,797,758,681,168
21-04-2022,PMKVY 2.0,CSCM,STT,Tamil Nadu,Ramanathapuram,3648,3618,3436,2997,2079
21-04-2022,PMKVY 2.0,CSSM,STT,Tamil Nadu,Salem,2111,1910,1790,1598,457
21-04-2022,PMKVY 2.0,CSCM,STT,Tamil Nadu,Salem,8735,8354,7689,7028,4176
21-04-2022,PMKVY 2.0,CSCM,STT,Tamil Nadu,Sivaganga,4992,4898,4177,3660,2143
21-04-2022,PMKVY 2.0,CSSM,STT,Tamil Nadu,Sivaganga,768,601,520,453,157
21-04-2022,PMKVY 2.0,CSSM,STT,Tamil Nadu,Thanjavur,2050,1955,1833,1587,335
21-04-2022,PMKVY 2.0,CSCM,STT,Tamil Nadu,Thanjavur,4816,4358,4185,3862,2752
21-04-2022,PMKVY 2.0,CSSM,STT,Tamil Nadu,The Nilgiris,60,53,47,44,14
21-04-2022,PMKVY 2.0,CSCM,STT,Tamil Nadu,The Nilgiris,2926,2278,2167,1898,927
21-04-2022,PMKVY 2.0,CSCM,STT,Tamil Nadu,Theni,5109,5030,4732,4373,2999
21-04-2022,PMKVY 2.0,CSSM,STT,Tamil Nadu,Theni,240,239,231,219,89
21-04-2022,PMKVY 2.0,CSSM,STT,Tamil Nadu,Thiruvallur,3334,3211,2864,2533,1324
21-04-2022,PMKVY 2.0,CSCM,STT,Tamil Nadu,Thiruvallur,9066,9050,8504,7917,6387
21-04-2022,PMKVY 2.0,CSSM,STT,Tamil Nadu,Thiruvarur,660,619,602,584,275
21-04-2022,PMKVY 2.0,CSCM,STT,Tamil Nadu,Thiruvarur,1933,1833,1645,1377,726
21-04-2022,PMKVY 2.0,CSSM,STT,Tamil Nadu,Tiruchirappalli,2898,2717,2441,2190,1225
21-04-2022,PMKVY 2.0,CSCM,STT,Tamil Nadu,Tiruchirappalli,7778,7638,7508,7084,5859
21-04-2022,PMKVY 2.0,CSCM,STT,Tamil Nadu,Tirunelveli,7279,7203,6942,6395,3937
21-04-2022,PMKVY 2.0,CSSM,STT,Tamil Nadu,Tirunelveli,1555,1456,1377,1187,604
21-04-2022,PMKVY 2.0,CSSM,STT,Tamil Nadu,Tiruppur,1441,1328,1055,1001,507
21-04-2022,PMKVY 2.0,CSCM,STT,Tamil Nadu,Tiruppur,5858,5552,5125,4536,2546
21-04-2022,PMKVY 2.0,CSSM,STT,Tamil Nadu,Tiruvannamalai,2467,2287,2010,1833,765
21-04-2022,PMKVY 2.0,CSCM,STT,Tamil Nadu,Tiruvannamalai,4379,4169,3806,3476,2418
21-04-2022,PMKVY 2.0,CSCM,STT,Tamil Nadu,Tuticorin,5011,4539,4122,3607,2329
21-04-2022,PMKVY 2.0,CSSM,STT,Tamil Nadu,Tuticorin,449,416,389,331,177
21-04-2022,PMKVY 2.0,CSCM,STT,Tamil Nadu,Vellore,4782,4195,4041,3775,2192
21-04-2022,PMKVY 2.0,CSSM,STT,Tamil Nadu,Vellore,3081,2807,2671,2435,1140
21-04-2022,PMKVY 2.0,CSCM,STT,Tamil Nadu,Villupuram,6016,4793,4066,3400,2418
21-04-2022,PMKVY 2.0,CSSM,STT,Tamil Nadu,Villupuram,1120,1080,1028,926,565
21-04-2022,PMKVY 2.0,CSCM,STT,Tamil Nadu,Virudhunagar,4525,4416,4174,3886,2617
21-04-2022,PMKVY 2.0,CSSM,STT,Tamil Nadu,Virudhunagar,1740,1650,1567,1503,574
21-04-2022,PMKVY 3.0,CSCM,RPL,Tamil Nadu,Ariyalur,75,75,75,74,0
21-04-2022,PMKVY 3.0,CSSM,RPL,Tamil Nadu,Ariyalur,360,360,355,336,0
21-04-2022,PMKVY 3.0,CSCM,RPL,Tamil Nadu,Chengalpattu,1,1,0,0,0
21-04-2022,PMKVY 3.0,CSSM,RPL,Tamil Nadu,Chennai,742,742,223,212,0
21-04-2022,PMKVY 3.0,CSCM,RPL,Tamil Nadu,Chennai,1511,1510,781,730,0
21-04-2022,PMKVY 3.0,CSCM,RPL,Tamil Nadu,Coimbatore,784,784,554,495,0
21-04-2022,PMKVY 3.0,CSSM,RPL,Tamil Nadu,Coimbatore,461,446,262,248,0
21-04-2022,PMKVY 3.0,CSCM,RPL,Tamil Nadu,Cuddalore,320,320,255,221,0
21-04-2022,PMKVY 3.0,CSSM,RPL,Tamil Nadu,Cuddalore,240,240,185,128,0
21-04-2022,PMKVY 3.0,CSCM,RPL,Tamil Nadu,Dharmapuri,17,17,0,0,0
21-04-2022,PMKVY 3.0,CSSM,RPL,Tamil Nadu,Dindigul,920,920,79,28,0
21-04-2022,PMKVY 3.0,CSCM,RPL,Tamil Nadu,Dindigul,2,2,0,0,0
21-04-2022,PMKVY 3.0,CSSM,RPL,Tamil Nadu,Erode,302,301,284,264,0
21-04-2022,PMKVY 3.0,CSCM,RPL,Tamil Nadu,Erode,243,243,35,32,0
21-04-2022,PMKVY 3.0,CSCM,RPL,Tamil Nadu,Kanchipuram,1032,1032,830,724,0
21-04-2022,PMKVY 3.0,CSSM,RPL,Tamil Nadu,Kanchipuram,1205,1205,270,260,0
21-04-2022,PMKVY 3.0,CSCM,RPL,Tamil Nadu,Kanniyakumari,21,21,20,20,0
21-04-2022,PMKVY 3.0,CSCM,RPL,Tamil Nadu,Karur,341,241,37,35,0
21-04-2022,PMKVY 3.0,CSSM,RPL,Tamil Nadu,Karur,159,159,115,73,0
21-04-2022,PMKVY 3.0,CSCM,RPL,Tamil Nadu,Krishnagiri,21,21,14,14,0
21-04-2022,PMKVY 3.0,CSSM,RPL,Tamil Nadu,Krishnagiri,40,40,39,39,0
21-04-2022,PMKVY 3.0,CSCM,RPL,Tamil Nadu,Madurai,38,38,14,14,0
21-04-2022,PMKVY 3.0,CSSM,RPL,Tamil Nadu,Madurai,80,80,39,20,0
21-04-2022,PMKVY 3.0,CSCM,RPL,Tamil Nadu,Nagapattinam,277,277,250,181,0
21-04-2022,PMKVY 3.0,CSCM,RPL,Tamil Nadu,Namakkal,291,271,67,65,0
21-04-2022,PMKVY 3.0,CSSM,RPL,Tamil Nadu,Namakkal,40,40,40,0,0
21-04-2022,PMKVY 3.0,CSCM,RPL,Tamil Nadu,Perambalur,143,143,103,52,0
21-04-2022,PMKVY 3.0,CSSM,RPL,Tamil Nadu,Perambalur,120,120,112,35,0
21-04-2022,PMKVY 3.0,CSCM,RPL,Tamil Nadu,Pudukkottai,10,10,10,10,0
21-04-2022,PMKVY 3.0,CSSM,RPL,Tamil Nadu,Ramanathapuram,380,380,358,331,0
21-04-2022,PMKVY 3.0,CSSM,RPL,Tamil Nadu,Salem,80,80,71,70,0
21-04-2022,PMKVY 3.0,CSCM,RPL,Tamil Nadu,Salem,24,24,3,0,0
21-04-2022,PMKVY 3.0,CSCM,RPL,Tamil Nadu,Sivaganga,1,1,0,0,0
21-04-2022,PMKVY 3.0,CSSM,RPL,Tamil Nadu,Sivaganga,279,279,177,157,0
21-04-2022,PMKVY 3.0,CSCM,RPL,Tamil Nadu,Thanjavur,54,54,49,24,0
21-04-2022,PMKVY 3.0,CSSM,RPL,Tamil Nadu,Thanjavur,80,80,73,69,0
21-04-2022,PMKVY 3.0,CSCM,RPL,Tamil Nadu,The Nilgiris,240,240,83,76,0
21-04-2022,PMKVY 3.0,CSCM,RPL,Tamil Nadu,Thiruvallur,1987,1987,1897,1839,0
21-04-2022,PMKVY 3.0,CSSM,RPL,Tamil Nadu,Thiruvallur,240,240,237,220,0
21-04-2022,PMKVY 3.0,CSCM,RPL,Tamil Nadu,Thiruvarur,251,251,192,189,0
21-04-2022,PMKVY 3.0,CSSM,RPL,Tamil Nadu,Thiruvarur,160,160,160,156,0
21-04-2022,PMKVY 3.0,CSCM,RPL,Tamil Nadu,Tiruchirappalli,61,61,54,25,0
21-04-2022,PMKVY 3.0,CSSM,RPL,Tamil Nadu,Tiruchirappalli,260,260,222,168,0
21-04-2022,PMKVY 3.0,CSCM,RPL,Tamil Nadu,Tirunelveli,36,36,16,16,0
21-04-2022,PMKVY 3.0,CSSM,RPL,Tamil Nadu,Tirunelveli,79,79,77,75,0
21-04-2022,PMKVY 3.0,CSSM,RPL,Tamil Nadu,Tirupathur,340,340,0,0,0
21-04-2022,PMKVY 3.0,CSCM,RPL,Tamil Nadu,Tiruppur,13,13,6,6,0
21-04-2022,PMKVY 3.0,CSSM,RPL,Tamil Nadu,Tiruppur,100,100,85,85,0
21-04-2022,PMKVY 3.0,CSCM,RPL,Tamil Nadu,Tiruvannamalai,28,28,10,10,0
21-04-2022,PMKVY 3.0,CSSM,RPL,Tamil Nadu,Tiruvannamalai,195,195,191,178,0
21-04-2022,PMKVY 3.0,CSCM,RPL,Tamil Nadu,Vellore,1382,1349,1100,1050,0
21-04-2022,PMKVY 3.0,CSSM,RPL,Tamil Nadu,Vellore,288,288,108,97,0
21-04-2022,PMKVY 3.0,CSSM,RPL,Tamil Nadu,Villupuram,55,49,48,48,0
21-04-2022,PMKVY 3.0,CSCM,RPL,Tamil Nadu,Villupuram,292,292,277,211,0
21-04-2022,PMKVY 3.0,CSCM,RPL,Tamil Nadu,Virudhunagar,1,1,0,0,0
21-04-2022,PMKVY 3.0,CSSM,RPL,Tamil Nadu,Virudhunagar,187,187,182,170,0
21-04-2022,PMKVY 3.0,CSCM,SP,Tamil Nadu,Chennai,818,798,743,27,0
21-04-2022,PMKVY 3.0,CSSM,SP,Tamil Nadu,Chennai,40,40,38,0,0
21-04-2022,PMKVY 3.0,CSCM,SP,Tamil Nadu,Coimbatore,193,111,106,44,0
21-04-2022,PMKVY 3.0,CSCM,SP,Tamil Nadu,Cuddalore,180,160,137,0,0
21-04-2022,PMKVY 3.0,CSSM,SP,Tamil Nadu,Cuddalore,100,80,79,0,0
21-04-2022,PMKVY 3.0,CSSM,SP,Tamil Nadu,Dharmapuri,20,20,18,0,0
21-04-2022,PMKVY 3.0,CSCM,SP,Tamil Nadu,Dharmapuri,114,114,113,0,0
21-04-2022,PMKVY 3.0,CSCM,SP,Tamil Nadu,Erode,216,131,127,59,0
21-04-2022,PMKVY 3.0,CSCM,SP,Tamil Nadu,Kanchipuram,207,129,115,31,0
21-04-2022,PMKVY 3.0,CSCM,SP,Tamil Nadu,Karur,178,90,76,21,0
21-04-2022,PMKVY 3.0,CSSM,SP,Tamil Nadu,Krishnagiri,60,59,45,28,0
21-04-2022,PMKVY 3.0,CSCM,SP,Tamil Nadu,Madurai,99,99,98,14,0
21-04-2022,PMKVY 3.0,CSSM,SP,Tamil Nadu,Nagapattinam,40,40,38,0,0
21-04-2022,PMKVY 3.0,CSCM,SP,Tamil Nadu,Namakkal,249,95,95,52,0
21-04-2022,PMKVY 3.0,CSSM,SP,Tamil Nadu,Namakkal,120,120,119,23,0
21-04-2022,PMKVY 3.0,CSCM,SP,Tamil Nadu,Ramanathapuram,160,158,158,49,0
21-04-2022,PMKVY 3.0,CSSM,SP,Tamil Nadu,Ramanathapuram,160,157,157,0,0
21-04-2022,PMKVY 3.0,CSCM,SP,Tamil Nadu,Ranipet,79,59,52,0,0
21-04-2022,PMKVY 3.0,CSCM,SP,Tamil Nadu,Salem,60,57,53,0,0
21-04-2022,PMKVY 3.0,CSSM,SP,Tamil Nadu,Salem,120,120,120,0,0
21-04-2022,PMKVY 3.0,CSCM,SP,Tamil Nadu,Sivaganga,251,231,192,0,0
21-04-2022,PMKVY 3.0,CSCM,SP,Tamil Nadu,Thanjavur,236,232,224,99,0
21-04-2022,PMKVY 3.0,CSSM,SP,Tamil Nadu,Thanjavur,140,137,137,35,0
21-04-2022,PMKVY 3.0,CSCM,SP,Tamil Nadu,The Nilgiris,149,127,122,54,0
21-04-2022,PMKVY 3.0,CSCM,SP,Tamil Nadu,Theni,20,20,20,0,0
21-04-2022,PMKVY 3.0,CSSM,SP,Tamil Nadu,Thiruvallur,180,180,180,100,0
21-04-2022,PMKVY 3.0,CSCM,SP,Tamil Nadu,Thiruvallur,320,306,306,0,0
21-04-2022,PMKVY 3.0,CSSM,SP,Tamil Nadu,Thiruvarur,80,80,23,0,0
21-04-2022,PMKVY 3.0,CSCM,SP,Tamil Nadu,Thiruvarur,240,240,204,0,0
21-04-2022,PMKVY 3.0,CSSM,SP,Tamil Nadu,Tiruchirappalli,20,20,20,0,0
21-04-2022,PMKVY 3.0,CSSM,SP,Tamil Nadu,Tirunelveli,80,80,68,0,0
21-04-2022,PMKVY 3.0,CSCM,SP,Tamil Nadu,Tirunelveli,80,71,65,16,0
21-04-2022,PMKVY 3.0,CSSM,SP,Tamil Nadu,Tiruvannamalai,80,80,63,0,0
21-04-2022,PMKVY 3.0,CSCM,SP,Tamil Nadu,Tiruvannamalai,137,137,124,26,0
21-04-2022,PMKVY 3.0,CSCM,SP,Tamil Nadu,Tuticorin,160,160,75,0,0
21-04-2022,PMKVY 3.0,CSSM,SP,Tamil Nadu,Vellore,80,80,69,0,0
21-04-2022,PMKVY 3.0,CSCM,SP,Tamil Nadu,Villupuram,180,159,158,29,0
21-04-2022,PMKVY 3.0,CSSM,SP,Tamil Nadu,Villupuram,60,60,53,15,0
21-04-2022,PMKVY 3.0,CSCM,SP,Tamil Nadu,Virudhunagar,60,60,57,32,0
21-04-2022,PMKVY 3.0,CSSM,STT,Tamil Nadu,Ariyalur,240,240,237,220,124
21-04-2022,PMKVY 3.0,CSCM,STT,Tamil Nadu,Ariyalur,222,190,120,117,90
21-04-2022,PMKVY 3.0,CSCM,STT,Tamil Nadu,Chennai,1446,700,347,284,170
21-04-2022,PMKVY 3.0,CSSM,STT,Tamil Nadu,Chennai,450,390,325,301,84
21-04-2022,PMKVY 3.0,CSSM,STT,Tamil Nadu,Coimbatore,180,132,104,97,26
21-04-2022,PMKVY 3.0,CSCM,STT,Tamil Nadu,Coimbatore,780,330,157,155,0
21-04-2022,PMKVY 3.0,CSCM,STT,Tamil Nadu,Cuddalore,572,411,115,101,101
21-04-2022,PMKVY 3.0,CSSM,STT,Tamil Nadu,Cuddalore,120,120,112,83,0
21-04-2022,PMKVY 3.0,CSCM,STT,Tamil Nadu,Dharmapuri,480,150,105,89,89
21-04-2022,PMKVY 3.0,CSSM,STT,Tamil Nadu,Dindigul,354,324,266,243,67
21-04-2022,PMKVY 3.0,CSCM,STT,Tamil Nadu,Dindigul,494,360,170,140,0
21-04-2022,PMKVY 3.0,CSCM,STT,Tamil Nadu,Erode,510,390,210,199,0
21-04-2022,PMKVY 3.0,CSSM,STT,Tamil Nadu,Erode,379,281,264,231,129
21-04-2022,PMKVY 3.0,CSCM,STT,Tamil Nadu,Kallakurichi,20,0,0,0,0
21-04-2022,PMKVY 3.0,CSSM,STT,Tamil Nadu,Kanchipuram,295,225,209,204,71
21-04-2022,PMKVY 3.0,CSCM,STT,Tamil Nadu,Kanchipuram,120,120,120,120,89
21-04-2022,PMKVY 3.0,CSSM,STT,Tamil Nadu,Karur,30,30,27,27,0
21-04-2022,PMKVY 3.0,CSCM,STT,Tamil Nadu,Karur,480,390,156,116,0
21-04-2022,PMKVY 3.0,CSCM,STT,Tamil Nadu,Krishnagiri,400,220,106,83,83
21-04-2022,PMKVY 3.0,CSSM,STT,Tamil Nadu,Krishnagiri,60,60,58,56,0
21-04-2022,PMKVY 3.0,CSCM,STT,Tamil Nadu,Madurai,651,266,119,81,5
21-04-2022,PMKVY 3.0,CSSM,STT,Tamil Nadu,Madurai,302,251,249,197,55
21-04-2022,PMKVY 3.0,CSCM,STT,Tamil Nadu,Nagapattinam,677,319,120,107,107
21-04-2022,PMKVY 3.0,CSSM,STT,Tamil Nadu,Nagapattinam,60,60,60,52,48
21-04-2022,PMKVY 3.0,CSSM,STT,Tamil Nadu,Namakkal,30,30,26,0,0
21-04-2022,PMKVY 3.0,CSCM,STT,Tamil Nadu,Namakkal,590,378,161,150,1
21-04-2022,PMKVY 3.0,CSCM,STT,Tamil Nadu,Perambalur,170,170,157,157,156
21-04-2022,PMKVY 3.0,CSSM,STT,Tamil Nadu,Perambalur,60,56,47,23,19
21-04-2022,PMKVY 3.0,CSSM,STT,Tamil Nadu,Pudukkottai,150,150,150,148,76
21-04-2022,PMKVY 3.0,CSCM,STT,Tamil Nadu,Ramanathapuram,510,280,151,137,0
21-04-2022,PMKVY 3.0,CSSM,STT,Tamil Nadu,Ramanathapuram,180,150,150,142,82
21-04-2022,PMKVY 3.0,CSCM,STT,Tamil Nadu,Salem,145,145,90,86,0
21-04-2022,PMKVY 3.0,CSSM,STT,Tamil Nadu,Salem,50,48,44,15,0
21-04-2022,PMKVY 3.0,CSCM,STT,Tamil Nadu,Sivaganga,480,400,144,118,1
21-04-2022,PMKVY 3.0,CSSM,STT,Tamil Nadu,Sivaganga,270,270,262,247,89
21-04-2022,PMKVY 3.0,CSCM,STT,Tamil Nadu,Thanjavur,120,120,120,114,89
21-04-2022,PMKVY 3.0,CSSM,STT,Tamil Nadu,Thanjavur,120,92,86,71,0
21-04-2022,PMKVY 3.0,CSCM,STT,Tamil Nadu,The Nilgiris,570,360,162,103,0
21-04-2022,PMKVY 3.0,CSSM,STT,Tamil Nadu,The Nilgiris,26,26,5,5,0
21-04-2022,PMKVY 3.0,CSSM,STT,Tamil Nadu,Theni,60,53,50,50,0
21-04-2022,PMKVY 3.0,CSCM,STT,Tamil Nadu,Thiruvallur,554,343,149,99,100
21-04-2022,PMKVY 3.0,CSSM,STT,Tamil Nadu,Thiruvallur,180,180,179,173,2
21-04-2022,PMKVY 3.0,CSCM,STT,Tamil Nadu,Thiruvarur,590,280,236,187,60
21-04-2022,PMKVY 3.0,CSSM,STT,Tamil Nadu,Thiruvarur,90,90,88,58,0
21-04-2022,PMKVY 3.0,CSCM,STT,Tamil Nadu,Tiruchirappalli,331,169,120,116,91
21-04-2022,PMKVY 3.0,CSSM,STT,Tamil Nadu,Tiruchirappalli,232,188,176,161,52
21-04-2022,PMKVY 3.0,CSSM,STT,Tamil Nadu,Tirunelveli,60,60,52,44,0
21-04-2022,PMKVY 3.0,CSSM,STT,Tamil Nadu,Tiruppur,254,171,161,161,157
21-04-2022,PMKVY 3.0,CSCM,STT,Tamil Nadu,Tiruppur,480,400,227,208,4
21-04-2022,PMKVY 3.0,CSSM,STT,Tamil Nadu,Tiruvannamalai,240,210,174,165,55
21-04-2022,PMKVY 3.0,CSCM,STT,Tamil Nadu,Tiruvannamalai,402,168,157,134,0
21-04-2022,PMKVY 3.0,CSSM,STT,Tamil Nadu,Tuticorin,88,88,75,75,51
21-04-2022,PMKVY 3.0,CSCM,STT,Tamil Nadu,Tuticorin,24,24,0,0,0
21-04-2022,PMKVY 3.0,CSSM,STT,Tamil Nadu,Vellore,180,150,149,144,59
21-04-2022,PMKVY 3.0,CSCM,STT,Tamil Nadu,Vellore,591,307,119,107,108
21-04-2022,PMKVY 3.0,CSSM,STT,Tamil Nadu,Villupuram,90,90,85,53,0
21-04-2022,PMKVY 3.0,CSCM,STT,Tamil Nadu,Villupuram,594,390,153,81,76
21-04-2022,PMKVY 3.0,CSSM,STT,Tamil Nadu,Virudhunagar,77,65,54,54,13
21-04-2022,PMKVY 3.0,CSCM,STT,Tamil Nadu,Virudhunagar,206,83,0,0,0
21-04-2022,PMKVY 2.0,CSCM,RPL,Telangana,Adilabad,2969,2908,2521,2230,0
21-04-2022,PMKVY 2.0,CSCM,RPL,Telangana,Bhadradri Kothagudem,73,73,39,39,0
21-04-2022,PMKVY 2.0,CSCM,RPL,Telangana,Hanumakonda,5006,4770,4342,4199,0
21-04-2022,PMKVY 2.0,CSCM,RPL,Telangana,Hyderabad,53427,52347,45321,42658,0
21-04-2022,PMKVY 2.0,CSCM,RPL,Telangana,Jangoan,399,399,397,397,0
21-04-2022,PMKVY 2.0,CSCM,RPL,Telangana,Jayashankar Bhupalapally,84,84,30,30,0
21-04-2022,PMKVY 2.0,CSCM,RPL,Telangana,Jogulamba Gadwal,1441,1441,1383,1383,0
21-04-2022,PMKVY 2.0,CSCM,RPL,Telangana,Karimnagar,5013,4974,4370,4306,0
21-04-2022,PMKVY 2.0,CSCM,RPL,Telangana,Khammam,4275,4236,3426,2985,0
21-04-2022,PMKVY 2.0,CSCM,RPL,Telangana,Kumuram Bheem Asifabad,50,50,45,43,0
21-04-2022,PMKVY 2.0,CSCM,RPL,Telangana,Mahabubabad,300,300,300,285,0
21-04-2022,PMKVY 2.0,CSCM,RPL,Telangana,Mahabubnagar,1829,1694,1497,1465,0
21-04-2022,PMKVY 2.0,CSCM,RPL,Telangana,Mancherial,845,845,677,677,0
21-04-2022,PMKVY 2.0,CSCM,RPL,Telangana,Medak,5075,5011,4217,4012,0
21-04-2022,PMKVY 2.0,CSCM,RPL,Telangana,Medchal Malkajgiri,3873,3873,3684,3343,0
21-04-2022,PMKVY 2.0,CSCM,RPL,Telangana,Nagarkurnool,194,194,169,169,0
21-04-2022,PMKVY 2.0,CSCM,RPL,Telangana,Nalgonda,7076,6795,6018,5718,0
21-04-2022,PMKVY 2.0,CSCM,RPL,Telangana,Nirmal,647,647,501,316,0
21-04-2022,PMKVY 2.0,CSCM,RPL,Telangana,Nizamabad,1953,1903,1536,1439,0
21-04-2022,PMKVY 2.0,CSCM,RPL,Telangana,Peddapalli,1129,1129,807,802,0
21-04-2022,PMKVY 2.0,CSCM,RPL,Telangana,Rajanna Sircilla,1554,1549,1483,1480,0
21-04-2022,PMKVY 2.0,CSCM,RPL,Telangana,Ranga Reddy,25127,24672,22284,21136,0
21-04-2022,PMKVY 2.0,CSCM,RPL,Telangana,Sangareddy,1755,1755,1748,1748,0
21-04-2022,PMKVY 2.0,CSCM,RPL,Telangana,Siddipet,204,204,163,162,0
21-04-2022,PMKVY 2.0,CSCM,RPL,Telangana,Suryapet,183,183,169,169,0
21-04-2022,PMKVY 2.0,CSCM,RPL,Telangana,Vikarabad,224,224,189,182,0
21-04-2022,PMKVY 2.0,CSCM,RPL,Telangana,Wanaparthy,462,262,185,164,0
21-04-2022,PMKVY 2.0,CSCM,RPL,Telangana,Warangal,177,177,106,97,0
21-04-2022,PMKVY 2.0,CSCM,RPL,Telangana,Yadadri Bhuvanagiri,3513,3478,3424,3408,0
21-04-2022,PMKVY 2.0,CSCM,SP,Telangana,Hanumakonda,196,195,182,155,126
21-04-2022,PMKVY 2.0,CSCM,SP,Telangana,Hyderabad,21,21,19,16,0
21-04-2022,PMKVY 2.0,CSCM,SP,Telangana,Karimnagar,765,708,640,582,395
21-04-2022,PMKVY 2.0,CSCM,SP,Telangana,Medchal Malkajgiri,78,78,76,60,65
21-04-2022,PMKVY 2.0,CSCM,SP,Telangana,Nagarkurnool,26,26,18,18,17
21-04-2022,PMKVY 2.0,CSCM,SP,Telangana,Nalgonda,221,221,216,204,149
21-04-2022,PMKVY 2.0,CSCM,SP,Telangana,Nizamabad,118,118,114,101,100
21-04-2022,PMKVY 2.0,CSCM,SP,Telangana,Rajanna Sircilla,285,264,241,198,156
21-04-2022,PMKVY 2.0,CSCM,SP,Telangana,Ranga Reddy,1918,1810,1667,1460,1332
21-04-2022,PMKVY 2.0,CSCM,SP,Telangana,Siddipet,130,130,119,119,119
21-04-2022,PMKVY 2.0,CSSM,STT,Telangana,Adilabad,1029,963,759,655,292
21-04-2022,PMKVY 2.0,CSCM,STT,Telangana,Adilabad,6986,6907,6109,5466,3286
21-04-2022,PMKVY 2.0,CSCM,STT,Telangana,Bhadradri Kothagudem,2490,2220,2211,2128,1369
21-04-2022,PMKVY 2.0,CSSM,STT,Telangana,Bhadradri Kothagudem,1001,973,876,754,470
21-04-2022,PMKVY 2.0,CSCM,STT,Telangana,Hanumakonda,6988,6905,6495,5819,3262
21-04-2022,PMKVY 2.0,CSSM,STT,Telangana,Hanumakonda,1462,1300,1125,933,397
21-04-2022,PMKVY 2.0,CSCM,STT,Telangana,Hyderabad,22135,20807,19604,17661,11582
21-04-2022,PMKVY 2.0,CSSM,STT,Telangana,Hyderabad,737,598,487,293,19
21-04-2022,PMKVY 2.0,CSCM,STT,Telangana,Jagitial,1736,1473,1469,1396,957
21-04-2022,PMKVY 2.0,CSSM,STT,Telangana,Jagitial,590,553,425,392,244
21-04-2022,PMKVY 2.0,CSCM,STT,Telangana,Jangoan,1124,480,478,432,324
21-04-2022,PMKVY 2.0,CSSM,STT,Telangana,Jangoan,450,330,289,277,57
21-04-2022,PMKVY 2.0,CSSM,STT,Telangana,Jayashankar Bhupalapally,840,621,576,488,200
21-04-2022,PMKVY 2.0,CSSM,STT,Telangana,Jogulamba Gadwal,360,180,176,124,0
21-04-2022,PMKVY 2.0,CSCM,STT,Telangana,Jogulamba Gadwal,250,250,250,216,10
21-04-2022,PMKVY 2.0,CSSM,STT,Telangana,Kamareddy,698,561,512,446,146
21-04-2022,PMKVY 2.0,CSSM,STT,Telangana,Karimnagar,1479,1272,1192,1086,624
21-04-2022,PMKVY 2.0,CSCM,STT,Telangana,Karimnagar,10108,9773,9340,8651,5341
21-04-2022,PMKVY 2.0,CSCM,STT,Telangana,Khammam,12215,11735,10926,9572,6200
21-04-2022,PMKVY 2.0,CSSM,STT,Telangana,Khammam,1123,944,816,747,369
21-04-2022,PMKVY 2.0,CSSM,STT,Telangana,Kumuram Bheem Asifabad,113,101,91,78,0
21-04-2022,PMKVY 2.0,CSCM,STT,Telangana,Mahabubabad,2781,2458,2445,2299,1319
21-04-2022,PMKVY 2.0,CSSM,STT,Telangana,Mahabubabad,645,540,520,429,147
21-04-2022,PMKVY 2.0,CSCM,STT,Telangana,Mahabubnagar,7618,6936,6524,5747,3354
21-04-2022,PMKVY 2.0,CSSM,STT,Telangana,Mahabubnagar,429,368,278,230,22
21-04-2022,PMKVY 2.0,CSCM,STT,Telangana,Mancherial,1018,600,598,561,371
21-04-2022,PMKVY 2.0,CSSM,STT,Telangana,Mancherial,480,388,361,286,136
21-04-2022,PMKVY 2.0,CSCM,STT,Telangana,Medak,6373,5783,5653,5005,3396
21-04-2022,PMKVY 2.0,CSSM,STT,Telangana,Medak,434,392,317,274,124
21-04-2022,PMKVY 2.0,CSSM,STT,Telangana,Medchal Malkajgiri,908,803,650,528,164
21-04-2022,PMKVY 2.0,CSCM,STT,Telangana,Medchal Malkajgiri,1293,1049,1040,974,550
21-04-2022,PMKVY 2.0,CSCM,STT,Telangana,Nagarkurnool,1172,1027,973,858,553
21-04-2022,PMKVY 2.0,CSSM,STT,Telangana,Nagarkurnool,1110,1080,1019,897,518
21-04-2022,PMKVY 2.0,CSCM,STT,Telangana,Nalgonda,29991,28256,27571,25644,18539
21-04-2022,PMKVY 2.0,CSSM,STT,Telangana,Nalgonda,1820,1787,1653,1537,1161
21-04-2022,PMKVY 2.0,CSSM,STT,Telangana,Nirmal,1137,1046,1017,951,449
21-04-2022,PMKVY 2.0,CSCM,STT,Telangana,Nirmal,375,375,345,322,219
21-04-2022,PMKVY 2.0,CSSM,STT,Telangana,Nizamabad,488,394,301,233,26
21-04-2022,PMKVY 2.0,CSCM,STT,Telangana,Nizamabad,4060,3659,3568,3070,1424
21-04-2022,PMKVY 2.0,CSCM,STT,Telangana,Peddapalli,377,360,358,336,0
21-04-2022,PMKVY 2.0,CSSM,STT,Telangana,Peddapalli,565,497,465,397,165
21-04-2022,PMKVY 2.0,CSCM,STT,Telangana,Rajanna Sircilla,1221,989,989,967,598
21-04-2022,PMKVY 2.0,CSSM,STT,Telangana,Rajanna Sircilla,566,485,458,425,344
21-04-2022,PMKVY 2.0,CSSM,STT,Telangana,Ranga Reddy,1435,1314,1227,1164,762
21-04-2022,PMKVY 2.0,CSCM,STT,Telangana,Ranga Reddy,24243,22919,22088,20542,14292
21-04-2022,PMKVY 2.0,CSSM,STT,Telangana,Sangareddy,630,422,331,316,162
21-04-2022,PMKVY 2.0,CSCM,STT,Telangana,Sangareddy,1044,939,879,802,457
21-04-2022,PMKVY 2.0,CSSM,STT,Telangana,Siddipet,1003,697,621,581,283
21-04-2022,PMKVY 2.0,CSCM,STT,Telangana,Suryapet,1474,839,830,744,552
21-04-2022,PMKVY 2.0,CSSM,STT,Telangana,Suryapet,1230,1229,1120,908,409
21-04-2022,PMKVY 2.0,CSSM,STT,Telangana,Vikarabad,1079,809,731,673,163
21-04-2022,PMKVY 2.0,CSCM,STT,Telangana,Vikarabad,940,490,479,397,335
21-04-2022,PMKVY 2.0,CSSM,STT,Telangana,Wanaparthy,853,825,729,661,326
21-04-2022,PMKVY 2.0,CSCM,STT,Telangana,Warangal,660,390,389,318,259
21-04-2022,PMKVY 2.0,CSSM,STT,Telangana,Warangal,570,570,448,376,125
21-04-2022,PMKVY 2.0,CSCM,STT,Telangana,Yadadri Bhuvanagiri,1567,1020,1011,932,561
21-04-2022,PMKVY 2.0,CSSM,STT,Telangana,Yadadri Bhuvanagiri,1193,1184,973,837,244
21-04-2022,PMKVY 3.0,CSCM,RPL,Telangana,Adilabad,1,1,0,0,0
21-04-2022,PMKVY 3.0,CSCM,RPL,Telangana,Bhadradri Kothagudem,1,1,0,0,0
21-04-2022,PMKVY 3.0,CSCM,RPL,Telangana,Hanumakonda,21,21,14,14,0
21-04-2022,PMKVY 3.0,CSCM,RPL,Telangana,Hyderabad,1283,1283,813,739,0
21-04-2022,PMKVY 3.0,CSSM,RPL,Telangana,Hyderabad,89,89,35,35,0
21-04-2022,PMKVY 3.0,CSCM,RPL,Telangana,Jagitial,209,209,179,112,0
21-04-2022,PMKVY 3.0,CSSM,RPL,Telangana,Jangoan,200,200,71,70,0
21-04-2022,PMKVY 3.0,CSCM,RPL,Telangana,Jangoan,201,201,112,89,0
21-04-2022,PMKVY 3.0,CSSM,RPL,Telangana,Jogulamba Gadwal,60,60,0,0,0
21-04-2022,PMKVY 3.0,CSCM,RPL,Telangana,Karimnagar,312,312,296,288,0
21-04-2022,PMKVY 3.0,CSSM,RPL,Telangana,Karimnagar,120,120,113,112,0
21-04-2022,PMKVY 3.0,CSCM,RPL,Telangana,Khammam,213,213,172,152,0
21-04-2022,PMKVY 3.0,CSSM,RPL,Telangana,Kumuram Bheem Asifabad,170,170,78,64,0
21-04-2022,PMKVY 3.0,CSCM,RPL,Telangana,Kumuram Bheem Asifabad,212,212,210,194,0
21-04-2022,PMKVY 3.0,CSCM,RPL,Telangana,Mahabubnagar,1,1,0,0,0
21-04-2022,PMKVY 3.0,CSCM,RPL,Telangana,Mancherial,210,210,209,195,0
21-04-2022,PMKVY 3.0,CSCM,RPL,Telangana,Medak,305,305,224,217,0
21-04-2022,PMKVY 3.0,CSCM,RPL,Telangana,Medchal Malkajgiri,32,32,30,30,0
21-04-2022,PMKVY 3.0,CSSM,RPL,Telangana,Nagarkurnool,100,100,92,83,0
21-04-2022,PMKVY 3.0,CSCM,RPL,Telangana,Nagarkurnool,200,200,120,80,0
21-04-2022,PMKVY 3.0,CSCM,RPL,Telangana,Nalgonda,77,77,57,53,0
21-04-2022,PMKVY 3.0,CSCM,RPL,Telangana,Nirmal,250,250,214,200,0
21-04-2022,PMKVY 3.0,CSSM,RPL,Telangana,Nirmal,50,50,33,22,0
21-04-2022,PMKVY 3.0,CSCM,RPL,Telangana,Nizamabad,18,18,6,6,0
21-04-2022,PMKVY 3.0,CSSM,RPL,Telangana,Nizamabad,120,120,108,101,0
21-04-2022,PMKVY 3.0,CSSM,RPL,Telangana,Peddapalli,82,82,56,51,0
21-04-2022,PMKVY 3.0,CSCM,RPL,Telangana,Peddapalli,200,200,133,56,0
21-04-2022,PMKVY 3.0,CSCM,RPL,Telangana,Rajanna Sircilla,254,254,254,240,0
21-04-2022,PMKVY 3.0,CSSM,RPL,Telangana,Ranga Reddy,190,190,28,26,0
21-04-2022,PMKVY 3.0,CSCM,RPL,Telangana,Ranga Reddy,515,515,331,331,0
21-04-2022,PMKVY 3.0,CSCM,RPL,Telangana,Sangareddy,102,102,99,99,0
21-04-2022,PMKVY 3.0,CSCM,RPL,Telangana,Siddipet,31,31,30,30,0
21-04-2022,PMKVY 3.0,CSCM,RPL,Telangana,Suryapet,238,238,160,160,0
21-04-2022,PMKVY 3.0,CSSM,RPL,Telangana,Wanaparthy,30,30,25,23,0
21-04-2022,PMKVY 3.0,CSCM,RPL,Telangana,Warangal,207,207,189,156,0
21-04-2022,PMKVY 3.0,CSCM,RPL,Telangana,Yadadri Bhuvanagiri,200,200,169,145,0
21-04-2022,PMKVY 3.0,CSCM,SP,Telangana,Hanumakonda,100,100,100,0,0
21-04-2022,PMKVY 3.0,CSSM,SP,Telangana,Hyderabad,60,60,60,0,0
21-04-2022,PMKVY 3.0,CSCM,SP,Telangana,Hyderabad,275,259,210,19,0
21-04-2022,PMKVY 3.0,CSCM,SP,Telangana,Khammam,120,120,112,66,0
21-04-2022,PMKVY 3.0,CSSM,SP,Telangana,Khammam,40,35,28,0,0
21-04-2022,PMKVY 3.0,CSCM,SP,Telangana,Nalgonda,360,349,332,113,0
21-04-2022,PMKVY 3.0,CSCM,SP,Telangana,Nizamabad,120,100,82,0,0
21-04-2022,PMKVY 3.0,CSSM,SP,Telangana,Rajanna Sircilla,60,60,58,0,0
21-04-2022,PMKVY 3.0,CSCM,SP,Telangana,Ranga Reddy,126,58,58,56,0
21-04-2022,PMKVY 3.0,CSCM,SP,Telangana,Sangareddy,60,60,60,18,0
21-04-2022,PMKVY 3.0,CSCM,STT,Telangana,Adilabad,354,229,153,87,0
21-04-2022,PMKVY 3.0,CSSM,STT,Telangana,Adilabad,120,120,87,78,0
21-04-2022,PMKVY 3.0,CSCM,STT,Telangana,Bhadradri Kothagudem,30,0,0,0,0
21-04-2022,PMKVY 3.0,CSSM,STT,Telangana,Bhadradri Kothagudem,180,180,136,113,51
21-04-2022,PMKVY 3.0,CSCM,STT,Telangana,Hanumakonda,53,0,0,0,0
21-04-2022,PMKVY 3.0,CSSM,STT,Telangana,Hanumakonda,120,120,117,81,0
21-04-2022,PMKVY 3.0,CSSM,STT,Telangana,Hyderabad,114,114,83,75,0
21-04-2022,PMKVY 3.0,CSCM,STT,Telangana,Hyderabad,753,280,116,110,56
21-04-2022,PMKVY 3.0,CSCM,STT,Telangana,Jagitial,553,210,141,105,66
21-04-2022,PMKVY 3.0,CSSM,STT,Telangana,Jagitial,90,90,88,82,0
21-04-2022,PMKVY 3.0,CSCM,STT,Telangana,Jangoan,318,120,120,109,94
21-04-2022,PMKVY 3.0,CSSM,STT,Telangana,Jangoan,30,30,28,25,0
21-04-2022,PMKVY 3.0,CSSM,STT,Telangana,Jayashankar Bhupalapally,150,150,136,101,22
21-04-2022,PMKVY 3.0,CSCM,STT,Telangana,Jayashankar Bhupalapally,560,0,0,0,0
21-04-2022,PMKVY 3.0,CSSM,STT,Telangana,Jogulamba Gadwal,60,60,48,46,0
21-04-2022,PMKVY 3.0,CSCM,STT,Telangana,Jogulamba Gadwal,375,280,198,110,29
21-04-2022,PMKVY 3.0,CSCM,STT,Telangana,Kamareddy,38,0,0,0,0
21-04-2022,PMKVY 3.0,CSSM,STT,Telangana,Kamareddy,60,51,27,26,0
21-04-2022,PMKVY 3.0,CSCM,STT,Telangana,Karimnagar,850,120,118,87,54
21-04-2022,PMKVY 3.0,CSSM,STT,Telangana,Karimnagar,90,90,87,75,0
21-04-2022,PMKVY 3.0,CSCM,STT,Telangana,Khammam,279,116,101,87,66
21-04-2022,PMKVY 3.0,CSSM,STT,Telangana,Khammam,112,90,57,49,17
21-04-2022,PMKVY 3.0,CSSM,STT,Telangana,Kumuram Bheem Asifabad,20,14,13,13,0
21-04-2022,PMKVY 3.0,CSCM,STT,Telangana,Kumuram Bheem Asifabad,540,120,120,30,21
21-04-2022,PMKVY 3.0,CSSM,STT,Telangana,Mahabubabad,60,0,0,0,0
21-04-2022,PMKVY 3.0,CSCM,STT,Telangana,Mahabubabad,580,150,111,107,72
21-04-2022,PMKVY 3.0,CSSM,STT,Telangana,Mahabubnagar,60,60,59,56,0
21-04-2022,PMKVY 3.0,CSCM,STT,Telangana,Mahabubnagar,574,280,256,109,0
21-04-2022,PMKVY 3.0,CSCM,STT,Telangana,Mancherial,506,200,127,122,91
21-04-2022,PMKVY 3.0,CSSM,STT,Telangana,Mancherial,90,90,84,23,0
21-04-2022,PMKVY 3.0,CSCM,STT,Telangana,Medak,476,360,160,138,21
21-04-2022,PMKVY 3.0,CSSM,STT,Telangana,Medak,90,90,48,39,0
21-04-2022,PMKVY 3.0,CSSM,STT,Telangana,Medchal Malkajgiri,30,30,0,0,0
21-04-2022,PMKVY 3.0,CSCM,STT,Telangana,Mulugu,69,0,0,0,0
21-04-2022,PMKVY 3.0,CSCM,STT,Telangana,Nagarkurnool,459,210,120,120,108
21-04-2022,PMKVY 3.0,CSSM,STT,Telangana,Nagarkurnool,90,90,60,56,0
21-04-2022,PMKVY 3.0,CSCM,STT,Telangana,Nalgonda,320,192,96,84,34
21-04-2022,PMKVY 3.0,CSSM,STT,Telangana,Nalgonda,90,90,85,77,0
21-04-2022,PMKVY 3.0,CSSM,STT,Telangana,Nirmal,90,84,84,55,0
21-04-2022,PMKVY 3.0,CSCM,STT,Telangana,Nirmal,559,120,120,106,0
21-04-2022,PMKVY 3.0,CSCM,STT,Telangana,Nizamabad,413,360,118,108,84
21-04-2022,PMKVY 3.0,CSCM,STT,Telangana,Peddapalli,668,120,120,72,56
21-04-2022,PMKVY 3.0,CSSM,STT,Telangana,Peddapalli,60,58,51,49,0
21-04-2022,PMKVY 3.0,CSCM,STT,Telangana,Rajanna Sircilla,640,120,120,59,43
21-04-2022,PMKVY 3.0,CSSM,STT,Telangana,Rajanna Sircilla,120,88,54,45,0
21-04-2022,PMKVY 3.0,CSCM,STT,Telangana,Ranga Reddy,911,320,245,198,75
21-04-2022,PMKVY 3.0,CSSM,STT,Telangana,Ranga Reddy,240,238,227,219,59
21-04-2022,PMKVY 3.0,CSCM,STT,Telangana,Sangareddy,80,0,0,0,0
21-04-2022,PMKVY 3.0,CSSM,STT,Telangana,Sangareddy,60,60,43,42,31
21-04-2022,PMKVY 3.0,CSSM,STT,Telangana,Siddipet,120,112,51,51,0
21-04-2022,PMKVY 3.0,CSSM,STT,Telangana,Suryapet,120,120,116,109,0
21-04-2022,PMKVY 3.0,CSCM,STT,Telangana,Suryapet,643,120,118,100,89
21-04-2022,PMKVY 3.0,CSSM,STT,Telangana,Vikarabad,90,90,88,66,0
21-04-2022,PMKVY 3.0,CSCM,STT,Telangana,Vikarabad,400,150,120,113,98
21-04-2022,PMKVY 3.0,CSCM,STT,Telangana,Wanaparthy,440,280,160,120,37
21-04-2022,PMKVY 3.0,CSSM,STT,Telangana,Wanaparthy,90,90,90,86,53
21-04-2022,PMKVY 3.0,CSCM,STT,Telangana,Warangal,420,150,120,119,86
21-04-2022,PMKVY 3.0,CSCM,STT,Telangana,Yadadri Bhuvanagiri,571,120,89,73,44
21-04-2022,PMKVY 2.0,CSCM,RPL,The Dadra And Nagar Haveli And Daman And Diu,Dadra And Nagar Haveli,1472,1463,1301,1271,0
21-04-2022,PMKVY 2.0,CSCM,RPL,The Dadra And Nagar Haveli And Daman And Diu,Daman,3000,2826,2673,2632,0
21-04-2022,PMKVY 2.0,CSSM,STT,The Dadra And Nagar Haveli And Daman And Diu,Dadra And Nagar Haveli,508,508,426,327,20
21-04-2022,PMKVY 2.0,CSCM,STT,The Dadra And Nagar Haveli And Daman And Diu,Dadra And Nagar Haveli,1110,1110,1102,922,661
21-04-2022,PMKVY 2.0,CSSM,STT,The Dadra And Nagar Haveli And Daman And Diu,Daman,1771,1698,1640,1373,750
21-04-2022,PMKVY 2.0,CSCM,STT,The Dadra And Nagar Haveli And Daman And Diu,Daman,765,765,757,644,522
21-04-2022,PMKVY 2.0,CSCM,STT,The Dadra And Nagar Haveli And Daman And Diu,Diu,942,942,937,875,625
21-04-2022,PMKVY 2.0,CSSM,STT,The Dadra And Nagar Haveli And Daman And Diu,Diu,55,51,29,22,0
21-04-2022,PMKVY 3.0,CSCM,RPL,The Dadra And Nagar Haveli And Daman And Diu,Dadra And Nagar Haveli,2,2,2,2,0
21-04-2022,PMKVY 3.0,CSSM,STT,The Dadra And Nagar Haveli And Daman And Diu,Dadra And Nagar Haveli,130,130,124,56,32
21-04-2022,PMKVY 3.0,CSSM,STT,The Dadra And Nagar Haveli And Daman And Diu,Daman,120,120,110,102,0
21-04-2022,PMKVY 2.0,CSCM,RPL,Tripura,Dhalai,13683,13444,8707,8053,0
21-04-2022,PMKVY 2.0,CSCM,RPL,Tripura,Gomati,6626,6191,4224,3982,0
21-04-2022,PMKVY 2.0,CSCM,RPL,Tripura,Khowai,3053,3004,2330,2201,0
21-04-2022,PMKVY 2.0,CSCM,RPL,Tripura,North Tripura,8085,7965,6416,6035,0
21-04-2022,PMKVY 2.0,CSCM,RPL,Tripura,Sepahijala,6037,5606,4748,4505,0
21-04-2022,PMKVY 2.0,CSCM,RPL,Tripura,South Tripura,12877,12717,11203,10876,0
21-04-2022,PMKVY 2.0,CSCM,RPL,Tripura,Unakoti,9934,9721,7686,7135,0
21-04-2022,PMKVY 2.0,CSCM,RPL,Tripura,West Tripura,21074,20857,15039,14157,0
21-04-2022,PMKVY 2.0,CSCM,SP,Tripura,Dhalai,1199,1199,1176,1104,846
21-04-2022,PMKVY 2.0,CSCM,SP,Tripura,Gomati,390,382,377,301,193
21-04-2022,PMKVY 2.0,CSCM,SP,Tripura,Khowai,240,240,239,226,110
21-04-2022,PMKVY 2.0,CSCM,SP,Tripura,North Tripura,748,748,741,684,500
21-04-2022,PMKVY 2.0,CSCM,SP,Tripura,Sepahijala,370,315,296,250,0
21-04-2022,PMKVY 2.0,CSCM,SP,Tripura,South Tripura,81,81,77,77,0
21-04-2022,PMKVY 2.0,CSCM,SP,Tripura,Unakoti,120,120,120,108,87
21-04-2022,PMKVY 2.0,CSCM,SP,Tripura,West Tripura,150,150,143,143,60
21-04-2022,PMKVY 2.0,CSSM,STT,Tripura,Dhalai,1030,1030,744,544,214
21-04-2022,PMKVY 2.0,CSCM,STT,Tripura,Dhalai,1877,1757,1345,1133,258
21-04-2022,PMKVY 2.0,CSCM,STT,Tripura,Gomati,3650,3650,3419,2945,1288
21-04-2022,PMKVY 2.0,CSSM,STT,Tripura,Gomati,1287,1257,1194,1151,390
21-04-2022,PMKVY 2.0,CSSM,STT,Tripura,Khowai,1636,1611,1485,1277,564
21-04-2022,PMKVY 2.0,CSCM,STT,Tripura,Khowai,745,745,726,662,243
21-04-2022,PMKVY 2.0,CSCM,STT,Tripura,North Tripura,900,895,869,815,318
21-04-2022,PMKVY 2.0,CSSM,STT,Tripura,North Tripura,1108,1108,1092,887,146
21-04-2022,PMKVY 2.0,CSSM,STT,Tripura,Sepahijala,1339,1249,1070,932,220
21-04-2022,PMKVY 2.0,CSCM,STT,Tripura,Sepahijala,861,861,824,725,318
21-04-2022,PMKVY 2.0,CSCM,STT,Tripura,South Tripura,360,360,348,289,0
21-04-2022,PMKVY 2.0,CSSM,STT,Tripura,South Tripura,1247,1225,1140,1054,0
21-04-2022,PMKVY 2.0,CSSM,STT,Tripura,Unakoti,3273,3180,2995,2648,795
21-04-2022,PMKVY 2.0,CSCM,STT,Tripura,Unakoti,1232,1228,1167,1022,720
21-04-2022,PMKVY 2.0,CSCM,STT,Tripura,West Tripura,10105,9783,8989,8085,4513
21-04-2022,PMKVY 2.0,CSSM,STT,Tripura,West Tripura,5873,5834,5202,4636,328
21-04-2022,PMKVY 3.0,CSSM,RPL,Tripura,Dhalai,153,150,143,129,0
21-04-2022,PMKVY 3.0,CSCM,RPL,Tripura,Gomati,1,1,0,0,0
21-04-2022,PMKVY 3.0,CSSM,RPL,Tripura,Gomati,200,200,57,51,0
21-04-2022,PMKVY 3.0,CSSM,RPL,Tripura,Khowai,220,220,134,28,0
21-04-2022,PMKVY 3.0,CSCM,RPL,Tripura,North Tripura,3,3,0,0,0
21-04-2022,PMKVY 3.0,CSSM,RPL,Tripura,North Tripura,304,250,119,113,0
21-04-2022,PMKVY 3.0,CSSM,RPL,Tripura,Sepahijala,323,250,121,116,0
21-04-2022,PMKVY 3.0,CSCM,RPL,Tripura,South Tripura,351,351,162,162,0
21-04-2022,PMKVY 3.0,CSSM,RPL,Tripura,South Tripura,238,238,65,61,0
21-04-2022,PMKVY 3.0,CSSM,RPL,Tripura,Unakoti,198,198,159,145,0
21-04-2022,PMKVY 3.0,CSCM,RPL,Tripura,West Tripura,272,272,265,257,0
21-04-2022,PMKVY 3.0,CSSM,RPL,Tripura,West Tripura,197,197,132,89,0
21-04-2022,PMKVY 3.0,CSCM,SP,Tripura,North Tripura,240,240,240,0,0
21-04-2022,PMKVY 3.0,CSCM,SP,Tripura,Unakoti,355,355,346,0,0
21-04-2022,PMKVY 3.0,CSSM,SP,Tripura,West Tripura,20,20,0,0,0
21-04-2022,PMKVY 3.0,CSCM,SP,Tripura,West Tripura,315,295,293,71,0
21-04-2022,PMKVY 3.0,CSSM,STT,Tripura,Dhalai,101,101,0,0,0
21-04-2022,PMKVY 3.0,CSCM,STT,Tripura,Dhalai,169,109,11,9,0
21-04-2022,PMKVY 3.0,CSCM,STT,Tripura,Gomati,454,210,118,102,55
21-04-2022,PMKVY 3.0,CSCM,STT,Tripura,Khowai,40,0,0,0,0
21-04-2022,PMKVY 3.0,CSCM,STT,Tripura,North Tripura,55,0,0,0,0
21-04-2022,PMKVY 3.0,CSCM,STT,Tripura,Sepahijala,39,0,0,0,0
21-04-2022,PMKVY 3.0,CSSM,STT,Tripura,Sepahijala,220,80,61,53,1
21-04-2022,PMKVY 3.0,CSCM,STT,Tripura,South Tripura,148,0,0,0,0
21-04-2022,PMKVY 3.0,CSCM,STT,Tripura,Unakoti,197,120,46,40,0
21-04-2022,PMKVY 3.0,CSCM,STT,Tripura,West Tripura,946,120,107,81,49
21-04-2022,PMKVY 3.0,CSSM,STT,Tripura,West Tripura,580,580,464,448,0
21-04-2022,PMKVY 2.0,CSCM,RPL,Uttar Pradesh,Agra,69331,68240,62306,60171,0
21-04-2022,PMKVY 2.0,CSCM,RPL,Uttar Pradesh,Aligarh,8438,8384,7654,7544,0
21-04-2022,PMKVY 2.0,CSCM,RPL,Uttar Pradesh,Ambedkar Nagar,8585,8535,8150,7959,0
21-04-2022,PMKVY 2.0,CSCM,RPL,Uttar Pradesh,Amethi,2394,2291,2068,1905,0
21-04-2022,PMKVY 2.0,CSCM,RPL,Uttar Pradesh,Amroha,13991,13873,13028,12512,0
21-04-2022,PMKVY 2.0,CSCM,RPL,Uttar Pradesh,Auraiya,4060,3642,3110,2869,0
21-04-2022,PMKVY 2.0,CSCM,RPL,Uttar Pradesh,Ayodhya,7505,7334,6956,6055,0
21-04-2022,PMKVY 2.0,CSCM,RPL,Uttar Pradesh,Azamgarh,2635,2583,2143,2006,0
21-04-2022,PMKVY 2.0,CSCM,RPL,Uttar Pradesh,Baghpat,5192,5123,4520,4360,0
21-04-2022,PMKVY 2.0,CSCM,RPL,Uttar Pradesh,Bahraich,10497,10497,10337,10150,0
21-04-2022,PMKVY 2.0,CSCM,RPL,Uttar Pradesh,Ballia,5151,5086,4601,4262,0
21-04-2022,PMKVY 2.0,CSCM,RPL,Uttar Pradesh,Balrampur,2099,2057,1846,1791,0
21-04-2022,PMKVY 2.0,CSCM,RPL,Uttar Pradesh,Banda,1996,1918,1790,1638,0
21-04-2022,PMKVY 2.0,CSCM,RPL,Uttar Pradesh,Barabanki,5085,4562,4047,3775,0
21-04-2022,PMKVY 2.0,CSCM,RPL,Uttar Pradesh,Bareilly,23698,23443,19795,18296,0
21-04-2022,PMKVY 2.0,CSCM,RPL,Uttar Pradesh,Basti,5551,5446,5136,4907,0
21-04-2022,PMKVY 2.0,CSCM,RPL,Uttar Pradesh,Bhadohi,21807,21757,20092,19908,0
21-04-2022,PMKVY 2.0,CSCM,RPL,Uttar Pradesh,Bijnor,9436,9310,8482,7806,0
21-04-2022,PMKVY 2.0,CSCM,RPL,Uttar Pradesh,Budaun,7285,6890,5951,5415,0
21-04-2022,PMKVY 2.0,CSCM,RPL,Uttar Pradesh,Bulandshahr,12596,12216,11316,10563,0
21-04-2022,PMKVY 2.0,CSCM,RPL,Uttar Pradesh,Chandauli,6918,6468,5263,4843,0
21-04-2022,PMKVY 2.0,CSCM,RPL,Uttar Pradesh,Chitrakoot,1580,1580,1333,1248,0
21-04-2022,PMKVY 2.0,CSCM,RPL,Uttar Pradesh,Deoria,3883,3825,3355,3062,0
21-04-2022,PMKVY 2.0,CSCM,RPL,Uttar Pradesh,Etah,5811,5757,5577,5003,0
21-04-2022,PMKVY 2.0,CSCM,RPL,Uttar Pradesh,Etawah,2709,2709,2315,2147,0
21-04-2022,PMKVY 2.0,CSCM,RPL,Uttar Pradesh,Farrukhabad,11482,11356,10589,8901,0
21-04-2022,PMKVY 2.0,CSCM,RPL,Uttar Pradesh,Fatehpur,2786,2733,2126,1924,0
21-04-2022,PMKVY 2.0,CSCM,RPL,Uttar Pradesh,Firozabad,5820,5820,5455,4954,0
21-04-2022,PMKVY 2.0,CSCM,RPL,Uttar Pradesh,Gautam Buddha Nagar,89557,87967,79996,78236,0
21-04-2022,PMKVY 2.0,CSCM,RPL,Uttar Pradesh,Ghaziabad,24586,24327,21338,20772,0
21-04-2022,PMKVY 2.0,CSCM,RPL,Uttar Pradesh,Ghazipur,2059,2009,1519,1409,0
21-04-2022,PMKVY 2.0,CSCM,RPL,Uttar Pradesh,Gonda,1749,1537,1295,1183,0
21-04-2022,PMKVY 2.0,CSCM,RPL,Uttar Pradesh,Gorakhpur,11332,10899,9481,8969,0
21-04-2022,PMKVY 2.0,CSCM,RPL,Uttar Pradesh,Hamirpur,1756,1536,1362,1247,0
21-04-2022,PMKVY 2.0,CSCM,RPL,Uttar Pradesh,Hapur,5451,5421,5022,4829,0
21-04-2022,PMKVY 2.0,CSCM,RPL,Uttar Pradesh,Hardoi,3525,3302,3058,2805,0
21-04-2022,PMKVY 2.0,CSCM,RPL,Uttar Pradesh,Hathras,1345,1139,1009,889,0
21-04-2022,PMKVY 2.0,CSCM,RPL,Uttar Pradesh,Jalaun,3534,3476,2909,2638,0
21-04-2022,PMKVY 2.0,CSCM,RPL,Uttar Pradesh,Jaunpur,5669,4648,3998,3880,0
21-04-2022,PMKVY 2.0,CSCM,RPL,Uttar Pradesh,Jhansi,17296,16949,14287,12802,0
21-04-2022,PMKVY 2.0,CSCM,RPL,Uttar Pradesh,Kannauj,2544,2540,2307,1988,0
21-04-2022,PMKVY 2.0,CSCM,RPL,Uttar Pradesh,Kanpur Dehat,4864,4774,3416,3206,0
21-04-2022,PMKVY 2.0,CSCM,RPL,Uttar Pradesh,Kanpur Nagar,50840,50641,48434,45724,0
21-04-2022,PMKVY 2.0,CSCM,RPL,Uttar Pradesh,Kasganj,431,381,327,261,0
21-04-2022,PMKVY 2.0,CSCM,RPL,Uttar Pradesh,Kaushambi,622,575,449,409,0
21-04-2022,PMKVY 2.0,CSCM,RPL,Uttar Pradesh,Kheri,3395,3386,2704,2413,0
21-04-2022,PMKVY 2.0,CSCM,RPL,Uttar Pradesh,Kushi Nagar,1640,1540,1365,1284,0
21-04-2022,PMKVY 2.0,CSCM,RPL,Uttar Pradesh,Lalitpur,3689,3418,2979,2722,0
21-04-2022,PMKVY 2.0,CSCM,RPL,Uttar Pradesh,Lucknow,39629,38880,34085,31419,0
21-04-2022,PMKVY 2.0,CSCM,RPL,Uttar Pradesh,Maharajganj,3382,3379,3029,2770,0
21-04-2022,PMKVY 2.0,CSCM,RPL,Uttar Pradesh,Mahoba,3631,3631,3360,3139,0
21-04-2022,PMKVY 2.0,CSCM,RPL,Uttar Pradesh,Mainpuri,2286,2236,1719,1618,0
21-04-2022,PMKVY 2.0,CSCM,RPL,Uttar Pradesh,Mathura,15467,14920,13085,12777,0
21-04-2022,PMKVY 2.0,CSCM,RPL,Uttar Pradesh,Mau,6279,5268,4647,4271,0
21-04-2022,PMKVY 2.0,CSCM,RPL,Uttar Pradesh,Meerut,46241,45969,44380,43642,0
21-04-2022,PMKVY 2.0,CSCM,RPL,Uttar Pradesh,Mirzapur,8442,8442,7439,7372,0
21-04-2022,PMKVY 2.0,CSCM,RPL,Uttar Pradesh,Moradabad,26491,25621,24502,23721,0
21-04-2022,PMKVY 2.0,CSCM,RPL,Uttar Pradesh,Muzaffarnagar,5598,5531,4360,4096,0
21-04-2022,PMKVY 2.0,CSCM,RPL,Uttar Pradesh,Pilibhit,5490,5291,4879,4410,0
21-04-2022,PMKVY 2.0,CSCM,RPL,Uttar Pradesh,Pratapgarh,1743,1643,1380,1265,0
21-04-2022,PMKVY 2.0,CSCM,RPL,Uttar Pradesh,Prayagraj,45312,44332,33871,29332,0
21-04-2022,PMKVY 2.0,CSCM,RPL,Uttar Pradesh,Rae Bareli,2418,2406,2054,1877,0
21-04-2022,PMKVY 2.0,CSCM,RPL,Uttar Pradesh,Rampur,9808,9471,8104,7414,0
21-04-2022,PMKVY 2.0,CSCM,RPL,Uttar Pradesh,Saharanpur,16249,16112,15424,15018,0
21-04-2022,PMKVY 2.0,CSCM,RPL,Uttar Pradesh,Sambhal,2122,2030,1543,1299,0
21-04-2022,PMKVY 2.0,CSCM,RPL,Uttar Pradesh,Sant Kabeer Nagar,9079,8999,8622,8457,0
21-04-2022,PMKVY 2.0,CSCM,RPL,Uttar Pradesh,Shahjahanpur,14404,13541,12478,12021,0
21-04-2022,PMKVY 2.0,CSCM,RPL,Uttar Pradesh,Shamli,1702,1656,1461,1377,0
21-04-2022,PMKVY 2.0,CSCM,RPL,Uttar Pradesh,Shravasti,4887,4887,4687,4558,0
21-04-2022,PMKVY 2.0,CSCM,RPL,Uttar Pradesh,Siddharth Nagar,2891,2891,2752,2590,0
21-04-2022,PMKVY 2.0,CSCM,RPL,Uttar Pradesh,Sitapur,3836,3614,3305,2916,0
21-04-2022,PMKVY 2.0,CSCM,RPL,Uttar Pradesh,Sonbhadra,2586,2497,1897,1814,0
21-04-2022,PMKVY 2.0,CSCM,RPL,Uttar Pradesh,Sultanpur,5623,5623,4610,4159,0
21-04-2022,PMKVY 2.0,CSCM,RPL,Uttar Pradesh,Unnao,4032,3938,3157,2859,0
21-04-2022,PMKVY 2.0,CSCM,RPL,Uttar Pradesh,Varanasi,88503,87954,80245,76581,0
21-04-2022,PMKVY 2.0,CSCM,SP,Uttar Pradesh,Agra,1620,1375,1335,1190,1047
21-04-2022,PMKVY 2.0,CSCM,SP,Uttar Pradesh,Aligarh,1985,1725,1617,1522,1282
21-04-2022,PMKVY 2.0,CSCM,SP,Uttar Pradesh,Azamgarh,198,198,100,57,0
21-04-2022,PMKVY 2.0,CSCM,SP,Uttar Pradesh,Baghpat,30,30,13,0,0
21-04-2022,PMKVY 2.0,CSCM,SP,Uttar Pradesh,Bahraich,30,30,28,0,0
21-04-2022,PMKVY 2.0,CSCM,SP,Uttar Pradesh,Ballia,30,30,0,0,0
21-04-2022,PMKVY 2.0,CSCM,SP,Uttar Pradesh,Barabanki,2051,2013,1956,1713,1131
21-04-2022,PMKVY 2.0,CSCM,SP,Uttar Pradesh,Bareilly,3992,3812,3084,2516,1743
21-04-2022,PMKVY 2.0,CSCM,SP,Uttar Pradesh,Basti,30,30,26,0,0
21-04-2022,PMKVY 2.0,CSCM,SP,Uttar Pradesh,Bhadohi,30,30,28,0,0
21-04-2022,PMKVY 2.0,CSCM,SP,Uttar Pradesh,Bijnor,2005,210,19,0,70
21-04-2022,PMKVY 2.0,CSCM,SP,Uttar Pradesh,Budaun,420,330,173,135,47
21-04-2022,PMKVY 2.0,CSCM,SP,Uttar Pradesh,Bulandshahr,407,407,351,325,112
21-04-2022,PMKVY 2.0,CSCM,SP,Uttar Pradesh,Chandauli,169,169,108,92,62
21-04-2022,PMKVY 2.0,CSCM,SP,Uttar Pradesh,Chitrakoot,30,30,28,0,0
21-04-2022,PMKVY 2.0,CSCM,SP,Uttar Pradesh,Deoria,80,80,37,23,0
21-04-2022,PMKVY 2.0,CSCM,SP,Uttar Pradesh,Etah,30,30,24,0,0
21-04-2022,PMKVY 2.0,CSCM,SP,Uttar Pradesh,Etawah,150,150,108,38,30
21-04-2022,PMKVY 2.0,CSCM,SP,Uttar Pradesh,Farrukhabad,120,120,84,0,0
21-04-2022,PMKVY 2.0,CSCM,SP,Uttar Pradesh,Fatehpur,240,180,49,0,0
21-04-2022,PMKVY 2.0,CSCM,SP,Uttar Pradesh,Firozabad,235,50,45,20,0
21-04-2022,PMKVY 2.0,CSCM,SP,Uttar Pradesh,Gautam Buddha Nagar,1186,1158,826,637,373
21-04-2022,PMKVY 2.0,CSCM,SP,Uttar Pradesh,Ghaziabad,656,536,461,353,197
21-04-2022,PMKVY 2.0,CSCM,SP,Uttar Pradesh,Ghazipur,30,30,30,0,0
21-04-2022,PMKVY 2.0,CSCM,SP,Uttar Pradesh,Gonda,125,100,87,55,0
21-04-2022,PMKVY 2.0,CSCM,SP,Uttar Pradesh,Gorakhpur,733,633,503,415,210
21-04-2022,PMKVY 2.0,CSCM,SP,Uttar Pradesh,Hamirpur,30,30,22,0,0
21-04-2022,PMKVY 2.0,CSCM,SP,Uttar Pradesh,Hardoi,30,30,22,0,0
21-04-2022,PMKVY 2.0,CSCM,SP,Uttar Pradesh,Hathras,60,60,60,59,10
21-04-2022,PMKVY 2.0,CSCM,SP,Uttar Pradesh,Jalaun,30,30,30,0,0
21-04-2022,PMKVY 2.0,CSCM,SP,Uttar Pradesh,Jaunpur,690,450,434,351,0
21-04-2022,PMKVY 2.0,CSCM,SP,Uttar Pradesh,Kannauj,30,30,19,0,0
21-04-2022,PMKVY 2.0,CSCM,SP,Uttar Pradesh,Kanpur Dehat,227,227,205,135,108
21-04-2022,PMKVY 2.0,CSCM,SP,Uttar Pradesh,Kanpur Nagar,1080,1080,842,750,762
21-04-2022,PMKVY 2.0,CSCM,SP,Uttar Pradesh,Kheri,60,60,52,0,0
21-04-2022,PMKVY 2.0,CSCM,SP,Uttar Pradesh,Lalitpur,30,30,26,0,0
21-04-2022,PMKVY 2.0,CSCM,SP,Uttar Pradesh,Lucknow,2848,2432,1860,1580,1123
21-04-2022,PMKVY 2.0,CSCM,SP,Uttar Pradesh,Mahoba,30,30,0,0,0
21-04-2022,PMKVY 2.0,CSCM,SP,Uttar Pradesh,Mainpuri,30,30,27,0,0
21-04-2022,PMKVY 2.0,CSCM,SP,Uttar Pradesh,Mathura,1131,1050,895,715,308
21-04-2022,PMKVY 2.0,CSCM,SP,Uttar Pradesh,Mau,130,80,62,12,0
21-04-2022,PMKVY 2.0,CSCM,SP,Uttar Pradesh,Meerut,790,720,664,581,220
21-04-2022,PMKVY 2.0,CSCM,SP,Uttar Pradesh,Mirzapur,30,30,28,28,29
21-04-2022,PMKVY 2.0,CSCM,SP,Uttar Pradesh,Moradabad,1020,930,767,682,733
21-04-2022,PMKVY 2.0,CSCM,SP,Uttar Pradesh,Muzaffarnagar,150,150,149,134,37
21-04-2022,PMKVY 2.0,CSCM,SP,Uttar Pradesh,Pilibhit,600,600,433,368,205
21-04-2022,PMKVY 2.0,CSCM,SP,Uttar Pradesh,Pratapgarh,400,220,220,219,186
21-04-2022,PMKVY 2.0,CSCM,SP,Uttar Pradesh,Prayagraj,1780,1618,1243,1021,441
21-04-2022,PMKVY 2.0,CSCM,SP,Uttar Pradesh,Rae Bareli,235,175,145,115,109
21-04-2022,PMKVY 2.0,CSCM,SP,Uttar Pradesh,Rampur,605,375,273,212,59
21-04-2022,PMKVY 2.0,CSCM,SP,Uttar Pradesh,Saharanpur,660,532,358,288,293
21-04-2022,PMKVY 2.0,CSCM,SP,Uttar Pradesh,Siddharth Nagar,60,60,54,0,0
21-04-2022,PMKVY 2.0,CSCM,SP,Uttar Pradesh,Sitapur,300,210,197,168,173
21-04-2022,PMKVY 2.0,CSCM,SP,Uttar Pradesh,Sonbhadra,27,27,23,0,0
21-04-2022,PMKVY 2.0,CSCM,SP,Uttar Pradesh,Sultanpur,30,30,29,0,0
21-04-2022,PMKVY 2.0,CSCM,SP,Uttar Pradesh,Unnao,1049,989,811,701,708
21-04-2022,PMKVY 2.0,CSCM,SP,Uttar Pradesh,Varanasi,1736,1620,1258,950,658
21-04-2022,PMKVY 2.0,CSCM,STT,Uttar Pradesh,Agra,27969,26509,25227,22908,12224
21-04-2022,PMKVY 2.0,CSSM,STT,Uttar Pradesh,Agra,1727,1695,1304,1118,8
21-04-2022,PMKVY 2.0,CSCM,STT,Uttar Pradesh,Aligarh,12564,12147,11590,10033,5138
21-04-2022,PMKVY 2.0,CSSM,STT,Uttar Pradesh,Aligarh,3013,3011,2842,2502,493
21-04-2022,PMKVY 2.0,CSCM,STT,Uttar Pradesh,Ambedkar Nagar,4847,4337,3855,3152,1456
21-04-2022,PMKVY 2.0,CSSM,STT,Uttar Pradesh,Ambedkar Nagar,240,210,174,120,0
21-04-2022,PMKVY 2.0,CSCM,STT,Uttar Pradesh,Amethi,3930,3291,3078,2650,1507
21-04-2022,PMKVY 2.0,CSSM,STT,Uttar Pradesh,Amethi,990,990,931,846,69
21-04-2022,PMKVY 2.0,CSCM,STT,Uttar Pradesh,Amroha,6790,6284,6003,5103,2870
21-04-2022,PMKVY 2.0,CSSM,STT,Uttar Pradesh,Amroha,700,640,613,532,106
21-04-2022,PMKVY 2.0,CSCM,STT,Uttar Pradesh,Auraiya,9759,9140,8897,7770,4732
21-04-2022,PMKVY 2.0,CSSM,STT,Uttar Pradesh,Auraiya,989,989,793,712,108
21-04-2022,PMKVY 2.0,CSCM,STT,Uttar Pradesh,Ayodhya,5598,5001,4799,4086,1422
21-04-2022,PMKVY 2.0,CSSM,STT,Uttar Pradesh,Ayodhya,447,446,393,329,90
21-04-2022,PMKVY 2.0,CSCM,STT,Uttar Pradesh,Azamgarh,6950,5582,5287,4760,1789
21-04-2022,PMKVY 2.0,CSSM,STT,Uttar Pradesh,Azamgarh,840,840,717,598,0
21-04-2022,PMKVY 2.0,CSCM,STT,Uttar Pradesh,Baghpat,5837,4756,4400,3763,2554
21-04-2022,PMKVY 2.0,CSSM,STT,Uttar Pradesh,Baghpat,1087,1069,798,664,261
21-04-2022,PMKVY 2.0,CSCM,STT,Uttar Pradesh,Bahraich,6674,6384,5951,5277,3334
21-04-2022,PMKVY 2.0,CSSM,STT,Uttar Pradesh,Bahraich,120,120,98,92,0
21-04-2022,PMKVY 2.0,CSSM,STT,Uttar Pradesh,Ballia,1454,1348,1122,1019,173
21-04-2022,PMKVY 2.0,CSCM,STT,Uttar Pradesh,Ballia,10182,9411,9081,8146,4144
21-04-2022,PMKVY 2.0,CSSM,STT,Uttar Pradesh,Balrampur,326,296,276,247,0
21-04-2022,PMKVY 2.0,CSCM,STT,Uttar Pradesh,Balrampur,3628,2912,2330,1884,1427
21-04-2022,PMKVY 2.0,CSSM,STT,Uttar Pradesh,Banda,150,150,0,0,0
21-04-2022,PMKVY 2.0,CSCM,STT,Uttar Pradesh,Banda,5807,5334,5175,4443,2417
21-04-2022,PMKVY 2.0,CSCM,STT,Uttar Pradesh,Barabanki,4288,3825,3537,3118,1557
21-04-2022,PMKVY 2.0,CSSM,STT,Uttar Pradesh,Barabanki,1198,1198,1075,983,268
21-04-2022,PMKVY 2.0,CSCM,STT,Uttar Pradesh,Bareilly,19114,17997,16947,15463,8431
21-04-2022,PMKVY 2.0,CSSM,STT,Uttar Pradesh,Bareilly,2610,2579,2323,2105,635
21-04-2022,PMKVY 2.0,CSSM,STT,Uttar Pradesh,Basti,420,420,412,324,0
21-04-2022,PMKVY 2.0,CSCM,STT,Uttar Pradesh,Basti,3694,3475,3197,2719,1407
21-04-2022,PMKVY 2.0,CSCM,STT,Uttar Pradesh,Bhadohi,3645,3549,3221,2659,1213
21-04-2022,PMKVY 2.0,CSSM,STT,Uttar Pradesh,Bhadohi,470,470,451,424,0
21-04-2022,PMKVY 2.0,CSCM,STT,Uttar Pradesh,Bijnor,22775,20574,19545,17981,10746
21-04-2022,PMKVY 2.0,CSSM,STT,Uttar Pradesh,Bijnor,3594,3504,3321,2956,227
21-04-2022,PMKVY 2.0,CSSM,STT,Uttar Pradesh,Budaun,1465,1440,1407,1284,347
21-04-2022,PMKVY 2.0,CSCM,STT,Uttar Pradesh,Budaun,7363,7056,6546,5698,4147
21-04-2022,PMKVY 2.0,CSSM,STT,Uttar Pradesh,Bulandshahr,1416,1416,1337,1210,90
21-04-2022,PMKVY 2.0,CSCM,STT,Uttar Pradesh,Bulandshahr,10397,10057,9239,7860,4926
21-04-2022,PMKVY 2.0,CSSM,STT,Uttar Pradesh,Chandauli,351,351,276,243,0
21-04-2022,PMKVY 2.0,CSCM,STT,Uttar Pradesh,Chandauli,5177,4507,4116,3645,1463
21-04-2022,PMKVY 2.0,CSCM,STT,Uttar Pradesh,Chitrakoot,1394,952,886,788,142
21-04-2022,PMKVY 2.0,CSSM,STT,Uttar Pradesh,Chitrakoot,210,180,155,134,0
21-04-2022,PMKVY 2.0,CSCM,STT,Uttar Pradesh,Deoria,9876,8821,8475,7491,4640
21-04-2022,PMKVY 2.0,CSSM,STT,Uttar Pradesh,Deoria,1050,990,886,728,369
21-04-2022,PMKVY 2.0,CSCM,STT,Uttar Pradesh,Etah,9054,8547,8310,7286,4902
21-04-2022,PMKVY 2.0,CSSM,STT,Uttar Pradesh,Etah,300,300,297,286,72
21-04-2022,PMKVY 2.0,CSSM,STT,Uttar Pradesh,Etawah,426,426,357,325,0
21-04-2022,PMKVY 2.0,CSCM,STT,Uttar Pradesh,Etawah,14672,14066,13522,12330,7728
21-04-2022,PMKVY 2.0,CSSM,STT,Uttar Pradesh,Farrukhabad,719,659,515,463,0
21-04-2022,PMKVY 2.0,CSCM,STT,Uttar Pradesh,Farrukhabad,6738,6440,6240,5371,3630
21-04-2022,PMKVY 2.0,CSCM,STT,Uttar Pradesh,Fatehpur,6492,6141,5795,5163,3028
21-04-2022,PMKVY 2.0,CSSM,STT,Uttar Pradesh,Fatehpur,720,600,497,425,151
21-04-2022,PMKVY 2.0,CSSM,STT,Uttar Pradesh,Firozabad,1230,1230,1013,901,45
21-04-2022,PMKVY 2.0,CSCM,STT,Uttar Pradesh,Firozabad,16056,15479,14768,13457,7481
21-04-2022,PMKVY 2.0,CSSM,STT,Uttar Pradesh,Gautam Buddha Nagar,1055,1025,809,727,0
21-04-2022,PMKVY 2.0,CSCM,STT,Uttar Pradesh,Gautam Buddha Nagar,9805,8499,7655,6657,3364
21-04-2022,PMKVY 2.0,CSCM,STT,Uttar Pradesh,Ghaziabad,20389,19318,17826,15684,6758
21-04-2022,PMKVY 2.0,CSSM,STT,Uttar Pradesh,Ghaziabad,1247,1247,952,813,248
21-04-2022,PMKVY 2.0,CSSM,STT,Uttar Pradesh,Ghazipur,3570,3551,3249,2977,704
21-04-2022,PMKVY 2.0,CSCM,STT,Uttar Pradesh,Ghazipur,8777,7641,6753,5716,2913
21-04-2022,PMKVY 2.0,CSSM,STT,Uttar Pradesh,Gonda,420,386,362,321,89
21-04-2022,PMKVY 2.0,CSCM,STT,Uttar Pradesh,Gonda,4908,4327,4074,3348,1544
21-04-2022,PMKVY 2.0,CSCM,STT,Uttar Pradesh,Gorakhpur,12496,12067,11323,9917,5512
21-04-2022,PMKVY 2.0,CSSM,STT,Uttar Pradesh,Gorakhpur,1200,1200,813,681,0
21-04-2022,PMKVY 2.0,CSCM,STT,Uttar Pradesh,Hamirpur,3262,3112,2914,2424,928
21-04-2022,PMKVY 2.0,CSSM,STT,Uttar Pradesh,Hamirpur,520,500,459,362,55
21-04-2022,PMKVY 2.0,CSSM,STT,Uttar Pradesh,Hapur,411,411,186,170,9
21-04-2022,PMKVY 2.0,CSCM,STT,Uttar Pradesh,Hapur,6884,6860,6546,5509,3270
21-04-2022,PMKVY 2.0,CSSM,STT,Uttar Pradesh,Hardoi,1767,1736,1574,1345,199
21-04-2022,PMKVY 2.0,CSCM,STT,Uttar Pradesh,Hardoi,8310,8099,7653,6749,4393
21-04-2022,PMKVY 2.0,CSCM,STT,Uttar Pradesh,Hathras,6727,6183,6013,5370,3153
21-04-2022,PMKVY 2.0,CSSM,STT,Uttar Pradesh,Hathras,940,910,830,763,571
21-04-2022,PMKVY 2.0,CSSM,STT,Uttar Pradesh,Jalaun,300,240,208,156,0
21-04-2022,PMKVY 2.0,CSCM,STT,Uttar Pradesh,Jalaun,5007,4576,4220,3600,1364
21-04-2022,PMKVY 2.0,CSCM,STT,Uttar Pradesh,Jaunpur,12727,11392,11051,10140,5826
21-04-2022,PMKVY 2.0,CSSM,STT,Uttar Pradesh,Jaunpur,2654,2579,2401,2056,82
21-04-2022,PMKVY 2.0,CSCM,STT,Uttar Pradesh,Jhansi,4921,4353,4073,3557,1714
21-04-2022,PMKVY 2.0,CSSM,STT,Uttar Pradesh,Jhansi,900,900,785,613,128
21-04-2022,PMKVY 2.0,CSSM,STT,Uttar Pradesh,Kannauj,685,665,649,585,252
21-04-2022,PMKVY 2.0,CSCM,STT,Uttar Pradesh,Kannauj,6946,6452,6320,5830,3843
21-04-2022,PMKVY 2.0,CSCM,STT,Uttar Pradesh,Kanpur Dehat,3774,3259,3111,2635,576
21-04-2022,PMKVY 2.0,CSSM,STT,Uttar Pradesh,Kanpur Dehat,1520,1520,1432,1042,301
21-04-2022,PMKVY 2.0,CSCM,STT,Uttar Pradesh,Kanpur Nagar,16933,16587,15537,13969,8028
21-04-2022,PMKVY 2.0,CSSM,STT,Uttar Pradesh,Kanpur Nagar,1982,1952,1431,1241,449
21-04-2022,PMKVY 2.0,CSSM,STT,Uttar Pradesh,Kasganj,1505,1298,1191,930,111
21-04-2022,PMKVY 2.0,CSCM,STT,Uttar Pradesh,Kasganj,6825,6467,6235,5427,2770
21-04-2022,PMKVY 2.0,CSCM,STT,Uttar Pradesh,Kaushambi,2967,2763,2631,1992,1065
21-04-2022,PMKVY 2.0,CSSM,STT,Uttar Pradesh,Kaushambi,300,300,285,239,57
21-04-2022,PMKVY 2.0,CSCM,STT,Uttar Pradesh,Kheri,11881,11413,10845,9914,6523
21-04-2022,PMKVY 2.0,CSSM,STT,Uttar Pradesh,Kheri,1830,1680,1473,1364,302
21-04-2022,PMKVY 2.0,CSSM,STT,Uttar Pradesh,Kushi Nagar,1295,1239,1204,1095,580
21-04-2022,PMKVY 2.0,CSCM,STT,Uttar Pradesh,Kushi Nagar,5947,5796,5552,4643,2826
21-04-2022,PMKVY 2.0,CSCM,STT,Uttar Pradesh,Lalitpur,3248,2912,2883,2654,1531
21-04-2022,PMKVY 2.0,CSSM,STT,Uttar Pradesh,Lalitpur,580,580,575,491,0
21-04-2022,PMKVY 2.0,CSCM,STT,Uttar Pradesh,Lucknow,33878,30023,28258,25825,14351
21-04-2022,PMKVY 2.0,CSSM,STT,Uttar Pradesh,Lucknow,3780,3674,3010,2738,1043
21-04-2022,PMKVY 2.0,CSSM,STT,Uttar Pradesh,Maharajganj,1030,820,810,670,0
21-04-2022,PMKVY 2.0,CSCM,STT,Uttar Pradesh,Maharajganj,7928,7613,7128,6176,1795
21-04-2022,PMKVY 2.0,CSSM,STT,Uttar Pradesh,Mahoba,360,360,325,257,50
21-04-2022,PMKVY 2.0,CSCM,STT,Uttar Pradesh,Mahoba,1891,1863,1776,1547,820
21-04-2022,PMKVY 2.0,CSCM,STT,Uttar Pradesh,Mainpuri,5327,5164,5040,4488,2597
21-04-2022,PMKVY 2.0,CSSM,STT,Uttar Pradesh,Mainpuri,539,539,369,342,0
21-04-2022,PMKVY 2.0,CSSM,STT,Uttar Pradesh,Mathura,1920,1880,1788,1615,342
21-04-2022,PMKVY 2.0,CSCM,STT,Uttar Pradesh,Mathura,16497,15298,14580,13183,7841
21-04-2022,PMKVY 2.0,CSCM,STT,Uttar Pradesh,Mau,5738,5578,5042,4193,2386
21-04-2022,PMKVY 2.0,CSSM,STT,Uttar Pradesh,Mau,150,120,113,92,0
21-04-2022,PMKVY 2.0,CSSM,STT,Uttar Pradesh,Meerut,2630,2523,2329,2148,330
21-04-2022,PMKVY 2.0,CSCM,STT,Uttar Pradesh,Meerut,17598,16670,15529,13707,6722
21-04-2022,PMKVY 2.0,CSSM,STT,Uttar Pradesh,Mirzapur,480,480,415,352,44
21-04-2022,PMKVY 2.0,CSCM,STT,Uttar Pradesh,Mirzapur,5255,4865,4396,3647,2178
21-04-2022,PMKVY 2.0,CSCM,STT,Uttar Pradesh,Moradabad,7643,7431,6997,6112,3321
21-04-2022,PMKVY 2.0,CSSM,STT,Uttar Pradesh,Moradabad,2820,2670,2566,2315,438
21-04-2022,PMKVY 2.0,CSCM,STT,Uttar Pradesh,Muzaffarnagar,11243,10312,9910,8941,5017
21-04-2022,PMKVY 2.0,CSSM,STT,Uttar Pradesh,Muzaffarnagar,1130,1130,1065,972,205
21-04-2022,PMKVY 2.0,CSCM,STT,Uttar Pradesh,Pilibhit,9286,9144,8716,7746,5418
21-04-2022,PMKVY 2.0,CSSM,STT,Uttar Pradesh,Pilibhit,1589,1528,1495,1340,580
21-04-2022,PMKVY 2.0,CSCM,STT,Uttar Pradesh,Pratapgarh,6731,6246,5921,4866,3050
21-04-2022,PMKVY 2.0,CSSM,STT,Uttar Pradesh,Pratapgarh,1105,1105,1013,903,122
21-04-2022,PMKVY 2.0,CSSM,STT,Uttar Pradesh,Prayagraj,1110,1094,796,682,116
21-04-2022,PMKVY 2.0,CSCM,STT,Uttar Pradesh,Prayagraj,13264,12277,11517,9572,5494
21-04-2022,PMKVY 2.0,CSSM,STT,Uttar Pradesh,Rae Bareli,1148,1148,990,840,30
21-04-2022,PMKVY 2.0,CSCM,STT,Uttar Pradesh,Rae Bareli,5031,4802,4614,3990,2282
21-04-2022,PMKVY 2.0,CSCM,STT,Uttar Pradesh,Rampur,7085,6997,6428,5544,3738
21-04-2022,PMKVY 2.0,CSSM,STT,Uttar Pradesh,Rampur,565,565,557,449,14
21-04-2022,PMKVY 2.0,CSSM,STT,Uttar Pradesh,Saharanpur,1904,1904,1761,1576,88
21-04-2022,PMKVY 2.0,CSCM,STT,Uttar Pradesh,Saharanpur,17016,16469,15993,14454,6407
21-04-2022,PMKVY 2.0,CSCM,STT,Uttar Pradesh,Sambhal,4260,4165,3888,3290,1449
21-04-2022,PMKVY 2.0,CSSM,STT,Uttar Pradesh,Sambhal,746,716,234,200,0
21-04-2022,PMKVY 2.0,CSCM,STT,Uttar Pradesh,Sant Kabeer Nagar,1120,1029,867,652,277
21-04-2022,PMKVY 2.0,CSSM,STT,Uttar Pradesh,Sant Kabeer Nagar,240,240,229,216,0
21-04-2022,PMKVY 2.0,CSSM,STT,Uttar Pradesh,Shahjahanpur,4350,4319,4165,3842,746
21-04-2022,PMKVY 2.0,CSCM,STT,Uttar Pradesh,Shahjahanpur,9973,9602,9233,8333,5746
21-04-2022,PMKVY 2.0,CSSM,STT,Uttar Pradesh,Shamli,387,387,350,307,0
21-04-2022,PMKVY 2.0,CSCM,STT,Uttar Pradesh,Shamli,3553,3043,3000,2640,1396
21-04-2022,PMKVY 2.0,CSCM,STT,Uttar Pradesh,Shravasti,3315,3268,3085,2693,2016
21-04-2022,PMKVY 2.0,CSSM,STT,Uttar Pradesh,Shravasti,540,540,513,374,248
21-04-2022,PMKVY 2.0,CSCM,STT,Uttar Pradesh,Siddharth Nagar,5404,4826,4638,4015,2464
21-04-2022,PMKVY 2.0,CSSM,STT,Uttar Pradesh,Siddharth Nagar,878,848,539,381,0
21-04-2022,PMKVY 2.0,CSCM,STT,Uttar Pradesh,Sitapur,8251,7832,7560,6807,4170
21-04-2022,PMKVY 2.0,CSSM,STT,Uttar Pradesh,Sitapur,1960,1959,1713,1511,236
21-04-2022,PMKVY 2.0,CSSM,STT,Uttar Pradesh,Sonbhadra,220,220,217,198,89
21-04-2022,PMKVY 2.0,CSCM,STT,Uttar Pradesh,Sonbhadra,3676,3539,3302,2985,1148
21-04-2022,PMKVY 2.0,CSCM,STT,Uttar Pradesh,Sultanpur,5837,5374,4987,4098,2595
21-04-2022,PMKVY 2.0,CSSM,STT,Uttar Pradesh,Sultanpur,599,599,563,494,126
21-04-2022,PMKVY 2.0,CSCM,STT,Uttar Pradesh,Unnao,8164,7093,6474,5618,3251
21-04-2022,PMKVY 2.0,CSSM,STT,Uttar Pradesh,Unnao,1765,1764,1662,1444,173
21-04-2022,PMKVY 2.0,CSCM,STT,Uttar Pradesh,Varanasi,19677,19304,18145,16085,6910
21-04-2022,PMKVY 2.0,CSSM,STT,Uttar Pradesh,Varanasi,1193,1193,938,791,88
21-04-2022,PMKVY 3.0,CSSM,RPL,Uttar Pradesh,Agra,100,100,60,60,0
21-04-2022,PMKVY 3.0,CSCM,RPL,Uttar Pradesh,Agra,795,755,395,359,0
21-04-2022,PMKVY 3.0,CSCM,RPL,Uttar Pradesh,Aligarh,275,275,217,100,0
21-04-2022,PMKVY 3.0,CSSM,RPL,Uttar Pradesh,Aligarh,100,100,67,63,0
21-04-2022,PMKVY 3.0,CSSM,RPL,Uttar Pradesh,Ambedkar Nagar,200,200,166,156,0
21-04-2022,PMKVY 3.0,CSSM,RPL,Uttar Pradesh,Amethi,90,90,90,82,0
21-04-2022,PMKVY 3.0,CSCM,RPL,Uttar Pradesh,Amethi,201,201,89,86,0
21-04-2022,PMKVY 3.0,CSCM,RPL,Uttar Pradesh,Amroha,327,327,307,245,0
21-04-2022,PMKVY 3.0,CSSM,RPL,Uttar Pradesh,Amroha,200,200,102,80,0
21-04-2022,PMKVY 3.0,CSCM,RPL,Uttar Pradesh,Ayodhya,285,285,239,223,0
21-04-2022,PMKVY 3.0,CSCM,RPL,Uttar Pradesh,Azamgarh,51,51,47,24,0
21-04-2022,PMKVY 3.0,CSSM,RPL,Uttar Pradesh,Azamgarh,200,200,185,98,0
21-04-2022,PMKVY 3.0,CSSM,RPL,Uttar Pradesh,Baghpat,135,135,0,0,0
21-04-2022,PMKVY 3.0,CSCM,RPL,Uttar Pradesh,Baghpat,277,277,207,165,0
21-04-2022,PMKVY 3.0,CSCM,RPL,Uttar Pradesh,Bahraich,275,275,271,241,0
21-04-2022,PMKVY 3.0,CSCM,RPL,Uttar Pradesh,Ballia,233,233,214,199,0
21-04-2022,PMKVY 3.0,CSSM,RPL,Uttar Pradesh,Ballia,87,87,57,55,0
21-04-2022,PMKVY 3.0,CSCM,RPL,Uttar Pradesh,Balrampur,201,201,161,145,0
21-04-2022,PMKVY 3.0,CSCM,RPL,Uttar Pradesh,Banda,11,11,5,5,0
21-04-2022,PMKVY 3.0,CSCM,RPL,Uttar Pradesh,Barabanki,2,2,0,0,0
21-04-2022,PMKVY 3.0,CSSM,RPL,Uttar Pradesh,Barabanki,90,90,84,81,0
21-04-2022,PMKVY 3.0,CSCM,RPL,Uttar Pradesh,Bareilly,246,246,180,160,0
21-04-2022,PMKVY 3.0,CSCM,RPL,Uttar Pradesh,Basti,201,201,191,58,0
21-04-2022,PMKVY 3.0,CSCM,RPL,Uttar Pradesh,Bhadohi,170,170,104,97,0
21-04-2022,PMKVY 3.0,CSSM,RPL,Uttar Pradesh,Bijnor,100,100,80,78,0
21-04-2022,PMKVY 3.0,CSCM,RPL,Uttar Pradesh,Bijnor,251,251,192,115,0
21-04-2022,PMKVY 3.0,CSCM,RPL,Uttar Pradesh,Budaun,345,345,286,189,0
21-04-2022,PMKVY 3.0,CSSM,RPL,Uttar Pradesh,Bulandshahr,100,100,0,0,0
21-04-2022,PMKVY 3.0,CSCM,RPL,Uttar Pradesh,Bulandshahr,277,277,225,177,0
21-04-2022,PMKVY 3.0,CSSM,RPL,Uttar Pradesh,Chandauli,84,84,54,50,0
21-04-2022,PMKVY 3.0,CSCM,RPL,Uttar Pradesh,Chandauli,204,204,146,129,0
21-04-2022,PMKVY 3.0,CSCM,RPL,Uttar Pradesh,Chitrakoot,200,200,0,0,0
21-04-2022,PMKVY 3.0,CSSM,RPL,Uttar Pradesh,Chitrakoot,60,60,46,45,0
21-04-2022,PMKVY 3.0,CSCM,RPL,Uttar Pradesh,Deoria,459,459,448,443,0
21-04-2022,PMKVY 3.0,CSCM,RPL,Uttar Pradesh,Etah,276,276,251,161,0
21-04-2022,PMKVY 3.0,CSCM,RPL,Uttar Pradesh,Etawah,299,299,184,79,0
21-04-2022,PMKVY 3.0,CSCM,RPL,Uttar Pradesh,Farrukhabad,232,232,172,115,0
21-04-2022,PMKVY 3.0,CSSM,RPL,Uttar Pradesh,Farrukhabad,200,200,197,135,0
21-04-2022,PMKVY 3.0,CSCM,RPL,Uttar Pradesh,Fatehpur,2,2,0,0,0
21-04-2022,PMKVY 3.0,CSCM,RPL,Uttar Pradesh,Firozabad,184,184,150,106,0
21-04-2022,PMKVY 3.0,CSCM,RPL,Uttar Pradesh,Gautam Buddha Nagar,3220,3220,2489,2379,0
21-04-2022,PMKVY 3.0,CSSM,RPL,Uttar Pradesh,Gautam Buddha Nagar,100,100,0,0,0
21-04-2022,PMKVY 3.0,CSCM,RPL,Uttar Pradesh,Ghaziabad,1309,1261,1008,904,0
21-04-2022,PMKVY 3.0,CSCM,RPL,Uttar Pradesh,Ghazipur,283,283,236,193,0
21-04-2022,PMKVY 3.0,CSSM,RPL,Uttar Pradesh,Ghazipur,200,200,148,144,0
21-04-2022,PMKVY 3.0,CSSM,RPL,Uttar Pradesh,Gonda,90,90,29,27,0
21-04-2022,PMKVY 3.0,CSCM,RPL,Uttar Pradesh,Gonda,152,152,49,44,0
21-04-2022,PMKVY 3.0,CSCM,RPL,Uttar Pradesh,Gorakhpur,328,328,108,106,0
21-04-2022,PMKVY 3.0,CSSM,RPL,Uttar Pradesh,Gorakhpur,100,100,84,67,0
21-04-2022,PMKVY 3.0,CSCM,RPL,Uttar Pradesh,Hamirpur,1,1,0,0,0
21-04-2022,PMKVY 3.0,CSSM,RPL,Uttar Pradesh,Hamirpur,50,50,22,22,0
21-04-2022,PMKVY 3.0,CSCM,RPL,Uttar Pradesh,Hapur,403,403,303,272,0
21-04-2022,PMKVY 3.0,CSSM,RPL,Uttar Pradesh,Hapur,92,92,0,0,0
21-04-2022,PMKVY 3.0,CSSM,RPL,Uttar Pradesh,Hardoi,100,100,95,95,0
21-04-2022,PMKVY 3.0,CSCM,RPL,Uttar Pradesh,Hardoi,278,278,271,232,0
21-04-2022,PMKVY 3.0,CSCM,RPL,Uttar Pradesh,Hathras,201,201,175,166,0
21-04-2022,PMKVY 3.0,CSSM,RPL,Uttar Pradesh,Hathras,50,50,9,4,0
21-04-2022,PMKVY 3.0,CSSM,RPL,Uttar Pradesh,Jalaun,100,100,28,25,0
21-04-2022,PMKVY 3.0,CSCM,RPL,Uttar Pradesh,Jalaun,60,60,48,0,0
21-04-2022,PMKVY 3.0,CSCM,RPL,Uttar Pradesh,Jaunpur,259,259,236,197,0
21-04-2022,PMKVY 3.0,CSSM,RPL,Uttar Pradesh,Jaunpur,100,100,97,93,0
21-04-2022,PMKVY 3.0,CSCM,RPL,Uttar Pradesh,Jhansi,15,15,10,10,0
21-04-2022,PMKVY 3.0,CSSM,RPL,Uttar Pradesh,Kannauj,200,200,197,189,0
21-04-2022,PMKVY 3.0,CSCM,RPL,Uttar Pradesh,Kannauj,200,200,194,180,0
21-04-2022,PMKVY 3.0,CSSM,RPL,Uttar Pradesh,Kanpur Dehat,75,75,32,25,0
21-04-2022,PMKVY 3.0,CSCM,RPL,Uttar Pradesh,Kanpur Dehat,200,200,198,115,0
21-04-2022,PMKVY 3.0,CSCM,RPL,Uttar Pradesh,Kanpur Nagar,315,315,286,241,0
21-04-2022,PMKVY 3.0,CSCM,RPL,Uttar Pradesh,Kasganj,250,250,249,159,0
21-04-2022,PMKVY 3.0,CSCM,RPL,Uttar Pradesh,Kaushambi,900,900,742,38,0
21-04-2022,PMKVY 3.0,CSCM,RPL,Uttar Pradesh,Kheri,295,295,247,226,0
21-04-2022,PMKVY 3.0,CSSM,RPL,Uttar Pradesh,Kheri,100,100,50,0,0
21-04-2022,PMKVY 3.0,CSCM,RPL,Uttar Pradesh,Kushi Nagar,324,324,240,201,0
21-04-2022,PMKVY 3.0,CSSM,RPL,Uttar Pradesh,Kushi Nagar,174,174,0,0,0
21-04-2022,PMKVY 3.0,CSCM,RPL,Uttar Pradesh,Lalitpur,321,307,295,222,0
21-04-2022,PMKVY 3.0,CSSM,RPL,Uttar Pradesh,Lalitpur,175,175,144,138,0
21-04-2022,PMKVY 3.0,CSSM,RPL,Uttar Pradesh,Lucknow,100,100,100,95,0
21-04-2022,PMKVY 3.0,CSCM,RPL,Uttar Pradesh,Lucknow,1247,1247,369,351,0
21-04-2022,PMKVY 3.0,CSCM,RPL,Uttar Pradesh,Maharajganj,201,201,197,183,0
21-04-2022,PMKVY 3.0,CSSM,RPL,Uttar Pradesh,Mahoba,175,175,26,25,0
21-04-2022,PMKVY 3.0,CSSM,RPL,Uttar Pradesh,Mainpuri,99,99,73,72,0
21-04-2022,PMKVY 3.0,CSCM,RPL,Uttar Pradesh,Mainpuri,200,200,150,140,0
21-04-2022,PMKVY 3.0,CSCM,RPL,Uttar Pradesh,Mathura,23,23,16,16,0
21-04-2022,PMKVY 3.0,CSSM,RPL,Uttar Pradesh,Mathura,60,60,60,60,0
21-04-2022,PMKVY 3.0,CSSM,RPL,Uttar Pradesh,Mau,89,89,68,55,0
21-04-2022,PMKVY 3.0,CSCM,RPL,Uttar Pradesh,Mau,421,421,354,292,0
21-04-2022,PMKVY 3.0,CSSM,RPL,Uttar Pradesh,Meerut,190,190,182,174,0
21-04-2022,PMKVY 3.0,CSCM,RPL,Uttar Pradesh,Meerut,330,330,252,183,0
21-04-2022,PMKVY 3.0,CSCM,RPL,Uttar Pradesh,Mirzapur,152,152,66,54,0
21-04-2022,PMKVY 3.0,CSSM,RPL,Uttar Pradesh,Moradabad,100,100,87,77,0
21-04-2022,PMKVY 3.0,CSCM,RPL,Uttar Pradesh,Moradabad,1877,1877,1807,1743,0
21-04-2022,PMKVY 3.0,CSCM,RPL,Uttar Pradesh,Muzaffarnagar,416,416,397,323,0
21-04-2022,PMKVY 3.0,CSSM,RPL,Uttar Pradesh,Muzaffarnagar,90,90,65,58,0
21-04-2022,PMKVY 3.0,CSCM,RPL,Uttar Pradesh,Pilibhit,358,358,320,309,0
21-04-2022,PMKVY 3.0,CSSM,RPL,Uttar Pradesh,Pilibhit,200,200,25,23,0
21-04-2022,PMKVY 3.0,CSCM,RPL,Uttar Pradesh,Pratapgarh,149,149,98,33,0
21-04-2022,PMKVY 3.0,CSSM,RPL,Uttar Pradesh,Pratapgarh,90,90,87,83,0
21-04-2022,PMKVY 3.0,CSCM,RPL,Uttar Pradesh,Prayagraj,1005,1005,927,819,0
21-04-2022,PMKVY 3.0,CSSM,RPL,Uttar Pradesh,Rae Bareli,75,75,0,0,0
21-04-2022,PMKVY 3.0,CSCM,RPL,Uttar Pradesh,Rae Bareli,1,1,0,0,0
21-04-2022,PMKVY 3.0,CSSM,RPL,Uttar Pradesh,Rampur,100,100,0,0,0
21-04-2022,PMKVY 3.0,CSCM,RPL,Uttar Pradesh,Rampur,150,150,138,101,0
21-04-2022,PMKVY 3.0,CSCM,RPL,Uttar Pradesh,Saharanpur,339,339,308,218,0
21-04-2022,PMKVY 3.0,CSSM,RPL,Uttar Pradesh,Saharanpur,180,180,117,99,0
21-04-2022,PMKVY 3.0,CSCM,RPL,Uttar Pradesh,Sambhal,275,275,245,158,0
21-04-2022,PMKVY 3.0,CSCM,RPL,Uttar Pradesh,Shahjahanpur,275,275,239,221,0
21-04-2022,PMKVY 3.0,CSSM,RPL,Uttar Pradesh,Shahjahanpur,200,200,164,44,0
21-04-2022,PMKVY 3.0,CSCM,RPL,Uttar Pradesh,Shamli,226,226,217,168,0
21-04-2022,PMKVY 3.0,CSCM,RPL,Uttar Pradesh,Shravasti,75,75,75,69,0
21-04-2022,PMKVY 3.0,CSCM,RPL,Uttar Pradesh,Siddharth Nagar,2,2,0,0,0
21-04-2022,PMKVY 3.0,CSSM,RPL,Uttar Pradesh,Sitapur,100,100,100,94,0
21-04-2022,PMKVY 3.0,CSCM,RPL,Uttar Pradesh,Sitapur,254,254,242,214,0
21-04-2022,PMKVY 3.0,CSCM,RPL,Uttar Pradesh,Sonbhadra,245,245,222,207,0
21-04-2022,PMKVY 3.0,CSSM,RPL,Uttar Pradesh,Sultanpur,73,73,60,53,0
21-04-2022,PMKVY 3.0,CSCM,RPL,Uttar Pradesh,Sultanpur,266,266,218,218,0
21-04-2022,PMKVY 3.0,CSCM,RPL,Uttar Pradesh,Unnao,329,329,208,201,0
21-04-2022,PMKVY 3.0,CSSM,RPL,Uttar Pradesh,Varanasi,100,100,100,90,0
21-04-2022,PMKVY 3.0,CSCM,RPL,Uttar Pradesh,Varanasi,1677,1677,1517,1389,0
21-04-2022,PMKVY 3.0,CSCM,SP,Uttar Pradesh,Agra,100,80,53,28,0
21-04-2022,PMKVY 3.0,CSCM,SP,Uttar Pradesh,Aligarh,160,160,160,40,0
21-04-2022,PMKVY 3.0,CSCM,SP,Uttar Pradesh,Amethi,30,0,0,0,0
21-04-2022,PMKVY 3.0,CSCM,SP,Uttar Pradesh,Amroha,40,40,40,0,0
21-04-2022,PMKVY 3.0,CSSM,SP,Uttar Pradesh,Auraiya,180,180,175,0,0
21-04-2022,PMKVY 3.0,CSCM,SP,Uttar Pradesh,Azamgarh,20,20,20,0,0
21-04-2022,PMKVY 3.0,CSCM,SP,Uttar Pradesh,Ballia,360,360,335,110,0
21-04-2022,PMKVY 3.0,CSCM,SP,Uttar Pradesh,Balrampur,20,20,0,0,0
21-04-2022,PMKVY 3.0,CSCM,SP,Uttar Pradesh,Barabanki,26,26,26,0,0
21-04-2022,PMKVY 3.0,CSCM,SP,Uttar Pradesh,Bijnor,237,193,132,0,0
21-04-2022,PMKVY 3.0,CSCM,SP,Uttar Pradesh,Bulandshahr,60,60,0,0,0
21-04-2022,PMKVY 3.0,CSCM,SP,Uttar Pradesh,Chandauli,134,134,130,0,0
21-04-2022,PMKVY 3.0,CSCM,SP,Uttar Pradesh,Deoria,120,120,103,26,0
21-04-2022,PMKVY 3.0,CSCM,SP,Uttar Pradesh,Etawah,260,260,258,37,0
21-04-2022,PMKVY 3.0,CSSM,SP,Uttar Pradesh,Etawah,40,40,38,0,0
21-04-2022,PMKVY 3.0,CSSM,SP,Uttar Pradesh,Farrukhabad,20,20,20,0,0
21-04-2022,PMKVY 3.0,CSCM,SP,Uttar Pradesh,Farrukhabad,180,180,179,0,0
21-04-2022,PMKVY 3.0,CSCM,SP,Uttar Pradesh,Fatehpur,60,60,49,0,0
21-04-2022,PMKVY 3.0,CSCM,SP,Uttar Pradesh,Firozabad,79,79,79,0,0
21-04-2022,PMKVY 3.0,CSCM,SP,Uttar Pradesh,Gautam Buddha Nagar,957,767,571,217,23
21-04-2022,PMKVY 3.0,CSCM,SP,Uttar Pradesh,Ghaziabad,239,99,99,0,0
21-04-2022,PMKVY 3.0,CSCM,SP,Uttar Pradesh,Ghazipur,160,160,157,0,0
21-04-2022,PMKVY 3.0,CSSM,SP,Uttar Pradesh,Ghazipur,280,280,163,0,0
21-04-2022,PMKVY 3.0,CSCM,SP,Uttar Pradesh,Gorakhpur,230,230,208,101,0
21-04-2022,PMKVY 3.0,CSCM,SP,Uttar Pradesh,Hathras,240,160,138,0,0
21-04-2022,PMKVY 3.0,CSSM,SP,Uttar Pradesh,Jaunpur,120,120,120,33,0
21-04-2022,PMKVY 3.0,CSCM,SP,Uttar Pradesh,Jaunpur,300,280,277,89,0
21-04-2022,PMKVY 3.0,CSCM,SP,Uttar Pradesh,Jhansi,120,86,86,0,0
21-04-2022,PMKVY 3.0,CSSM,SP,Uttar Pradesh,Jhansi,120,120,120,33,0
21-04-2022,PMKVY 3.0,CSSM,SP,Uttar Pradesh,Kannauj,160,160,141,0,0
21-04-2022,PMKVY 3.0,CSCM,SP,Uttar Pradesh,Kanpur Nagar,340,320,289,0,0
21-04-2022,PMKVY 3.0,CSCM,SP,Uttar Pradesh,Kasganj,20,20,20,0,0
21-04-2022,PMKVY 3.0,CSCM,SP,Uttar Pradesh,Kheri,249,216,214,0,0
21-04-2022,PMKVY 3.0,CSCM,SP,Uttar Pradesh,Kushi Nagar,200,200,190,120,0
21-04-2022,PMKVY 3.0,CSCM,SP,Uttar Pradesh,Lalitpur,66,65,65,38,0
21-04-2022,PMKVY 3.0,CSCM,SP,Uttar Pradesh,Lucknow,220,220,209,0,0
21-04-2022,PMKVY 3.0,CSCM,SP,Uttar Pradesh,Mainpuri,80,80,75,0,0
21-04-2022,PMKVY 3.0,CSCM,SP,Uttar Pradesh,Mathura,55,55,0,0,0
21-04-2022,PMKVY 3.0,CSCM,SP,Uttar Pradesh,Mau,280,280,260,136,0
21-04-2022,PMKVY 3.0,CSSM,SP,Uttar Pradesh,Meerut,80,80,78,0,0
21-04-2022,PMKVY 3.0,CSCM,SP,Uttar Pradesh,Meerut,219,200,184,0,0
21-04-2022,PMKVY 3.0,CSCM,SP,Uttar Pradesh,Moradabad,240,240,160,0,0
21-04-2022,PMKVY 3.0,CSCM,SP,Uttar Pradesh,Muzaffarnagar,220,220,214,0,0
21-04-2022,PMKVY 3.0,CSCM,SP,Uttar Pradesh,Pilibhit,80,80,70,0,0
21-04-2022,PMKVY 3.0,CSCM,SP,Uttar Pradesh,Prayagraj,792,785,746,160,0
21-04-2022,PMKVY 3.0,CSCM,SP,Uttar Pradesh,Rampur,80,79,68,0,0
21-04-2022,PMKVY 3.0,CSCM,SP,Uttar Pradesh,Saharanpur,780,745,674,47,0
21-04-2022,PMKVY 3.0,CSCM,SP,Uttar Pradesh,Shahjahanpur,178,160,154,0,0
21-04-2022,PMKVY 3.0,CSCM,SP,Uttar Pradesh,Shamli,80,80,80,0,0
21-04-2022,PMKVY 3.0,CSCM,SP,Uttar Pradesh,Sitapur,20,20,16,0,0
21-04-2022,PMKVY 3.0,CSCM,SP,Uttar Pradesh,Sonbhadra,109,109,109,0,0
21-04-2022,PMKVY 3.0,CSCM,SP,Uttar Pradesh,Unnao,360,359,297,83,0
21-04-2022,PMKVY 3.0,CSCM,SP,Uttar Pradesh,Varanasi,720,720,663,69,0
21-04-2022,PMKVY 3.0,CSSM,STT,Uttar Pradesh,Agra,90,90,0,0,0
21-04-2022,PMKVY 3.0,CSCM,STT,Uttar Pradesh,Agra,740,240,227,183,8
21-04-2022,PMKVY 3.0,CSCM,STT,Uttar Pradesh,Aligarh,342,198,120,67,57
21-04-2022,PMKVY 3.0,CSSM,STT,Uttar Pradesh,Aligarh,120,120,120,110,0
21-04-2022,PMKVY 3.0,CSCM,STT,Uttar Pradesh,Ambedkar Nagar,120,0,0,0,0
21-04-2022,PMKVY 3.0,CSSM,STT,Uttar Pradesh,Ambedkar Nagar,120,0,0,0,0
21-04-2022,PMKVY 3.0,CSSM,STT,Uttar Pradesh,Amethi,120,120,115,107,0
21-04-2022,PMKVY 3.0,CSCM,STT,Uttar Pradesh,Amethi,300,90,85,70,0
21-04-2022,PMKVY 3.0,CSCM,STT,Uttar Pradesh,Amroha,589,360,277,135,17
21-04-2022,PMKVY 3.0,CSSM,STT,Uttar Pradesh,Amroha,120,120,89,57,0
21-04-2022,PMKVY 3.0,CSCM,STT,Uttar Pradesh,Auraiya,329,120,111,103,0
21-04-2022,PMKVY 3.0,CSSM,STT,Uttar Pradesh,Auraiya,120,120,120,117,0
21-04-2022,PMKVY 3.0,CSCM,STT,Uttar Pradesh,Ayodhya,120,120,87,19,0
21-04-2022,PMKVY 3.0,CSCM,STT,Uttar Pradesh,Azamgarh,751,329,210,129,63
21-04-2022,PMKVY 3.0,CSSM,STT,Uttar Pradesh,Baghpat,119,0,0,0,0
21-04-2022,PMKVY 3.0,CSCM,STT,Uttar Pradesh,Baghpat,120,120,113,84,22
21-04-2022,PMKVY 3.0,CSSM,STT,Uttar Pradesh,Bahraich,120,120,0,0,0
21-04-2022,PMKVY 3.0,CSCM,STT,Uttar Pradesh,Bahraich,1240,330,204,185,121
21-04-2022,PMKVY 3.0,CSSM,STT,Uttar Pradesh,Ballia,120,120,109,95,0
21-04-2022,PMKVY 3.0,CSCM,STT,Uttar Pradesh,Ballia,910,420,276,238,58
21-04-2022,PMKVY 3.0,CSCM,STT,Uttar Pradesh,Balrampur,144,120,0,0,0
21-04-2022,PMKVY 3.0,CSCM,STT,Uttar Pradesh,Banda,480,320,226,128,0
21-04-2022,PMKVY 3.0,CSCM,STT,Uttar Pradesh,Barabanki,62,0,0,0,0
21-04-2022,PMKVY 3.0,CSSM,STT,Uttar Pradesh,Bareilly,120,120,0,0,0
21-04-2022,PMKVY 3.0,CSCM,STT,Uttar Pradesh,Bareilly,988,289,231,211,0
21-04-2022,PMKVY 3.0,CSCM,STT,Uttar Pradesh,Basti,276,109,84,55,0
21-04-2022,PMKVY 3.0,CSCM,STT,Uttar Pradesh,Bhadohi,120,120,109,68,59
21-04-2022,PMKVY 3.0,CSSM,STT,Uttar Pradesh,Bhadohi,120,120,0,0,0
21-04-2022,PMKVY 3.0,CSSM,STT,Uttar Pradesh,Bijnor,120,120,90,71,0
21-04-2022,PMKVY 3.0,CSCM,STT,Uttar Pradesh,Bijnor,341,120,115,100,0
21-04-2022,PMKVY 3.0,CSSM,STT,Uttar Pradesh,Budaun,120,120,0,0,0
21-04-2022,PMKVY 3.0,CSCM,STT,Uttar Pradesh,Budaun,510,120,107,91,72
21-04-2022,PMKVY 3.0,CSCM,STT,Uttar Pradesh,Bulandshahr,480,120,113,104,0
21-04-2022,PMKVY 3.0,CSCM,STT,Uttar Pradesh,Chandauli,320,120,119,111,0
21-04-2022,PMKVY 3.0,CSSM,STT,Uttar Pradesh,Chandauli,53,53,0,0,0
21-04-2022,PMKVY 3.0,CSCM,STT,Uttar Pradesh,Chitrakoot,400,120,120,119,1
21-04-2022,PMKVY 3.0,CSCM,STT,Uttar Pradesh,Deoria,810,432,274,238,178
21-04-2022,PMKVY 3.0,CSSM,STT,Uttar Pradesh,Etah,120,120,120,107,0
21-04-2022,PMKVY 3.0,CSCM,STT,Uttar Pradesh,Etah,215,150,118,100,51
21-04-2022,PMKVY 3.0,CSCM,STT,Uttar Pradesh,Etawah,332,120,111,109,70
21-04-2022,PMKVY 3.0,CSSM,STT,Uttar Pradesh,Etawah,120,120,120,114,0
21-04-2022,PMKVY 3.0,CSCM,STT,Uttar Pradesh,Farrukhabad,173,120,100,71,0
21-04-2022,PMKVY 3.0,CSCM,STT,Uttar Pradesh,Fatehpur,204,120,113,89,0
21-04-2022,PMKVY 3.0,CSSM,STT,Uttar Pradesh,Fatehpur,120,120,106,103,0
21-04-2022,PMKVY 3.0,CSCM,STT,Uttar Pradesh,Firozabad,420,240,119,112,0
21-04-2022,PMKVY 3.0,CSSM,STT,Uttar Pradesh,Firozabad,120,60,58,55,0
21-04-2022,PMKVY 3.0,CSCM,STT,Uttar Pradesh,Gautam Buddha Nagar,222,138,117,108,0
21-04-2022,PMKVY 3.0,CSSM,STT,Uttar Pradesh,Gautam Buddha Nagar,150,150,118,114,0
21-04-2022,PMKVY 3.0,CSSM,STT,Uttar Pradesh,Ghaziabad,179,120,61,57,0
21-04-2022,PMKVY 3.0,CSCM,STT,Uttar Pradesh,Ghaziabad,180,120,120,117,0
21-04-2022,PMKVY 3.0,CSCM,STT,Uttar Pradesh,Ghazipur,480,120,84,50,35
21-04-2022,PMKVY 3.0,CSSM,STT,Uttar Pradesh,Ghazipur,120,120,120,118,0
21-04-2022,PMKVY 3.0,CSCM,STT,Uttar Pradesh,Gonda,219,90,30,27,0
21-04-2022,PMKVY 3.0,CSSM,STT,Uttar Pradesh,Gonda,120,120,0,0,0
21-04-2022,PMKVY 3.0,CSSM,STT,Uttar Pradesh,Gorakhpur,120,0,0,0,0
21-04-2022,PMKVY 3.0,CSCM,STT,Uttar Pradesh,Gorakhpur,333,120,59,54,23
21-04-2022,PMKVY 3.0,CSCM,STT,Uttar Pradesh,Hamirpur,480,320,190,90,0
21-04-2022,PMKVY 3.0,CSSM,STT,Uttar Pradesh,Hamirpur,120,120,28,27,0
21-04-2022,PMKVY 3.0,CSCM,STT,Uttar Pradesh,Hapur,120,120,116,101,25
21-04-2022,PMKVY 3.0,CSSM,STT,Uttar Pradesh,Hapur,110,110,68,59,0
21-04-2022,PMKVY 3.0,CSCM,STT,Uttar Pradesh,Hardoi,610,120,113,101,53
21-04-2022,PMKVY 3.0,CSCM,STT,Uttar Pradesh,Hathras,385,120,99,87,17
21-04-2022,PMKVY 3.0,CSSM,STT,Uttar Pradesh,Hathras,120,120,0,0,0
21-04-2022,PMKVY 3.0,CSSM,STT,Uttar Pradesh,Jalaun,240,120,116,106,0
21-04-2022,PMKVY 3.0,CSCM,STT,Uttar Pradesh,Jalaun,313,120,108,97,17
21-04-2022,PMKVY 3.0,CSCM,STT,Uttar Pradesh,Jaunpur,744,298,184,167,50
21-04-2022,PMKVY 3.0,CSSM,STT,Uttar Pradesh,Jaunpur,120,0,0,0,0
21-04-2022,PMKVY 3.0,CSCM,STT,Uttar Pradesh,Jhansi,257,120,106,93,0
21-04-2022,PMKVY 3.0,CSSM,STT,Uttar Pradesh,Jhansi,120,120,106,101,0
21-04-2022,PMKVY 3.0,CSCM,STT,Uttar Pradesh,Kannauj,360,149,112,100,0
21-04-2022,PMKVY 3.0,CSSM,STT,Uttar Pradesh,Kannauj,120,120,28,25,0
21-04-2022,PMKVY 3.0,CSSM,STT,Uttar Pradesh,Kanpur Dehat,120,120,118,118,0
21-04-2022,PMKVY 3.0,CSCM,STT,Uttar Pradesh,Kanpur Dehat,420,120,108,79,0
21-04-2022,PMKVY 3.0,CSCM,STT,Uttar Pradesh,Kanpur Nagar,967,150,118,82,18
21-04-2022,PMKVY 3.0,CSCM,STT,Uttar Pradesh,Kasganj,150,120,120,109,85
21-04-2022,PMKVY 3.0,CSSM,STT,Uttar Pradesh,Kasganj,120,120,120,101,0
21-04-2022,PMKVY 3.0,CSCM,STT,Uttar Pradesh,Kaushambi,120,120,50,32,7
21-04-2022,PMKVY 3.0,CSCM,STT,Uttar Pradesh,Kheri,753,145,113,87,62
21-04-2022,PMKVY 3.0,CSSM,STT,Uttar Pradesh,Kheri,120,120,30,29,0
21-04-2022,PMKVY 3.0,CSCM,STT,Uttar Pradesh,Kushi Nagar,480,280,120,94,0
21-04-2022,PMKVY 3.0,CSCM,STT,Uttar Pradesh,Lalitpur,591,161,114,89,16
21-04-2022,PMKVY 3.0,CSSM,STT,Uttar Pradesh,Lalitpur,120,120,0,0,0
21-04-2022,PMKVY 3.0,CSSM,STT,Uttar Pradesh,Lucknow,120,120,120,118,0
21-04-2022,PMKVY 3.0,CSCM,STT,Uttar Pradesh,Lucknow,1161,240,208,168,6
21-04-2022,PMKVY 3.0,CSCM,STT,Uttar Pradesh,Maharajganj,360,120,105,81,0
21-04-2022,PMKVY 3.0,CSCM,STT,Uttar Pradesh,Mahoba,298,178,172,143,1
21-04-2022,PMKVY 3.0,CSCM,STT,Uttar Pradesh,Mainpuri,240,120,120,112,0
21-04-2022,PMKVY 3.0,CSSM,STT,Uttar Pradesh,Mainpuri,30,0,0,0,0
21-04-2022,PMKVY 3.0,CSCM,STT,Uttar Pradesh,Mau,520,200,118,103,0
21-04-2022,PMKVY 3.0,CSSM,STT,Uttar Pradesh,Meerut,120,120,72,66,0
21-04-2022,PMKVY 3.0,CSCM,STT,Uttar Pradesh,Meerut,952,270,114,95,5
21-04-2022,PMKVY 3.0,CSSM,STT,Uttar Pradesh,Mirzapur,120,120,91,90,0
21-04-2022,PMKVY 3.0,CSCM,STT,Uttar Pradesh,Mirzapur,362,120,120,110,92
21-04-2022,PMKVY 3.0,CSCM,STT,Uttar Pradesh,Moradabad,560,360,153,98,5
21-04-2022,PMKVY 3.0,CSSM,STT,Uttar Pradesh,Moradabad,150,120,89,76,0
21-04-2022,PMKVY 3.0,CSCM,STT,Uttar Pradesh,Muzaffarnagar,990,240,118,99,0
21-04-2022,PMKVY 3.0,CSSM,STT,Uttar Pradesh,Muzaffarnagar,120,120,109,97,0
21-04-2022,PMKVY 3.0,CSCM,STT,Uttar Pradesh,Pilibhit,868,240,234,205,179
21-04-2022,PMKVY 3.0,CSSM,STT,Uttar Pradesh,Pilibhit,120,120,0,0,0
21-04-2022,PMKVY 3.0,CSCM,STT,Uttar Pradesh,Pratapgarh,120,120,114,89,70
21-04-2022,PMKVY 3.0,CSCM,STT,Uttar Pradesh,Prayagraj,820,530,201,183,65
21-04-2022,PMKVY 3.0,CSSM,STT,Uttar Pradesh,Rae Bareli,120,120,116,113,0
21-04-2022,PMKVY 3.0,CSCM,STT,Uttar Pradesh,Rae Bareli,546,320,199,108,6
21-04-2022,PMKVY 3.0,CSCM,STT,Uttar Pradesh,Rampur,511,120,118,77,55
21-04-2022,PMKVY 3.0,CSSM,STT,Uttar Pradesh,Rampur,120,0,0,0,0
21-04-2022,PMKVY 3.0,CSSM,STT,Uttar Pradesh,Saharanpur,120,120,95,77,0
21-04-2022,PMKVY 3.0,CSCM,STT,Uttar Pradesh,Saharanpur,240,120,96,75,0
21-04-2022,PMKVY 3.0,CSSM,STT,Uttar Pradesh,Sambhal,120,120,0,0,0
21-04-2022,PMKVY 3.0,CSCM,STT,Uttar Pradesh,Sambhal,480,240,108,93,6
21-04-2022,PMKVY 3.0,CSCM,STT,Uttar Pradesh,Sant Kabeer Nagar,532,170,0,0,0
21-04-2022,PMKVY 3.0,CSSM,STT,Uttar Pradesh,Sant Kabeer Nagar,120,120,60,47,0
21-04-2022,PMKVY 3.0,CSSM,STT,Uttar Pradesh,Shahjahanpur,120,90,0,0,0
21-04-2022,PMKVY 3.0,CSCM,STT,Uttar Pradesh,Shahjahanpur,573,150,116,80,10
21-04-2022,PMKVY 3.0,CSCM,STT,Uttar Pradesh,Shamli,480,160,108,94,6
21-04-2022,PMKVY 3.0,CSSM,STT,Uttar Pradesh,Shamli,115,115,110,110,0
21-04-2022,PMKVY 3.0,CSCM,STT,Uttar Pradesh,Shravasti,720,120,109,69,0
21-04-2022,PMKVY 3.0,CSCM,STT,Uttar Pradesh,Siddharth Nagar,750,320,193,127,4
21-04-2022,PMKVY 3.0,CSCM,STT,Uttar Pradesh,Sitapur,276,120,96,57,37
21-04-2022,PMKVY 3.0,CSSM,STT,Uttar Pradesh,Sonbhadra,120,0,0,0,0
21-04-2022,PMKVY 3.0,CSCM,STT,Uttar Pradesh,Sonbhadra,1230,120,111,80,0
21-04-2022,PMKVY 3.0,CSCM,STT,Uttar Pradesh,Sultanpur,264,214,146,136,0
21-04-2022,PMKVY 3.0,CSSM,STT,Uttar Pradesh,Sultanpur,120,120,0,0,0
21-04-2022,PMKVY 3.0,CSCM,STT,Uttar Pradesh,Unnao,608,120,41,31,0
21-04-2022,PMKVY 3.0,CSCM,STT,Uttar Pradesh,Varanasi,1043,324,94,70,52
21-04-2022,PMKVY 3.0,CSSM,STT,Uttar Pradesh,Varanasi,30,30,0,0,0
21-04-2022,PMKVY 2.0,CSCM,RPL,Uttarakhand,Almora,4298,4243,4127,3399,0
21-04-2022,PMKVY 2.0,CSCM,RPL,Uttarakhand,Bageshwar,51,51,44,44,0
21-04-2022,PMKVY 2.0,CSCM,RPL,Uttarakhand,Chamoli,1328,1328,1063,859,0
21-04-2022,PMKVY 2.0,CSCM,RPL,Uttarakhand,Champawat,11,11,11,11,0
21-04-2022,PMKVY 2.0,CSCM,RPL,Uttarakhand,Dehradun,9408,8881,6990,6505,0
21-04-2022,PMKVY 2.0,CSCM,RPL,Uttarakhand,Haridwar,17165,16877,14661,14019,0
21-04-2022,PMKVY 2.0,CSCM,RPL,Uttarakhand,Nainital,8741,8662,7907,7760,0
21-04-2022,PMKVY 2.0,CSCM,RPL,Uttarakhand,Pauri Garhwal,3531,3463,3268,2989,0
21-04-2022,PMKVY 2.0,CSCM,RPL,Uttarakhand,Pithoragarh,100,100,82,78,0
21-04-2022,PMKVY 2.0,CSCM,RPL,Uttarakhand,Rudra Prayag,2192,2192,2110,1981,0
21-04-2022,PMKVY 2.0,CSCM,RPL,Uttarakhand,Tehri Garhwal,999,980,904,775,0
21-04-2022,PMKVY 2.0,CSCM,RPL,Uttarakhand,Udam Singh Nagar,11226,10610,9153,8599,0
21-04-2022,PMKVY 2.0,CSCM,RPL,Uttarakhand,Uttar Kashi,1925,1925,1398,1115,0
21-04-2022,PMKVY 2.0,CSCM,SP,Uttarakhand,Dehradun,290,269,248,195,125
21-04-2022,PMKVY 2.0,CSCM,SP,Uttarakhand,Haridwar,245,220,158,128,0
21-04-2022,PMKVY 2.0,CSCM,SP,Uttarakhand,Nainital,494,469,433,369,0
21-04-2022,PMKVY 2.0,CSCM,SP,Uttarakhand,Pithoragarh,59,59,56,55,0
21-04-2022,PMKVY 2.0,CSCM,SP,Uttarakhand,Tehri Garhwal,117,117,109,107,0
21-04-2022,PMKVY 2.0,CSCM,SP,Uttarakhand,Udam Singh Nagar,30,30,0,0,0
21-04-2022,PMKVY 2.0,CSCM,STT,Uttarakhand,Almora,5106,4849,4514,3904,2585
21-04-2022,PMKVY 2.0,CSSM,STT,Uttarakhand,Almora,3329,3264,3047,2736,927
21-04-2022,PMKVY 2.0,CSCM,STT,Uttarakhand,Bageshwar,2775,2697,2315,1861,1376
21-04-2022,PMKVY 2.0,CSSM,STT,Uttarakhand,Bageshwar,939,937,676,520,147
21-04-2022,PMKVY 2.0,CSSM,STT,Uttarakhand,Chamoli,299,299,298,266,144
21-04-2022,PMKVY 2.0,CSCM,STT,Uttarakhand,Chamoli,1779,1612,1407,1199,695
21-04-2022,PMKVY 2.0,CSSM,STT,Uttarakhand,Champawat,1108,1108,1077,931,366
21-04-2022,PMKVY 2.0,CSCM,STT,Uttarakhand,Champawat,4371,4370,3899,3427,2353
21-04-2022,PMKVY 2.0,CSCM,STT,Uttarakhand,Dehradun,7402,7097,6336,5496,3450
21-04-2022,PMKVY 2.0,CSSM,STT,Uttarakhand,Dehradun,10152,10021,8795,7841,3222
21-04-2022,PMKVY 2.0,CSSM,STT,Uttarakhand,Haridwar,6455,6344,6011,5280,2146
21-04-2022,PMKVY 2.0,CSCM,STT,Uttarakhand,Haridwar,11864,11467,10685,9380,5145
21-04-2022,PMKVY 2.0,CSCM,STT,Uttarakhand,Nainital,11136,10695,10072,9289,5817
21-04-2022,PMKVY 2.0,CSSM,STT,Uttarakhand,Nainital,6685,6632,6113,5548,2320
21-04-2022,PMKVY 2.0,CSCM,STT,Uttarakhand,Pauri Garhwal,2479,2293,1877,1449,930
21-04-2022,PMKVY 2.0,CSSM,STT,Uttarakhand,Pauri Garhwal,2727,2692,2593,2376,918
21-04-2022,PMKVY 2.0,CSCM,STT,Uttarakhand,Pithoragarh,3967,3907,3393,2840,1949
21-04-2022,PMKVY 2.0,CSSM,STT,Uttarakhand,Pithoragarh,1227,1227,1105,943,466
21-04-2022,PMKVY 2.0,CSCM,STT,Uttarakhand,Rudra Prayag,1632,1410,1100,829,499
21-04-2022,PMKVY 2.0,CSSM,STT,Uttarakhand,Tehri Garhwal,2211,2210,2046,1846,897
21-04-2022,PMKVY 2.0,CSCM,STT,Uttarakhand,Tehri Garhwal,2090,1831,1649,1391,819
21-04-2022,PMKVY 2.0,CSSM,STT,Uttarakhand,Udam Singh Nagar,12028,11972,11448,9996,5835
21-04-2022,PMKVY 2.0,CSCM,STT,Uttarakhand,Udam Singh Nagar,12835,12424,11865,10787,6571
21-04-2022,PMKVY 2.0,CSCM,STT,Uttarakhand,Uttar Kashi,1711,1568,1380,1063,532
21-04-2022,PMKVY 2.0,CSSM,STT,Uttarakhand,Uttar Kashi,1349,1349,1185,1084,405
21-04-2022,PMKVY 3.0,CSCM,RPL,Uttarakhand,Almora,3,3,0,0,0
21-04-2022,PMKVY 3.0,CSCM,RPL,Uttarakhand,Bageshwar,1,1,0,0,0
21-04-2022,PMKVY 3.0,CSSM,RPL,Uttarakhand,Chamoli,417,417,199,149,0
21-04-2022,PMKVY 3.0,CSCM,RPL,Uttarakhand,Chamoli,220,220,110,83,0
21-04-2022,PMKVY 3.0,CSSM,RPL,Uttarakhand,Dehradun,130,130,84,82,0
21-04-2022,PMKVY 3.0,CSCM,RPL,Uttarakhand,Dehradun,366,365,241,212,0
21-04-2022,PMKVY 3.0,CSSM,RPL,Uttarakhand,Haridwar,96,96,89,75,0
21-04-2022,PMKVY 3.0,CSCM,RPL,Uttarakhand,Haridwar,1180,1180,1056,1030,0
21-04-2022,PMKVY 3.0,CSCM,RPL,Uttarakhand,Nainital,40,40,36,36,0
21-04-2022,PMKVY 3.0,CSSM,RPL,Uttarakhand,Nainital,416,416,137,107,0
21-04-2022,PMKVY 3.0,CSSM,RPL,Uttarakhand,Pauri Garhwal,280,280,256,241,0
21-04-2022,PMKVY 3.0,CSCM,RPL,Uttarakhand,Pauri Garhwal,42,42,39,35,0
21-04-2022,PMKVY 3.0,CSCM,RPL,Uttarakhand,Pithoragarh,2,2,0,0,0
21-04-2022,PMKVY 3.0,CSCM,RPL,Uttarakhand,Tehri Garhwal,22,22,17,16,0
21-04-2022,PMKVY 3.0,CSSM,RPL,Uttarakhand,Udam Singh Nagar,67,67,52,42,0
21-04-2022,PMKVY 3.0,CSCM,RPL,Uttarakhand,Udam Singh Nagar,1135,1135,1082,989,0
21-04-2022,PMKVY 3.0,CSSM,RPL,Uttarakhand,Uttar Kashi,30,30,27,24,0
21-04-2022,PMKVY 3.0,CSCM,RPL,Uttarakhand,Uttar Kashi,11,11,7,7,0
21-04-2022,PMKVY 3.0,CSCM,SP,Uttarakhand,Almora,100,100,98,0,0
21-04-2022,PMKVY 3.0,CSCM,SP,Uttarakhand,Champawat,77,77,56,0,0
21-04-2022,PMKVY 3.0,CSCM,SP,Uttarakhand,Dehradun,675,675,640,7,0
21-04-2022,PMKVY 3.0,CSCM,SP,Uttarakhand,Haridwar,1183,1165,1132,192,0
21-04-2022,PMKVY 3.0,CSCM,SP,Uttarakhand,Nainital,320,302,300,30,0
21-04-2022,PMKVY 3.0,CSCM,SP,Uttarakhand,Pauri Garhwal,120,120,119,0,0
21-04-2022,PMKVY 3.0,CSCM,SP,Uttarakhand,Tehri Garhwal,40,20,19,0,0
21-04-2022,PMKVY 3.0,CSCM,SP,Uttarakhand,Udam Singh Nagar,1166,1068,1032,259,0
21-04-2022,PMKVY 3.0,CSCM,SP,Uttarakhand,Uttar Kashi,122,122,102,16,0
21-04-2022,PMKVY 3.0,CSCM,STT,Uttarakhand,Almora,291,171,162,154,105
21-04-2022,PMKVY 3.0,CSCM,STT,Uttarakhand,Bageshwar,541,261,169,109,0
21-04-2022,PMKVY 3.0,CSCM,STT,Uttarakhand,Chamoli,542,90,85,78,0
21-04-2022,PMKVY 3.0,CSCM,STT,Uttarakhand,Champawat,146,146,140,123,0
21-04-2022,PMKVY 3.0,CSCM,STT,Uttarakhand,Dehradun,607,145,120,114,83
21-04-2022,PMKVY 3.0,CSSM,STT,Uttarakhand,Dehradun,240,240,113,109,0
21-04-2022,PMKVY 3.0,CSCM,STT,Uttarakhand,Haridwar,227,120,120,116,88
21-04-2022,PMKVY 3.0,CSSM,STT,Uttarakhand,Haridwar,90,90,70,67,2
21-04-2022,PMKVY 3.0,CSSM,STT,Uttarakhand,Nainital,60,60,0,0,0
21-04-2022,PMKVY 3.0,CSCM,STT,Uttarakhand,Nainital,387,200,116,111,0
21-04-2022,PMKVY 3.0,CSCM,STT,Uttarakhand,Pauri Garhwal,536,176,160,149,0
21-04-2022,PMKVY 3.0,CSSM,STT,Uttarakhand,Pauri Garhwal,180,180,139,100,0
21-04-2022,PMKVY 3.0,CSCM,STT,Uttarakhand,Pithoragarh,526,166,154,143,0
21-04-2022,PMKVY 3.0,CSCM,STT,Uttarakhand,Rudra Prayag,681,86,79,69,0
21-04-2022,PMKVY 3.0,CSCM,STT,Uttarakhand,Tehri Garhwal,341,174,171,117,0
21-04-2022,PMKVY 3.0,CSCM,STT,Uttarakhand,Udam Singh Nagar,175,135,119,110,16
21-04-2022,PMKVY 3.0,CSSM,STT,Uttarakhand,Udam Singh Nagar,146,146,146,114,43
21-04-2022,PMKVY 3.0,CSCM,STT,Uttarakhand,Uttar Kashi,493,120,117,108,77
21-04-2022,PMKVY 2.0,CSCM,RPL,West Bengal,24 Paraganas North,20626,20231,19030,18381,0
21-04-2022,PMKVY 2.0,CSCM,RPL,West Bengal,24 Paraganas South,17169,16901,16158,15736,0
21-04-2022,PMKVY 2.0,CSCM,RPL,West Bengal,Alipurduar,2703,2637,2165,2140,0
21-04-2022,PMKVY 2.0,CSCM,RPL,West Bengal,Bankura,5485,5304,4270,3749,0
21-04-2022,PMKVY 2.0,CSCM,RPL,West Bengal,Birbhum,10041,10041,9200,9123,0
21-04-2022,PMKVY 2.0,CSCM,RPL,West Bengal,Coochbehar,13079,12990,12336,12018,0
21-04-2022,PMKVY 2.0,CSCM,RPL,West Bengal,Darjeeling,12233,12030,11661,11610,0
21-04-2022,PMKVY 2.0,CSCM,RPL,West Bengal,Dinajpur Dakshin,5201,5189,4869,4820,0
21-04-2022,PMKVY 2.0,CSCM,RPL,West Bengal,Dinajpur Uttar,1993,1967,1770,1685,0
21-04-2022,PMKVY 2.0,CSCM,RPL,West Bengal,Hooghly,11518,11487,10273,9908,0
21-04-2022,PMKVY 2.0,CSCM,RPL,West Bengal,Howrah,8635,8482,7660,7458,0
21-04-2022,PMKVY 2.0,CSCM,RPL,West Bengal,Jalpaiguri,9337,9170,8361,8134,0
21-04-2022,PMKVY 2.0,CSCM,RPL,West Bengal,Jhargram,179,179,174,174,0
21-04-2022,PMKVY 2.0,CSCM,RPL,West Bengal,Kolkata,35991,35836,30759,29911,0
21-04-2022,PMKVY 2.0,CSCM,RPL,West Bengal,Maldah,4466,4292,3785,3117,0
21-04-2022,PMKVY 2.0,CSCM,RPL,West Bengal,Medinipur East,6723,6597,6370,5947,0
21-04-2022,PMKVY 2.0,CSCM,RPL,West Bengal,Medinipur West,6318,6306,5748,5365,0
21-04-2022,PMKVY 2.0,CSCM,RPL,West Bengal,Murshidabad,4179,3913,3304,2998,0
21-04-2022,PMKVY 2.0,CSCM,RPL,West Bengal,Nadia,10441,10186,9464,9091,0
21-04-2022,PMKVY 2.0,CSCM,RPL,West Bengal,Paschim Bardhaman,5980,5799,5270,5104,0
21-04-2022,PMKVY 2.0,CSCM,RPL,West Bengal,Purba Bardhaman,7201,7032,6204,5850,0
21-04-2022,PMKVY 2.0,CSCM,RPL,West Bengal,Purulia,2601,2601,2100,1882,0
21-04-2022,PMKVY 2.0,CSCM,SP,West Bengal,24 Paraganas North,360,358,219,177,121
21-04-2022,PMKVY 2.0,CSCM,SP,West Bengal,Alipurduar,120,120,116,113,0
21-04-2022,PMKVY 2.0,CSCM,SP,West Bengal,Bankura,120,120,106,90,0
21-04-2022,PMKVY 2.0,CSCM,SP,West Bengal,Birbhum,30,30,30,30,0
21-04-2022,PMKVY 2.0,CSCM,SP,West Bengal,Coochbehar,60,60,51,51,26
21-04-2022,PMKVY 2.0,CSSM,SP,West Bengal,Darjeeling,408,408,362,326,0
21-04-2022,PMKVY 2.0,CSCM,SP,West Bengal,Darjeeling,866,866,815,713,290
21-04-2022,PMKVY 2.0,CSCM,SP,West Bengal,Howrah,60,60,57,57,0
21-04-2022,PMKVY 2.0,CSCM,SP,West Bengal,Jalpaiguri,120,112,111,92,20
21-04-2022,PMKVY 2.0,CSCM,SP,West Bengal,Jhargram,210,206,181,174,18
21-04-2022,PMKVY 2.0,CSCM,SP,West Bengal,Kalimpong,113,77,55,30,0
21-04-2022,PMKVY 2.0,CSCM,SP,West Bengal,Kolkata,74,49,14,2,2
21-04-2022,PMKVY 2.0,CSCM,SP,West Bengal,Maldah,109,88,83,63,8
21-04-2022,PMKVY 2.0,CSCM,SP,West Bengal,Medinipur East,15,15,11,4,4
21-04-2022,PMKVY 2.0,CSCM,SP,West Bengal,Medinipur West,15,15,13,0,0
21-04-2022,PMKVY 2.0,CSCM,SP,West Bengal,Murshidabad,321,251,245,211,0
21-04-2022,PMKVY 2.0,CSCM,SP,West Bengal,Purba Bardhaman,55,55,51,41,23
21-04-2022,PMKVY 2.0,CSCM,SP,West Bengal,Purulia,448,448,424,356,0
21-04-2022,PMKVY 2.0,CSCM,STT,West Bengal,24 Paraganas North,25633,23939,22349,20191,11095
21-04-2022,PMKVY 2.0,CSSM,STT,West Bengal,24 Paraganas North,4536,4535,3900,3501,1138
21-04-2022,PMKVY 2.0,CSSM,STT,West Bengal,24 Paraganas South,2292,2253,1892,1646,311
21-04-2022,PMKVY 2.0,CSCM,STT,West Bengal,24 Paraganas South,17140,16536,15307,13293,7880
21-04-2022,PMKVY 2.0,CSSM,STT,West Bengal,Alipurduar,450,450,447,412,0
21-04-2022,PMKVY 2.0,CSCM,STT,West Bengal,Alipurduar,3095,2855,2701,2412,1592
21-04-2022,PMKVY 2.0,CSCM,STT,West Bengal,Bankura,10969,10554,9568,8444,5385
21-04-2022,PMKVY 2.0,CSSM,STT,West Bengal,Bankura,2818,2811,2473,2268,1259
21-04-2022,PMKVY 2.0,CSCM,STT,West Bengal,Birbhum,8281,7199,6806,6158,3755
21-04-2022,PMKVY 2.0,CSSM,STT,West Bengal,Birbhum,1140,1140,913,791,58
21-04-2022,PMKVY 2.0,CSSM,STT,West Bengal,Coochbehar,1140,1121,1099,1027,358
21-04-2022,PMKVY 2.0,CSCM,STT,West Bengal,Coochbehar,3550,3280,3055,2765,1854
21-04-2022,PMKVY 2.0,CSSM,STT,West Bengal,Darjeeling,2269,2269,1970,1618,0
21-04-2022,PMKVY 2.0,CSCM,STT,West Bengal,Darjeeling,6621,6250,5783,5282,2700
21-04-2022,PMKVY 2.0,CSSM,STT,West Bengal,Dinajpur Dakshin,210,210,0,0,0
21-04-2022,PMKVY 2.0,CSCM,STT,West Bengal,Dinajpur Dakshin,3250,2589,2479,2260,1470
21-04-2022,PMKVY 2.0,CSSM,STT,West Bengal,Dinajpur Uttar,1230,1230,959,889,57
21-04-2022,PMKVY 2.0,CSCM,STT,West Bengal,Dinajpur Uttar,5200,4410,3997,3684,2325
21-04-2022,PMKVY 2.0,CSCM,STT,West Bengal,Hooghly,17991,16539,15663,14008,9036
21-04-2022,PMKVY 2.0,CSSM,STT,West Bengal,Hooghly,929,851,699,613,0
21-04-2022,PMKVY 2.0,CSSM,STT,West Bengal,Howrah,258,210,186,173,15
21-04-2022,PMKVY 2.0,CSCM,STT,West Bengal,Howrah,12887,12180,11138,9651,6577
21-04-2022,PMKVY 2.0,CSSM,STT,West Bengal,Jalpaiguri,1049,1019,990,868,0
21-04-2022,PMKVY 2.0,CSCM,STT,West Bengal,Jalpaiguri,4968,4536,4278,3844,2650
21-04-2022,PMKVY 2.0,CSCM,STT,West Bengal,Kalimpong,180,180,146,132,92
21-04-2022,PMKVY 2.0,CSSM,STT,West Bengal,Kolkata,1113,1083,679,544,106
21-04-2022,PMKVY 2.0,CSCM,STT,West Bengal,Kolkata,9029,7976,6210,5107,2840
21-04-2022,PMKVY 2.0,CSSM,STT,West Bengal,Maldah,1344,1259,849,777,103
21-04-2022,PMKVY 2.0,CSCM,STT,West Bengal,Maldah,7713,7101,6525,5801,3847
21-04-2022,PMKVY 2.0,CSSM,STT,West Bengal,Medinipur East,840,840,476,399,0
21-04-2022,PMKVY 2.0,CSCM,STT,West Bengal,Medinipur East,7474,6186,5702,4964,3134
21-04-2022,PMKVY 2.0,CSCM,STT,West Bengal,Medinipur West,9201,8910,8164,7245,4244
21-04-2022,PMKVY 2.0,CSSM,STT,West Bengal,Medinipur West,2309,2306,2171,2038,384
21-04-2022,PMKVY 2.0,CSCM,STT,West Bengal,Murshidabad,10184,9893,9039,8005,3713
21-04-2022,PMKVY 2.0,CSSM,STT,West Bengal,Murshidabad,2912,2836,2374,2150,160
21-04-2022,PMKVY 2.0,CSSM,STT,West Bengal,Nadia,540,540,512,444,17
21-04-2022,PMKVY 2.0,CSCM,STT,West Bengal,Nadia,14078,13888,13128,11652,7466
21-04-2022,PMKVY 2.0,CSSM,STT,West Bengal,Paschim Bardhaman,1140,1134,1068,964,180
21-04-2022,PMKVY 2.0,CSCM,STT,West Bengal,Paschim Bardhaman,6925,6895,6625,5846,3531
21-04-2022,PMKVY 2.0,CSCM,STT,West Bengal,Purba Bardhaman,16378,15635,14159,12387,6617
21-04-2022,PMKVY 2.0,CSSM,STT,West Bengal,Purba Bardhaman,2718,2581,1965,1719,11
21-04-2022,PMKVY 2.0,CSSM,STT,West Bengal,Purulia,660,660,563,512,95
21-04-2022,PMKVY 2.0,CSCM,STT,West Bengal,Purulia,5527,5134,4645,3913,2518
21-04-2022,PMKVY 3.0,CSCM,RPL,West Bengal,24 Paraganas North,304,304,252,198,0
21-04-2022,PMKVY 3.0,CSCM,RPL,West Bengal,24 Paraganas South,379,379,235,218,0
21-04-2022,PMKVY 3.0,CSCM,RPL,West Bengal,Alipurduar,281,281,156,133,0
21-04-2022,PMKVY 3.0,CSCM,RPL,West Bengal,Bankura,5,5,1,1,0
21-04-2022,PMKVY 3.0,CSCM,RPL,West Bengal,Birbhum,269,269,192,117,0
21-04-2022,PMKVY 3.0,CSCM,RPL,West Bengal,Coochbehar,327,327,251,240,0
21-04-2022,PMKVY 3.0,CSCM,RPL,West Bengal,Darjeeling,301,301,204,181,0
21-04-2022,PMKVY 3.0,CSCM,RPL,West Bengal,Dinajpur Dakshin,77,77,64,37,0
21-04-2022,PMKVY 3.0,CSCM,RPL,West Bengal,Dinajpur Uttar,275,275,195,147,0
21-04-2022,PMKVY 3.0,CSCM,RPL,West Bengal,Hooghly,481,474,340,265,0
21-04-2022,PMKVY 3.0,CSCM,RPL,West Bengal,Howrah,303,303,162,74,0
21-04-2022,PMKVY 3.0,CSCM,RPL,West Bengal,Jalpaiguri,288,288,161,114,0
21-04-2022,PMKVY 3.0,CSCM,RPL,West Bengal,Jhargram,1,1,0,0,0
21-04-2022,PMKVY 3.0,CSCM,RPL,West Bengal,Kalimpong,97,97,0,0,0
21-04-2022,PMKVY 3.0,CSCM,RPL,West Bengal,Kolkata,1262,1243,726,604,0
21-04-2022,PMKVY 3.0,CSCM,RPL,West Bengal,Maldah,326,326,288,147,0
21-04-2022,PMKVY 3.0,CSCM,RPL,West Bengal,Medinipur East,252,252,248,236,0
21-04-2022,PMKVY 3.0,CSCM,RPL,West Bengal,Medinipur West,37,37,34,31,0
21-04-2022,PMKVY 3.0,CSCM,RPL,West Bengal,Murshidabad,97,97,66,21,0
21-04-2022,PMKVY 3.0,CSCM,RPL,West Bengal,Nadia,465,465,258,214,0
21-04-2022,PMKVY 3.0,CSCM,RPL,West Bengal,Paschim Bardhaman,308,308,137,113,0
21-04-2022,PMKVY 3.0,CSCM,RPL,West Bengal,Purba Bardhaman,334,334,273,253,0
21-04-2022,PMKVY 3.0,CSCM,RPL,West Bengal,Purulia,47,47,38,38,0
21-04-2022,PMKVY 3.0,CSCM,SP,West Bengal,24 Paraganas North,220,220,188,0,0
21-04-2022,PMKVY 3.0,CSCM,SP,West Bengal,24 Paraganas South,97,97,88,0,0
21-04-2022,PMKVY 3.0,CSCM,SP,West Bengal,Bankura,160,160,134,0,0
21-04-2022,PMKVY 3.0,CSCM,SP,West Bengal,Birbhum,400,400,349,88,0
21-04-2022,PMKVY 3.0,CSCM,SP,West Bengal,Coochbehar,148,148,129,33,0
21-04-2022,PMKVY 3.0,CSCM,SP,West Bengal,Darjeeling,119,119,118,12,0
21-04-2022,PMKVY 3.0,CSCM,SP,West Bengal,Dinajpur Uttar,100,100,89,26,0
21-04-2022,PMKVY 3.0,CSCM,SP,West Bengal,Hooghly,302,302,259,0,0
21-04-2022,PMKVY 3.0,CSCM,SP,West Bengal,Howrah,356,356,300,22,0
21-04-2022,PMKVY 3.0,CSCM,SP,West Bengal,Kolkata,334,334,314,18,0
21-04-2022,PMKVY 3.0,CSCM,SP,West Bengal,Maldah,295,285,263,61,0
21-04-2022,PMKVY 3.0,CSCM,SP,West Bengal,Medinipur East,360,360,320,80,0
21-04-2022,PMKVY 3.0,CSCM,SP,West Bengal,Medinipur West,300,258,237,43,0
21-04-2022,PMKVY 3.0,CSCM,SP,West Bengal,Murshidabad,180,180,144,0,0
21-04-2022,PMKVY 3.0,CSCM,SP,West Bengal,Paschim Bardhaman,80,80,59,0,0
21-04-2022,PMKVY 3.0,CSCM,SP,West Bengal,Purba Bardhaman,80,60,40,0,0
21-04-2022,PMKVY 3.0,CSCM,STT,West Bengal,24 Paraganas North,2402,1020,482,412,218
21-04-2022,PMKVY 3.0,CSSM,STT,West Bengal,24 Paraganas North,891,770,477,426,102
21-04-2022,PMKVY 3.0,CSCM,STT,West Bengal,24 Paraganas South,1139,390,291,201,75
21-04-2022,PMKVY 3.0,CSSM,STT,West Bengal,24 Paraganas South,195,193,151,123,0
21-04-2022,PMKVY 3.0,CSCM,STT,West Bengal,Alipurduar,290,120,87,70,49
21-04-2022,PMKVY 3.0,CSSM,STT,West Bengal,Alipurduar,354,354,285,233,0
21-04-2022,PMKVY 3.0,CSCM,STT,West Bengal,Bankura,336,200,192,147,34
21-04-2022,PMKVY 3.0,CSSM,STT,West Bengal,Bankura,210,60,56,53,0
21-04-2022,PMKVY 3.0,CSCM,STT,West Bengal,Birbhum,560,180,111,101,75
21-04-2022,PMKVY 3.0,CSSM,STT,West Bengal,Birbhum,404,314,0,0,0
21-04-2022,PMKVY 3.0,CSCM,STT,West Bengal,Coochbehar,640,210,146,130,70
21-04-2022,PMKVY 3.0,CSCM,STT,West Bengal,Darjeeling,677,200,84,77,51
21-04-2022,PMKVY 3.0,CSCM,STT,West Bengal,Dinajpur Dakshin,952,270,117,101,70
21-04-2022,PMKVY 3.0,CSSM,STT,West Bengal,Dinajpur Dakshin,30,30,0,0,0
21-04-2022,PMKVY 3.0,CSSM,STT,West Bengal,Dinajpur Uttar,120,90,84,84,6
21-04-2022,PMKVY 3.0,CSCM,STT,West Bengal,Dinajpur Uttar,550,210,98,95,74
21-04-2022,PMKVY 3.0,CSCM,STT,West Bengal,Hooghly,1691,750,396,349,64
21-04-2022,PMKVY 3.0,CSSM,STT,West Bengal,Hooghly,150,120,90,83,0
21-04-2022,PMKVY 3.0,CSCM,STT,West Bengal,Howrah,630,360,212,156,45
21-04-2022,PMKVY 3.0,CSSM,STT,West Bengal,Howrah,45,22,0,0,0
21-04-2022,PMKVY 3.0,CSCM,STT,West Bengal,Jalpaiguri,120,120,89,82,55
21-04-2022,PMKVY 3.0,CSSM,STT,West Bengal,Jalpaiguri,105,105,81,78,0
21-04-2022,PMKVY 3.0,CSCM,STT,West Bengal,Jhargram,229,0,0,0,0
21-04-2022,PMKVY 3.0,CSCM,STT,West Bengal,Kolkata,1588,714,253,160,105
21-04-2022,PMKVY 3.0,CSSM,STT,West Bengal,Kolkata,30,30,0,0,0
21-04-2022,PMKVY 3.0,CSSM,STT,West Bengal,Maldah,163,163,0,0,0
21-04-2022,PMKVY 3.0,CSCM,STT,West Bengal,Maldah,762,330,203,188,106
21-04-2022,PMKVY 3.0,CSCM,STT,West Bengal,Medinipur East,1160,520,479,342,159
21-04-2022,PMKVY 3.0,CSSM,STT,West Bengal,Medinipur East,60,60,0,0,0
21-04-2022,PMKVY 3.0,CSSM,STT,West Bengal,Medinipur West,165,90,70,56,0
21-04-2022,PMKVY 3.0,CSCM,STT,West Bengal,Medinipur West,1344,280,266,241,89
21-04-2022,PMKVY 3.0,CSCM,STT,West Bengal,Murshidabad,633,240,187,177,24
21-04-2022,PMKVY 3.0,CSSM,STT,West Bengal,Murshidabad,25,25,14,12,0
21-04-2022,PMKVY 3.0,CSSM,STT,West Bengal,Nadia,30,30,24,15,0
21-04-2022,PMKVY 3.0,CSCM,STT,West Bengal,Nadia,844,480,319,288,122
21-04-2022,PMKVY 3.0,CSCM,STT,West Bengal,Paschim Bardhaman,510,210,139,87,0
21-04-2022,PMKVY 3.0,CSCM,STT,West Bengal,Purba Bardhaman,990,370,175,159,16
21-04-2022,PMKVY 3.0,CSSM,STT,West Bengal,Purba Bardhaman,285,285,162,151,0
21-04-2022,PMKVY 3.0,CSCM,STT,West Bengal,Purulia,428,200,93,58,21
21-04-2022,PMKVY 3.0,CSSM,STT,West Bengal,Purulia,60,60,0,0,0
